[03февр.2026 23:09:39.332] [main/INFO] [cpw.mods.modlauncher.Launcher/MODLAUNCHER]: ModLauncher running: args [--launchTarget, forgeclientuserdev, --version, MOD_DEV, --assetIndex, 5, --assetsDir, C:\Users\Елена\.gradle\caches\forge_gradle\assets, --gameDir, ., --fml.forgeVersion, 47.4.13, --fml.mcVersion, 1.20.1, --fml.forgeGroup, net.minecraftforge, --fml.mcpVersion, 20230612.114412, --mixin.config, eidolon_origins.mixins.json]
[03февр.2026 23:09:39.336] [main/INFO] [cpw.mods.modlauncher.Launcher/MODLAUNCHER]: ModLauncher 10.0.9+10.0.9+main.dcd20f30 starting: java version 17.0.17 by Alibaba; OS Windows 10 arch amd64 version 10.0
[03февр.2026 23:09:39.358] [main/DEBUG] [cpw.mods.modlauncher.LaunchServiceHandler/MODLAUNCHER]: Found launch services [fmlclientdev,forgeclient,minecraft,forgegametestserverdev,fmlserveruserdev,fmlclient,fmldatauserdev,forgeserverdev,forgeserveruserdev,forgeclientdev,forgeclientuserdev,forgeserver,forgedatadev,fmlserver,fmlclientuserdev,fmlserverdev,forgedatauserdev,testharness,forgegametestserveruserdev]
[03февр.2026 23:09:39.370] [main/DEBUG] [cpw.mods.modlauncher.NameMappingServiceHandler/MODLAUNCHER]: Found naming services : [srgtomcp]
[03февр.2026 23:09:39.383] [main/DEBUG] [cpw.mods.modlauncher.LaunchPluginHandler/MODLAUNCHER]: Found launch plugins: [mixin,eventbus,slf4jfixer,object_holder_definalize,runtime_enum_extender,capability_token_subclass,accesstransformer,runtimedistcleaner]
[03февр.2026 23:09:39.394] [main/DEBUG] [cpw.mods.modlauncher.TransformationServicesHandler/MODLAUNCHER]: Discovering transformation services
[03февр.2026 23:09:39.398] [main/DEBUG] [net.minecraftforge.fml.loading.FMLPaths/CORE]: Path GAMEDIR is C:\Users\Елена\IdeaProjects\eidolon_origins\run
[03февр.2026 23:09:39.399] [main/DEBUG] [net.minecraftforge.fml.loading.FMLPaths/CORE]: Path MODSDIR is C:\Users\Елена\IdeaProjects\eidolon_origins\run\mods
[03февр.2026 23:09:39.399] [main/DEBUG] [net.minecraftforge.fml.loading.FMLPaths/CORE]: Path CONFIGDIR is C:\Users\Елена\IdeaProjects\eidolon_origins\run\config
[03февр.2026 23:09:39.399] [main/DEBUG] [net.minecraftforge.fml.loading.FMLPaths/CORE]: Path FMLCONFIG is C:\Users\Елена\IdeaProjects\eidolon_origins\run\config\fml.toml
[03февр.2026 23:09:39.434] [main/DEBUG] [cpw.mods.modlauncher.TransformationServicesHandler/MODLAUNCHER]: Found additional transformation services from discovery services: 
[03февр.2026 23:09:39.439] [main/INFO] [net.minecraftforge.fml.loading.ImmediateWindowHandler/]: Loading ImmediateWindowProvider fmlearlywindow
[03февр.2026 23:09:39.512] [main/INFO] [EARLYDISPLAY/]: Trying GL version 4.6
[03февр.2026 23:09:39.787] [main/INFO] [EARLYDISPLAY/]: Requested GL version 4.6 got version 4.6
[03февр.2026 23:09:39.836] [main/DEBUG] [cpw.mods.modlauncher.TransformationServicesHandler/MODLAUNCHER]: Found transformer services : [mixin,fml]
[03февр.2026 23:09:39.836] [main/DEBUG] [cpw.mods.modlauncher.TransformationServicesHandler/MODLAUNCHER]: Transformation services loading
[03февр.2026 23:09:39.837] [main/DEBUG] [cpw.mods.modlauncher.TransformationServiceDecorator/MODLAUNCHER]: Loading service mixin
[03февр.2026 23:09:39.838] [main/DEBUG] [cpw.mods.modlauncher.TransformationServiceDecorator/MODLAUNCHER]: Loaded service mixin
[03февр.2026 23:09:39.839] [main/DEBUG] [cpw.mods.modlauncher.TransformationServiceDecorator/MODLAUNCHER]: Loading service fml
[03февр.2026 23:09:39.840] [main/DEBUG] [net.minecraftforge.fml.loading.LauncherVersion/CORE]: Found FMLLauncher version 1.0
[03февр.2026 23:09:39.840] [main/DEBUG] [net.minecraftforge.fml.loading.FMLLoader/CORE]: FML 1.0 loading
[03февр.2026 23:09:39.841] [main/DEBUG] [net.minecraftforge.fml.loading.FMLLoader/CORE]: FML found ModLauncher version : 10.0.9+10.0.9+main.dcd20f30
[03февр.2026 23:09:39.841] [main/DEBUG] [net.minecraftforge.fml.loading.FMLLoader/CORE]: Requesting CoreMods to not apply the fix for ASMAPI.findFirstInstructionBefore by default
[03февр.2026 23:09:39.842] [main/DEBUG] [net.minecraftforge.fml.loading.FMLLoader/CORE]: FML found AccessTransformer version : 8.0.4+66+master.c09db6d7
[03февр.2026 23:09:39.843] [main/DEBUG] [net.minecraftforge.fml.loading.FMLLoader/CORE]: FML found EventBus version : 6.0.5+6.0.5+master.eb8e549b
[03февр.2026 23:09:39.844] [main/DEBUG] [net.minecraftforge.fml.loading.FMLLoader/CORE]: Found Runtime Dist Cleaner
[03февр.2026 23:09:39.846] [main/DEBUG] [net.minecraftforge.coremod.CoreModEngine/]: CoreMods will preserve legacy behavior of ASMAPI.findFirstInstructionBefore for backwards-compatibility
[03февр.2026 23:09:39.847] [main/DEBUG] [net.minecraftforge.fml.loading.FMLLoader/CORE]: FML found CoreMod version : 5.2.4
[03февр.2026 23:09:39.848] [main/DEBUG] [net.minecraftforge.fml.loading.FMLLoader/CORE]: Found ForgeSPI package implementation version 7.0.1+7.0.1+master.d2b38bf6
[03февр.2026 23:09:39.848] [main/DEBUG] [net.minecraftforge.fml.loading.FMLLoader/CORE]: Found ForgeSPI package specification 5
[03февр.2026 23:09:39.848] [main/DEBUG] [cpw.mods.modlauncher.TransformationServiceDecorator/MODLAUNCHER]: Loaded service fml
[03февр.2026 23:09:39.849] [main/DEBUG] [cpw.mods.modlauncher.TransformationServicesHandler/MODLAUNCHER]: Configuring option handling for services
[03февр.2026 23:09:39.856] [main/DEBUG] [cpw.mods.modlauncher.TransformationServicesHandler/MODLAUNCHER]: Transformation services initializing
[03февр.2026 23:09:39.857] [main/DEBUG] [cpw.mods.modlauncher.TransformationServiceDecorator/MODLAUNCHER]: Initializing transformation service mixin
[03февр.2026 23:09:39.873] [main/DEBUG] [mixin/]: MixinService [ModLauncher] was successfully booted in cpw.mods.cl.ModuleClassLoader@6580cfdd
[03февр.2026 23:09:39.892] [main/INFO] [mixin/]: SpongePowered MIXIN Subsystem Version=0.8.5 Source=union:/C:/Users/Елена/.gradle/caches/modules-2/files-2.1/org.spongepowered/mixin/0.8.5/9d1c0c3a304ae6697ecd477218fa61b850bf57fc/mixin-0.8.5.jar%23128!/ Service=ModLauncher Env=CLIENT
[03февр.2026 23:09:39.898] [main/DEBUG] [mixin/]: Initialising Mixin Platform Manager
[03февр.2026 23:09:39.898] [main/DEBUG] [mixin/]: Adding mixin platform agents for container ModLauncher Root Container(ModLauncher:4f56a0a2)
[03февр.2026 23:09:39.900] [main/DEBUG] [mixin/]: Instancing new MixinPlatformAgentMinecraftForge for ModLauncher Root Container(ModLauncher:4f56a0a2)
[03февр.2026 23:09:39.901] [main/DEBUG] [mixin/]: MixinPlatformAgentMinecraftForge rejected container ModLauncher Root Container(ModLauncher:4f56a0a2)
[03февр.2026 23:09:39.902] [main/DEBUG] [mixin/]: Instancing new MixinPlatformAgentDefault for ModLauncher Root Container(ModLauncher:4f56a0a2)
[03февр.2026 23:09:39.902] [main/DEBUG] [mixin/]: MixinPlatformAgentDefault accepted container ModLauncher Root Container(ModLauncher:4f56a0a2)
[03февр.2026 23:09:39.907] [main/DEBUG] [cpw.mods.modlauncher.TransformationServiceDecorator/MODLAUNCHER]: Initialized transformation service mixin
[03февр.2026 23:09:39.907] [main/DEBUG] [cpw.mods.modlauncher.TransformationServiceDecorator/MODLAUNCHER]: Initializing transformation service fml
[03февр.2026 23:09:39.907] [main/DEBUG] [net.minecraftforge.fml.loading.FMLServiceProvider/CORE]: Setting up basic FML game directories
[03февр.2026 23:09:39.908] [main/DEBUG] [net.minecraftforge.fml.loading.FMLPaths/CORE]: Path GAMEDIR is C:\Users\Елена\IdeaProjects\eidolon_origins\run
[03февр.2026 23:09:39.909] [main/DEBUG] [net.minecraftforge.fml.loading.FMLPaths/CORE]: Path MODSDIR is C:\Users\Елена\IdeaProjects\eidolon_origins\run\mods
[03февр.2026 23:09:39.909] [main/DEBUG] [net.minecraftforge.fml.loading.FMLPaths/CORE]: Path CONFIGDIR is C:\Users\Елена\IdeaProjects\eidolon_origins\run\config
[03февр.2026 23:09:39.910] [main/DEBUG] [net.minecraftforge.fml.loading.FMLPaths/CORE]: Path FMLCONFIG is C:\Users\Елена\IdeaProjects\eidolon_origins\run\config\fml.toml
[03февр.2026 23:09:39.910] [main/DEBUG] [net.minecraftforge.fml.loading.FMLServiceProvider/CORE]: Loading configuration
[03февр.2026 23:09:39.915] [main/DEBUG] [net.minecraftforge.fml.loading.FMLServiceProvider/CORE]: Preparing ModFile
[03февр.2026 23:09:39.921] [main/DEBUG] [net.minecraftforge.fml.loading.FMLServiceProvider/CORE]: Preparing launch handler
[03февр.2026 23:09:39.922] [main/DEBUG] [net.minecraftforge.fml.loading.FMLLoader/CORE]: Using forgeclientuserdev as launch service
[03февр.2026 23:09:39.934] [main/DEBUG] [net.minecraftforge.fml.loading.FMLLoader/CORE]: Received command line version data  : VersionInfo[forgeVersion=47.4.13, mcVersion=1.20.1, mcpVersion=20230612.114412, forgeGroup=net.minecraftforge]
[03февр.2026 23:09:39.936] [main/DEBUG] [cpw.mods.modlauncher.TransformationServiceDecorator/MODLAUNCHER]: Initialized transformation service fml
[03февр.2026 23:09:39.936] [main/DEBUG] [cpw.mods.modlauncher.NameMappingServiceHandler/MODLAUNCHER]: Current naming domain is 'mcp'
[03февр.2026 23:09:39.937] [main/DEBUG] [cpw.mods.modlauncher.NameMappingServiceHandler/MODLAUNCHER]: Identified name mapping providers {srg=srgtomcp:1234}
[03февр.2026 23:09:39.937] [main/DEBUG] [cpw.mods.modlauncher.TransformationServicesHandler/MODLAUNCHER]: Transformation services begin scanning
[03февр.2026 23:09:39.938] [main/DEBUG] [cpw.mods.modlauncher.TransformationServiceDecorator/MODLAUNCHER]: Beginning scan trigger - transformation service mixin
[03февр.2026 23:09:39.938] [pool-2-thread-1/INFO] [EARLYDISPLAY/]: GL info: NVIDIA GeForce RTX 2060/PCIe/SSE2 GL version 4.6.0 NVIDIA 572.83, NVIDIA Corporation
[03февр.2026 23:09:39.938] [main/DEBUG] [cpw.mods.modlauncher.TransformationServiceDecorator/MODLAUNCHER]: End scan trigger - transformation service mixin
[03февр.2026 23:09:39.939] [main/DEBUG] [cpw.mods.modlauncher.TransformationServiceDecorator/MODLAUNCHER]: Beginning scan trigger - transformation service fml
[03февр.2026 23:09:39.939] [main/DEBUG] [net.minecraftforge.fml.loading.FMLServiceProvider/CORE]: Initiating mod scan
[03февр.2026 23:09:39.950] [main/DEBUG] [net.minecraftforge.fml.loading.moddiscovery.ModListHandler/CORE]: Found mod coordinates from lists: []
[03февр.2026 23:09:39.964] [main/DEBUG] [net.minecraftforge.fml.loading.moddiscovery.ModDiscoverer/CORE]: Found Mod Locators : (mods folder:null),(maven libs:null),(exploded directory:null),(minecraft:null),(userdev classpath:null)
[03февр.2026 23:09:39.964] [main/DEBUG] [net.minecraftforge.fml.loading.moddiscovery.ModDiscoverer/CORE]: Found Dependency Locators : (JarInJar:null)
[03февр.2026 23:09:39.972] [main/DEBUG] [net.minecraftforge.fml.loading.targets.CommonLaunchHandler/CORE]: Got mod coordinates eidolon_origins%%C:\Users\Елена\IdeaProjects\eidolon_origins\build\resources\main;eidolon_origins%%C:\Users\Елена\IdeaProjects\eidolon_origins\build\classes\java\main from env
[03февр.2026 23:09:39.973] [main/DEBUG] [net.minecraftforge.fml.loading.targets.CommonLaunchHandler/CORE]: Found supplied mod coordinates [{eidolon_origins=[C:\Users\Елена\IdeaProjects\eidolon_origins\build\resources\main, C:\Users\Елена\IdeaProjects\eidolon_origins\build\classes\java\main]}]
[03февр.2026 23:09:40.269] [main/DEBUG] [net.minecraftforge.fml.loading.moddiscovery.ModFileInfo/LOADING]: Found valid mod file forge-1.20.1-47.4.13_mapped_official_1.20.1.jar with {minecraft} mods - versions {1.20.1}
[03февр.2026 23:09:40.274] [main/DEBUG] [net.minecraftforge.fml.loading.moddiscovery.ModFileParser/LOADING]: Considering mod file candidate C:\Users\Елена\.gradle\caches\modules-2\files-2.1\net.minecraftforge\javafmllanguage\1.20.1-47.4.13\cf01e2179f72bd2829c65f5226d7dd0cfb6c686\javafmllanguage-1.20.1-47.4.13.jar
[03февр.2026 23:09:40.274] [main/WARN] [net.minecraftforge.fml.loading.moddiscovery.ModFileParser/LOADING]: Mod file C:\Users\Елена\.gradle\caches\modules-2\files-2.1\net.minecraftforge\javafmllanguage\1.20.1-47.4.13\cf01e2179f72bd2829c65f5226d7dd0cfb6c686\javafmllanguage-1.20.1-47.4.13.jar is missing mods.toml file
[03февр.2026 23:09:40.278] [main/DEBUG] [net.minecraftforge.fml.loading.moddiscovery.ModFileParser/LOADING]: Considering mod file candidate C:\Users\Елена\.gradle\caches\modules-2\files-2.1\net.minecraftforge\lowcodelanguage\1.20.1-47.4.13\e3f96129ea14eba84316f2d69816253e228e6e4c\lowcodelanguage-1.20.1-47.4.13.jar
[03февр.2026 23:09:40.279] [main/WARN] [net.minecraftforge.fml.loading.moddiscovery.ModFileParser/LOADING]: Mod file C:\Users\Елена\.gradle\caches\modules-2\files-2.1\net.minecraftforge\lowcodelanguage\1.20.1-47.4.13\e3f96129ea14eba84316f2d69816253e228e6e4c\lowcodelanguage-1.20.1-47.4.13.jar is missing mods.toml file
[03февр.2026 23:09:40.282] [main/DEBUG] [net.minecraftforge.fml.loading.moddiscovery.ModFileParser/LOADING]: Considering mod file candidate C:\Users\Елена\.gradle\caches\modules-2\files-2.1\net.minecraftforge\mclanguage\1.20.1-47.4.13\85796906112d9b621a7b2996f8bfda49da991ef0\mclanguage-1.20.1-47.4.13.jar
[03февр.2026 23:09:40.283] [main/WARN] [net.minecraftforge.fml.loading.moddiscovery.ModFileParser/LOADING]: Mod file C:\Users\Елена\.gradle\caches\modules-2\files-2.1\net.minecraftforge\mclanguage\1.20.1-47.4.13\85796906112d9b621a7b2996f8bfda49da991ef0\mclanguage-1.20.1-47.4.13.jar is missing mods.toml file
[03февр.2026 23:09:40.286] [main/DEBUG] [net.minecraftforge.fml.loading.moddiscovery.ModFileParser/LOADING]: Considering mod file candidate C:\Users\Елена\.gradle\caches\modules-2\files-2.1\net.minecraftforge\fmlcore\1.20.1-47.4.13\f77e3021d1eb31d61f8d1b92d18ed4fb3c2806e5\fmlcore-1.20.1-47.4.13.jar
[03февр.2026 23:09:40.287] [main/WARN] [net.minecraftforge.fml.loading.moddiscovery.ModFileParser/LOADING]: Mod file C:\Users\Елена\.gradle\caches\modules-2\files-2.1\net.minecraftforge\fmlcore\1.20.1-47.4.13\f77e3021d1eb31d61f8d1b92d18ed4fb3c2806e5\fmlcore-1.20.1-47.4.13.jar is missing mods.toml file
[03февр.2026 23:09:40.290] [main/DEBUG] [net.minecraftforge.fml.loading.moddiscovery.ModFileParser/LOADING]: Considering mod file candidate C:\Users\Елена\IdeaProjects\eidolon_origins\build\resources\main
[03февр.2026 23:09:40.295] [main/DEBUG] [net.minecraftforge.fml.loading.moddiscovery.ModFileInfo/LOADING]: Found valid mod file main with {eidolon_origins} mods - versions {1.0}
[03февр.2026 23:09:40.296] [main/DEBUG] [net.minecraftforge.fml.loading.moddiscovery.ModFileParser/LOADING]: Considering mod file candidate /
[03февр.2026 23:09:40.299] [main/DEBUG] [net.minecraftforge.fml.loading.moddiscovery.ModFileInfo/LOADING]: Found valid mod file  with {forge} mods - versions {47.4.13}
[03февр.2026 23:09:40.345] [main/DEBUG] [net.minecraftforge.fml.loading.moddiscovery.ModFileParser/LOADING]: Considering mod file candidate C:\Users\Елена\.gradle\caches\forge_gradle\deobf_dependencies\lib\curios-forge\5.14.1+1.20.1_mapped_official_1.20.1\curios-forge-5.14.1+1.20.1_mapped_official_1.20.1.jar
[03февр.2026 23:09:40.348] [main/DEBUG] [net.minecraftforge.fml.loading.moddiscovery.ModFileInfo/LOADING]: Found valid mod file curios-forge-5.14.1+1.20.1_mapped_official_1.20.1.jar with {curios} mods - versions {5.14.1+1.20.1}
[03февр.2026 23:09:40.353] [main/DEBUG] [net.minecraftforge.fml.loading.moddiscovery.ModFileParser/LOADING]: Considering mod file candidate C:\Users\Елена\.gradle\caches\forge_gradle\deobf_dependencies\lib\eidolon_repraised-1.20.1\0.3.9.6_mapped_official_1.20.1\eidolon_repraised-1.20.1-0.3.9.6_mapped_official_1.20.1.jar
[03февр.2026 23:09:40.354] [main/DEBUG] [net.minecraftforge.fml.loading.moddiscovery.ModFileInfo/LOADING]: Found valid mod file eidolon_repraised-1.20.1-0.3.9.6_mapped_official_1.20.1.jar with {eidolon} mods - versions {0.3.9.6}
[03февр.2026 23:09:40.357] [main/DEBUG] [net.minecraftforge.fml.loading.moddiscovery.ModFileParser/LOADING]: Considering mod file candidate C:\Users\Елена\.gradle\caches\forge_gradle\deobf_dependencies\curse\maven\origins-forge-474438\5314209_mapped_official_1.20.1\origins-forge-474438-5314209_mapped_official_1.20.1.jar
[03февр.2026 23:09:40.359] [main/DEBUG] [net.minecraftforge.fml.loading.moddiscovery.ModFileInfo/LOADING]: Found valid mod file origins-forge-474438-5314209_mapped_official_1.20.1.jar with {origins} mods - versions {1.20.1-1.10.0.9}
[03февр.2026 23:09:40.362] [main/DEBUG] [net.minecraftforge.fml.loading.moddiscovery.ModFileParser/LOADING]: Considering mod file candidate C:\Users\Елена\.gradle\caches\forge_gradle\deobf_dependencies\curse\maven\caelus-308989\5281700_mapped_official_1.20.1\caelus-308989-5281700_mapped_official_1.20.1.jar
[03февр.2026 23:09:40.363] [main/DEBUG] [net.minecraftforge.fml.loading.moddiscovery.ModFileInfo/LOADING]: Found valid mod file caelus-308989-5281700_mapped_official_1.20.1.jar with {caelus} mods - versions {3.2.0+1.20.1}
[03февр.2026 23:09:40.367] [main/DEBUG] [net.minecraftforge.fml.loading.moddiscovery.ModFileParser/LOADING]: Considering mod file candidate C:\Users\Елена\.gradle\caches\forge_gradle\deobf_dependencies\curse\maven\fluffy-fur-1097456\7361893_mapped_official_1.20.1\fluffy-fur-1097456-7361893_mapped_official_1.20.1.jar
[03февр.2026 23:09:40.368] [main/DEBUG] [net.minecraftforge.fml.loading.moddiscovery.ModFileInfo/LOADING]: Found valid mod file fluffy-fur-1097456-7361893_mapped_official_1.20.1.jar with {fluffy_fur} mods - versions {1.20.1-0.2.4}
[03февр.2026 23:09:40.370] [main/DEBUG] [net.minecraftforge.fml.loading.moddiscovery.ModFileParser/LOADING]: Considering mod file candidate C:\Users\Елена\.gradle\caches\forge_gradle\deobf_dependencies\lib\curios-forge\5.14.1+1.20.1_mapped_official_1.20.1\curios-forge-5.14.1+1.20.1_mapped_official_1.20.1.jar
[03февр.2026 23:09:40.371] [main/DEBUG] [net.minecraftforge.fml.loading.moddiscovery.ModFileInfo/LOADING]: Found valid mod file curios-forge-5.14.1+1.20.1_mapped_official_1.20.1.jar with {curios} mods - versions {5.14.1+1.20.1}
[03февр.2026 23:09:40.376] [main/DEBUG] [net.minecraftforge.fml.loading.moddiscovery.ModFileParser/LOADING]: Considering mod file candidate C:\Users\Елена\.gradle\caches\forge_gradle\deobf_dependencies\lib\eidolon_repraised-1.20.1\0.3.9.6_mapped_official_1.20.1\eidolon_repraised-1.20.1-0.3.9.6_mapped_official_1.20.1.jar
[03февр.2026 23:09:40.377] [main/DEBUG] [net.minecraftforge.fml.loading.moddiscovery.ModFileInfo/LOADING]: Found valid mod file eidolon_repraised-1.20.1-0.3.9.6_mapped_official_1.20.1.jar with {eidolon} mods - versions {0.3.9.6}
[03февр.2026 23:09:40.380] [main/DEBUG] [net.minecraftforge.fml.loading.moddiscovery.ModFileParser/LOADING]: Considering mod file candidate C:\Users\Елена\.gradle\caches\forge_gradle\deobf_dependencies\curse\maven\origins-forge-474438\5314209_mapped_official_1.20.1\origins-forge-474438-5314209_mapped_official_1.20.1.jar
[03февр.2026 23:09:40.381] [main/DEBUG] [net.minecraftforge.fml.loading.moddiscovery.ModFileInfo/LOADING]: Found valid mod file origins-forge-474438-5314209_mapped_official_1.20.1.jar with {origins} mods - versions {1.20.1-1.10.0.9}
[03февр.2026 23:09:40.384] [main/DEBUG] [net.minecraftforge.fml.loading.moddiscovery.ModFileParser/LOADING]: Considering mod file candidate C:\Users\Елена\.gradle\caches\forge_gradle\deobf_dependencies\curse\maven\caelus-308989\5281700_mapped_official_1.20.1\caelus-308989-5281700_mapped_official_1.20.1.jar
[03февр.2026 23:09:40.385] [main/DEBUG] [net.minecraftforge.fml.loading.moddiscovery.ModFileInfo/LOADING]: Found valid mod file caelus-308989-5281700_mapped_official_1.20.1.jar with {caelus} mods - versions {3.2.0+1.20.1}
[03февр.2026 23:09:40.390] [main/DEBUG] [net.minecraftforge.fml.loading.moddiscovery.ModFileParser/LOADING]: Considering mod file candidate C:\Users\Елена\.gradle\caches\forge_gradle\deobf_dependencies\curse\maven\fluffy-fur-1097456\7361893_mapped_official_1.20.1\fluffy-fur-1097456-7361893_mapped_official_1.20.1.jar
[03февр.2026 23:09:40.392] [main/DEBUG] [net.minecraftforge.fml.loading.moddiscovery.ModFileInfo/LOADING]: Found valid mod file fluffy-fur-1097456-7361893_mapped_official_1.20.1.jar with {fluffy_fur} mods - versions {1.20.1-0.2.4}
[03февр.2026 23:09:40.398] [main/DEBUG] [net.minecraftforge.fml.loading.UniqueModListBuilder/]: Found 2 mods for first modid fluffy_fur, selecting most recent based on version data
[03февр.2026 23:09:40.399] [main/DEBUG] [net.minecraftforge.fml.loading.UniqueModListBuilder/]: Selected file fluffy-fur-1097456-7361893_mapped_official_1.20.1.jar for modid fluffy_fur with version 1.20.1-0.2.4
[03февр.2026 23:09:40.399] [main/DEBUG] [net.minecraftforge.fml.loading.UniqueModListBuilder/]: Found 2 mods for first modid caelus, selecting most recent based on version data
[03февр.2026 23:09:40.399] [main/DEBUG] [net.minecraftforge.fml.loading.UniqueModListBuilder/]: Selected file caelus-308989-5281700_mapped_official_1.20.1.jar for modid caelus with version 3.2.0+1.20.1
[03февр.2026 23:09:40.399] [main/DEBUG] [net.minecraftforge.fml.loading.UniqueModListBuilder/]: Found 2 mods for first modid curios, selecting most recent based on version data
[03февр.2026 23:09:40.399] [main/DEBUG] [net.minecraftforge.fml.loading.UniqueModListBuilder/]: Selected file curios-forge-5.14.1+1.20.1_mapped_official_1.20.1.jar for modid curios with version 5.14.1+1.20.1
[03февр.2026 23:09:40.399] [main/DEBUG] [net.minecraftforge.fml.loading.UniqueModListBuilder/]: Found 2 mods for first modid origins, selecting most recent based on version data
[03февр.2026 23:09:40.400] [main/DEBUG] [net.minecraftforge.fml.loading.UniqueModListBuilder/]: Selected file origins-forge-474438-5314209_mapped_official_1.20.1.jar for modid origins with version 1.20.1-1.10.0.9
[03февр.2026 23:09:40.400] [main/DEBUG] [net.minecraftforge.fml.loading.UniqueModListBuilder/]: Found 2 mods for first modid eidolon, selecting most recent based on version data
[03февр.2026 23:09:40.400] [main/DEBUG] [net.minecraftforge.fml.loading.UniqueModListBuilder/]: Selected file eidolon_repraised-1.20.1-0.3.9.6_mapped_official_1.20.1.jar for modid eidolon with version 0.3.9.6
[03февр.2026 23:09:40.406] [main/DEBUG] [net.minecraftforge.fml.loading.moddiscovery.AbstractJarFileDependencyLocator/]: Failed to load resource META-INF\jarjar\metadata.json from forge-1.20.1-47.4.13_mapped_official_1.20.1.jar, it does not contain dependency information.
[03февр.2026 23:09:40.406] [main/DEBUG] [net.minecraftforge.fml.loading.moddiscovery.AbstractJarFileDependencyLocator/]: Failed to load resource META-INF\jarjar\metadata.json from fluffy-fur-1097456-7361893_mapped_official_1.20.1.jar, it does not contain dependency information.
[03февр.2026 23:09:40.406] [main/DEBUG] [net.minecraftforge.fml.loading.moddiscovery.AbstractJarFileDependencyLocator/]: Failed to load resource META-INF\jarjar\metadata.json from caelus-308989-5281700_mapped_official_1.20.1.jar, it does not contain dependency information.
[03февр.2026 23:09:40.406] [main/DEBUG] [net.minecraftforge.fml.loading.moddiscovery.AbstractJarFileDependencyLocator/]: Failed to load resource META-INF\jarjar\metadata.json from , it does not contain dependency information.
[03февр.2026 23:09:40.407] [main/DEBUG] [net.minecraftforge.fml.loading.moddiscovery.AbstractJarFileDependencyLocator/]: Failed to load resource META-INF\jarjar\metadata.json from main, it does not contain dependency information.
[03февр.2026 23:09:40.407] [main/DEBUG] [net.minecraftforge.fml.loading.moddiscovery.AbstractJarFileDependencyLocator/]: Failed to load resource META-INF\jarjar\metadata.json from curios-forge-5.14.1+1.20.1_mapped_official_1.20.1.jar, it does not contain dependency information.
[03февр.2026 23:09:40.408] [main/DEBUG] [net.minecraftforge.fml.loading.moddiscovery.AbstractJarFileDependencyLocator/]: Failed to load resource META-INF\jarjar\metadata.json from eidolon_repraised-1.20.1-0.3.9.6_mapped_official_1.20.1.jar, it does not contain dependency information.
[03февр.2026 23:09:40.408] [main/DEBUG] [net.minecraftforge.fml.loading.moddiscovery.AbstractJarFileDependencyLocator/]: Failed to load resource META-INF\jarjar\metadata.json from mclanguage-1.20.1-47.4.13.jar, it does not contain dependency information.
[03февр.2026 23:09:40.408] [main/DEBUG] [net.minecraftforge.fml.loading.moddiscovery.AbstractJarFileDependencyLocator/]: Failed to load resource META-INF\jarjar\metadata.json from javafmllanguage-1.20.1-47.4.13.jar, it does not contain dependency information.
[03февр.2026 23:09:40.408] [main/DEBUG] [net.minecraftforge.fml.loading.moddiscovery.AbstractJarFileDependencyLocator/]: Failed to load resource META-INF\jarjar\metadata.json from fmlcore-1.20.1-47.4.13.jar, it does not contain dependency information.
[03февр.2026 23:09:40.408] [main/DEBUG] [net.minecraftforge.fml.loading.moddiscovery.AbstractJarFileDependencyLocator/]: Failed to load resource META-INF\jarjar\metadata.json from lowcodelanguage-1.20.1-47.4.13.jar, it does not contain dependency information.
[03февр.2026 23:09:40.480] [main/DEBUG] [net.minecraftforge.fml.loading.moddiscovery.ModFileParser/LOADING]: Considering mod file candidate 
[03февр.2026 23:09:40.482] [main/DEBUG] [net.minecraftforge.fml.loading.moddiscovery.ModFileInfo/LOADING]: Found valid mod file additionalentityattributes-forge-1.4.0.5+1.20.1.jar with {additionalentityattributes} mods - versions {1.4.0.5+1.20.1}
[03февр.2026 23:09:40.490] [main/DEBUG] [net.minecraftforge.fml.loading.moddiscovery.ModFileParser/LOADING]: Considering mod file candidate 
[03февр.2026 23:09:40.491] [main/DEBUG] [net.minecraftforge.fml.loading.moddiscovery.ModFileInfo/LOADING]: Found valid mod file calio-forge-1.20.1-1.11.0.5.jar with {calio} mods - versions {1.20.1-1.11.0.5}
[03февр.2026 23:09:40.519] [main/DEBUG] [net.minecraftforge.fml.loading.moddiscovery.ModFileParser/LOADING]: Considering mod file candidate 
[03февр.2026 23:09:40.520] [main/DEBUG] [net.minecraftforge.fml.loading.moddiscovery.ModFileInfo/LOADING]: Found valid mod file apoli-forge-1.20.1-2.9.0.8.jar with {apoli} mods - versions {1.20.1-2.9.0.8}
[03февр.2026 23:09:40.523] [main/DEBUG] [net.minecraftforge.fml.loading.moddiscovery.ModFileParser/LOADING]: Considering mod file candidate 
[03февр.2026 23:09:40.523] [main/DEBUG] [net.minecraftforge.fml.loading.moddiscovery.ModFileInfo/LOADING]: Found valid mod file mixinextras-forge-0.2.0-beta.8.jar with {mixinextras} mods - versions {0.2.0-beta.8}
[03февр.2026 23:09:40.523] [main/DEBUG] [net.minecraftforge.fml.loading.moddiscovery.AbstractJarFileDependencyLocator/]: Failed to load resource META-INF\jarjar\metadata.json from calio-forge-1.20.1-1.11.0.5.jar, it does not contain dependency information.
[03февр.2026 23:09:40.524] [main/DEBUG] [net.minecraftforge.fml.loading.moddiscovery.AbstractJarFileDependencyLocator/]: Failed to load resource META-INF\jarjar\metadata.json from apoli-forge-1.20.1-2.9.0.8.jar, it does not contain dependency information.
[03февр.2026 23:09:40.529] [main/DEBUG] [net.minecraftforge.fml.loading.moddiscovery.AbstractJarFileDependencyLocator/]: Failed to load resource META-INF\jarjar\metadata.json from MixinExtras-0.2.0-beta.8.jar, it does not contain dependency information.
[03февр.2026 23:09:40.557] [main/DEBUG] [net.minecraftforge.fml.loading.moddiscovery.ModFileParser/LOADING]: Considering mod file candidate 
[03февр.2026 23:09:40.558] [main/DEBUG] [net.minecraftforge.fml.loading.moddiscovery.ModFileInfo/LOADING]: Found valid mod file additionalentityattributes-forge-1.4.0.5+1.20.1.jar with {additionalentityattributes} mods - versions {1.4.0.5+1.20.1}
[03февр.2026 23:09:40.575] [main/DEBUG] [net.minecraftforge.fml.loading.moddiscovery.ModFileParser/LOADING]: Considering mod file candidate 
[03февр.2026 23:09:40.576] [main/DEBUG] [net.minecraftforge.fml.loading.moddiscovery.ModFileInfo/LOADING]: Found valid mod file apoli-forge-1.20.1-2.9.0.8.jar with {apoli} mods - versions {1.20.1-2.9.0.8}
[03февр.2026 23:09:40.577] [main/DEBUG] [net.minecraftforge.fml.loading.moddiscovery.ModFileParser/LOADING]: Considering mod file candidate 
[03февр.2026 23:09:40.577] [main/DEBUG] [net.minecraftforge.fml.loading.moddiscovery.ModFileInfo/LOADING]: Found valid mod file mixinextras-forge-0.2.0-beta.8.jar with {mixinextras} mods - versions {0.2.0-beta.8}
[03февр.2026 23:09:40.581] [main/DEBUG] [net.minecraftforge.fml.loading.moddiscovery.ModFileParser/LOADING]: Considering mod file candidate 
[03февр.2026 23:09:40.582] [main/DEBUG] [net.minecraftforge.fml.loading.moddiscovery.ModFileInfo/LOADING]: Found valid mod file calio-forge-1.20.1-1.11.0.5.jar with {calio} mods - versions {1.20.1-1.11.0.5}
[03февр.2026 23:09:40.583] [main/INFO] [net.minecraftforge.fml.loading.moddiscovery.JarInJarDependencyLocator/]: Found 5 dependencies adding them to mods collection
[03февр.2026 23:09:40.585] [main/DEBUG] [net.minecraftforge.fml.loading.moddiscovery.ModFileInfo/LOADING]: Found valid mod file forge-1.20.1-47.4.13_mapped_official_1.20.1.jar with {minecraft} mods - versions {1.20.1}
[03февр.2026 23:09:40.589] [main/DEBUG] [net.minecraftforge.fml.loading.moddiscovery.ModFile/LOADING]: Loading mod file C:\Users\Елена\.gradle\caches\forge_gradle\minecraft_user_repo\net\minecraftforge\forge\1.20.1-47.4.13_mapped_official_1.20.1\forge-1.20.1-47.4.13_mapped_official_1.20.1.jar with languages [LanguageSpec[languageName=minecraft, acceptedVersions=1]]
[03февр.2026 23:09:40.589] [main/DEBUG] [net.minecraftforge.fml.loading.moddiscovery.ModFileParser/LOADING]: Considering mod file candidate 
[03февр.2026 23:09:40.590] [main/DEBUG] [net.minecraftforge.fml.loading.moddiscovery.ModFileInfo/LOADING]: Found valid mod file calio-forge-1.20.1-1.11.0.5.jar with {calio} mods - versions {1.20.1-1.11.0.5}
[03февр.2026 23:09:40.591] [main/DEBUG] [net.minecraftforge.fml.loading.moddiscovery.ModFile/LOADING]: Loading mod file  with languages [LanguageSpec[languageName=javafml, acceptedVersions=[47,)]]
[03февр.2026 23:09:40.593] [main/DEBUG] [net.minecraftforge.fml.loading.moddiscovery.ModFileParser/LOADING]: Found coremod accessors with Javascript path coremods/accessors.js
[03февр.2026 23:09:40.593] [main/DEBUG] [net.minecraftforge.fml.loading.moddiscovery.ModFileParser/LOADING]: Found coremod tooltip with Javascript path coremods/tooltip.js
[03февр.2026 23:09:40.593] [main/DEBUG] [net.minecraftforge.fml.loading.moddiscovery.ModFile/LOADING]: Found coremod coremods/accessors.js
[03февр.2026 23:09:40.594] [main/DEBUG] [net.minecraftforge.fml.loading.moddiscovery.ModFile/LOADING]: Found coremod coremods/tooltip.js
[03февр.2026 23:09:40.594] [main/DEBUG] [net.minecraftforge.fml.loading.moddiscovery.ModFileParser/LOADING]: Considering mod file candidate C:\Users\Елена\.gradle\caches\forge_gradle\deobf_dependencies\curse\maven\caelus-308989\5281700_mapped_official_1.20.1\caelus-308989-5281700_mapped_official_1.20.1.jar
[03февр.2026 23:09:40.594] [main/DEBUG] [net.minecraftforge.fml.loading.moddiscovery.ModFileInfo/LOADING]: Found valid mod file caelus-308989-5281700_mapped_official_1.20.1.jar with {caelus} mods - versions {3.2.0+1.20.1}
[03февр.2026 23:09:40.595] [main/DEBUG] [net.minecraftforge.fml.loading.moddiscovery.ModFile/LOADING]: Loading mod file C:\Users\Елена\.gradle\caches\forge_gradle\deobf_dependencies\curse\maven\caelus-308989\5281700_mapped_official_1.20.1\caelus-308989-5281700_mapped_official_1.20.1.jar with languages [LanguageSpec[languageName=javafml, acceptedVersions=[46,)]]
[03февр.2026 23:09:40.595] [main/DEBUG] [net.minecraftforge.fml.loading.moddiscovery.ModFileParser/LOADING]: Considering mod file candidate C:\Users\Елена\.gradle\caches\forge_gradle\deobf_dependencies\curse\maven\fluffy-fur-1097456\7361893_mapped_official_1.20.1\fluffy-fur-1097456-7361893_mapped_official_1.20.1.jar
[03февр.2026 23:09:40.596] [main/DEBUG] [net.minecraftforge.fml.loading.moddiscovery.ModFileInfo/LOADING]: Found valid mod file fluffy-fur-1097456-7361893_mapped_official_1.20.1.jar with {fluffy_fur} mods - versions {1.20.1-0.2.4}
[03февр.2026 23:09:40.596] [main/DEBUG] [net.minecraftforge.fml.loading.moddiscovery.ModFile/LOADING]: Loading mod file C:\Users\Елена\.gradle\caches\forge_gradle\deobf_dependencies\curse\maven\fluffy-fur-1097456\7361893_mapped_official_1.20.1\fluffy-fur-1097456-7361893_mapped_official_1.20.1.jar with languages [LanguageSpec[languageName=javafml, acceptedVersions=[47,)]]
[03февр.2026 23:09:40.596] [main/DEBUG] [net.minecraftforge.fml.loading.moddiscovery.ModFileParser/LOADING]: Considering mod file candidate 
[03февр.2026 23:09:40.597] [main/DEBUG] [net.minecraftforge.fml.loading.moddiscovery.ModFileInfo/LOADING]: Found valid mod file apoli-forge-1.20.1-2.9.0.8.jar with {apoli} mods - versions {1.20.1-2.9.0.8}
[03февр.2026 23:09:40.597] [main/DEBUG] [net.minecraftforge.fml.loading.moddiscovery.ModFile/LOADING]: Loading mod file  with languages [LanguageSpec[languageName=javafml, acceptedVersions=[47,)]]
[03февр.2026 23:09:40.597] [main/DEBUG] [net.minecraftforge.fml.loading.moddiscovery.ModFileParser/LOADING]: Found coremod prevent_armor_equip with Javascript path coremods/apoli.js
[03февр.2026 23:09:40.598] [main/DEBUG] [net.minecraftforge.fml.loading.moddiscovery.ModFile/LOADING]: Found coremod coremods/apoli.js
[03февр.2026 23:09:40.598] [main/DEBUG] [net.minecraftforge.fml.loading.moddiscovery.ModFileParser/LOADING]: Considering mod file candidate C:\Users\Елена\IdeaProjects\eidolon_origins\build\resources\main
[03февр.2026 23:09:40.600] [main/DEBUG] [net.minecraftforge.fml.loading.moddiscovery.ModFileInfo/LOADING]: Found valid mod file main with {eidolon_origins} mods - versions {1.0}
[03февр.2026 23:09:40.600] [main/DEBUG] [net.minecraftforge.fml.loading.moddiscovery.ModFile/LOADING]: Loading mod file C:\Users\Елена\IdeaProjects\eidolon_origins\build\resources\main with languages [LanguageSpec[languageName=javafml, acceptedVersions=[47,)]]
[03февр.2026 23:09:40.600] [main/DEBUG] [net.minecraftforge.fml.loading.moddiscovery.ModFileParser/LOADING]: Considering mod file candidate /
[03февр.2026 23:09:40.601] [main/DEBUG] [net.minecraftforge.fml.loading.moddiscovery.ModFileInfo/LOADING]: Found valid mod file  with {forge} mods - versions {47.4.13}
[03февр.2026 23:09:40.601] [main/DEBUG] [net.minecraftforge.fml.loading.moddiscovery.ModFile/LOADING]: Loading mod file / with languages [LanguageSpec[languageName=javafml, acceptedVersions=[24,]]]
[03февр.2026 23:09:40.602] [main/DEBUG] [net.minecraftforge.fml.loading.moddiscovery.ModFileParser/LOADING]: Found coremod field_to_method with Javascript path coremods/field_to_method.js
[03февр.2026 23:09:40.602] [main/DEBUG] [net.minecraftforge.fml.loading.moddiscovery.ModFileParser/LOADING]: Found coremod field_to_instanceof with Javascript path coremods/field_to_instanceof.js
[03февр.2026 23:09:40.602] [main/DEBUG] [net.minecraftforge.fml.loading.moddiscovery.ModFileParser/LOADING]: Found coremod add_bouncer_method with Javascript path coremods/add_bouncer_method.js
[03февр.2026 23:09:40.603] [main/DEBUG] [net.minecraftforge.fml.loading.moddiscovery.ModFileParser/LOADING]: Found coremod method_redirector with Javascript path coremods/method_redirector.js
[03февр.2026 23:09:40.603] [main/DEBUG] [net.minecraftforge.fml.loading.moddiscovery.ModFile/LOADING]: Found coremod coremods/field_to_method.js
[03февр.2026 23:09:40.603] [main/DEBUG] [net.minecraftforge.fml.loading.moddiscovery.ModFile/LOADING]: Found coremod coremods/field_to_instanceof.js
[03февр.2026 23:09:40.603] [main/DEBUG] [net.minecraftforge.fml.loading.moddiscovery.ModFile/LOADING]: Found coremod coremods/add_bouncer_method.js
[03февр.2026 23:09:40.603] [main/DEBUG] [net.minecraftforge.fml.loading.moddiscovery.ModFile/LOADING]: Found coremod coremods/method_redirector.js
[03февр.2026 23:09:40.603] [main/DEBUG] [net.minecraftforge.fml.loading.moddiscovery.ModFileParser/LOADING]: Considering mod file candidate C:\Users\Елена\.gradle\caches\forge_gradle\deobf_dependencies\lib\curios-forge\5.14.1+1.20.1_mapped_official_1.20.1\curios-forge-5.14.1+1.20.1_mapped_official_1.20.1.jar
[03февр.2026 23:09:40.604] [main/DEBUG] [net.minecraftforge.fml.loading.moddiscovery.ModFileInfo/LOADING]: Found valid mod file curios-forge-5.14.1+1.20.1_mapped_official_1.20.1.jar with {curios} mods - versions {5.14.1+1.20.1}
[03февр.2026 23:09:40.604] [main/DEBUG] [net.minecraftforge.fml.loading.moddiscovery.ModFile/LOADING]: Loading mod file C:\Users\Елена\.gradle\caches\forge_gradle\deobf_dependencies\lib\curios-forge\5.14.1+1.20.1_mapped_official_1.20.1\curios-forge-5.14.1+1.20.1_mapped_official_1.20.1.jar with languages [LanguageSpec[languageName=javafml, acceptedVersions=[41,)]]
[03февр.2026 23:09:40.604] [main/DEBUG] [net.minecraftforge.fml.loading.moddiscovery.ModFileParser/LOADING]: Considering mod file candidate 
[03февр.2026 23:09:40.605] [main/DEBUG] [net.minecraftforge.fml.loading.moddiscovery.ModFileInfo/LOADING]: Found valid mod file additionalentityattributes-forge-1.4.0.5+1.20.1.jar with {additionalentityattributes} mods - versions {1.4.0.5+1.20.1}
[03февр.2026 23:09:40.605] [main/DEBUG] [net.minecraftforge.fml.loading.moddiscovery.ModFile/LOADING]: Loading mod file  with languages [LanguageSpec[languageName=javafml, acceptedVersions=[41,)]]
[03февр.2026 23:09:40.606] [main/DEBUG] [net.minecraftforge.fml.loading.moddiscovery.ModFileParser/LOADING]: Found coremod aea_water_speed with Javascript path coremods/aea_water_speed.js
[03февр.2026 23:09:40.606] [main/DEBUG] [net.minecraftforge.fml.loading.moddiscovery.ModFile/LOADING]: Found coremod coremods/aea_water_speed.js
[03февр.2026 23:09:40.606] [main/DEBUG] [net.minecraftforge.fml.loading.moddiscovery.ModFileParser/LOADING]: Considering mod file candidate C:\Users\Елена\.gradle\caches\forge_gradle\deobf_dependencies\curse\maven\origins-forge-474438\5314209_mapped_official_1.20.1\origins-forge-474438-5314209_mapped_official_1.20.1.jar
[03февр.2026 23:09:40.606] [main/DEBUG] [net.minecraftforge.fml.loading.moddiscovery.ModFileInfo/LOADING]: Found valid mod file origins-forge-474438-5314209_mapped_official_1.20.1.jar with {origins} mods - versions {1.20.1-1.10.0.9}
[03февр.2026 23:09:40.606] [main/DEBUG] [net.minecraftforge.fml.loading.moddiscovery.ModFile/LOADING]: Loading mod file C:\Users\Елена\.gradle\caches\forge_gradle\deobf_dependencies\curse\maven\origins-forge-474438\5314209_mapped_official_1.20.1\origins-forge-474438-5314209_mapped_official_1.20.1.jar with languages [LanguageSpec[languageName=javafml, acceptedVersions=[47,)]]
[03февр.2026 23:09:40.607] [main/DEBUG] [net.minecraftforge.fml.loading.moddiscovery.ModFileParser/LOADING]: Considering mod file candidate C:\Users\Елена\.gradle\caches\forge_gradle\deobf_dependencies\lib\eidolon_repraised-1.20.1\0.3.9.6_mapped_official_1.20.1\eidolon_repraised-1.20.1-0.3.9.6_mapped_official_1.20.1.jar
[03февр.2026 23:09:40.607] [main/DEBUG] [net.minecraftforge.fml.loading.moddiscovery.ModFileInfo/LOADING]: Found valid mod file eidolon_repraised-1.20.1-0.3.9.6_mapped_official_1.20.1.jar with {eidolon} mods - versions {0.3.9.6}
[03февр.2026 23:09:40.608] [main/DEBUG] [net.minecraftforge.fml.loading.moddiscovery.ModFile/LOADING]: Loading mod file C:\Users\Елена\.gradle\caches\forge_gradle\deobf_dependencies\lib\eidolon_repraised-1.20.1\0.3.9.6_mapped_official_1.20.1\eidolon_repraised-1.20.1-0.3.9.6_mapped_official_1.20.1.jar with languages [LanguageSpec[languageName=javafml, acceptedVersions=[42,)]]
[03февр.2026 23:09:40.608] [main/DEBUG] [net.minecraftforge.fml.loading.moddiscovery.ModFile/LOADING]: Loading mod file  with languages []
[03февр.2026 23:09:40.608] [main/DEBUG] [net.minecraftforge.fml.loading.moddiscovery.ModFileParser/LOADING]: Considering mod file candidate 
[03февр.2026 23:09:40.609] [main/DEBUG] [net.minecraftforge.fml.loading.moddiscovery.ModFileInfo/LOADING]: Found valid mod file mixinextras-forge-0.2.0-beta.8.jar with {mixinextras} mods - versions {0.2.0-beta.8}
[03февр.2026 23:09:40.609] [main/DEBUG] [net.minecraftforge.fml.loading.moddiscovery.ModFile/LOADING]: Loading mod file  with languages [LanguageSpec[languageName=javafml, acceptedVersions=*]]
[03февр.2026 23:09:40.609] [main/DEBUG] [net.minecraftforge.fml.loading.moddiscovery.ModFile/LOADING]: Loading mod file  with languages []
[03февр.2026 23:09:40.609] [main/DEBUG] [net.minecraftforge.fml.loading.moddiscovery.ModFileParser/LOADING]: Considering mod file candidate 
[03февр.2026 23:09:40.610] [main/DEBUG] [net.minecraftforge.fml.loading.moddiscovery.ModFileInfo/LOADING]: Found valid mod file mixinextras-forge-0.2.0-beta.8.jar with {mixinextras} mods - versions {0.2.0-beta.8}
[03февр.2026 23:09:40.610] [main/DEBUG] [net.minecraftforge.fml.loading.moddiscovery.ModFile/LOADING]: Loading mod file  with languages [LanguageSpec[languageName=javafml, acceptedVersions=*]]
[03февр.2026 23:09:40.611] [main/DEBUG] [cpw.mods.modlauncher.TransformationServiceDecorator/MODLAUNCHER]: End scan trigger - transformation service fml
[03февр.2026 23:09:40.624] [main/DEBUG] [net.minecraftforge.fml.loading.LanguageLoadingProvider/CORE]: Found 3 language providers
[03февр.2026 23:09:40.624] [main/DEBUG] [net.minecraftforge.fml.loading.LanguageLoadingProvider/CORE]: Found language provider minecraft, version 1.0
[03февр.2026 23:09:40.625] [main/DEBUG] [net.minecraftforge.fml.loading.LanguageLoadingProvider/CORE]: Found language provider lowcodefml, version 47
[03февр.2026 23:09:40.625] [main/DEBUG] [net.minecraftforge.fml.loading.LanguageLoadingProvider/CORE]: Found language provider javafml, version 47
[03февр.2026 23:09:40.627] [main/DEBUG] [net.minecraftforge.fml.loading.UniqueModListBuilder/]: Found 2 mods for first modid MixinExtras.beta._8, selecting most recent based on version data
[03февр.2026 23:09:40.627] [main/DEBUG] [net.minecraftforge.fml.loading.UniqueModListBuilder/]: Selected file MixinExtras-0.2.0-beta.8.jar for modid MixinExtras.beta._8 with version 0.0NONE
[03февр.2026 23:09:40.628] [main/DEBUG] [net.minecraftforge.fml.loading.UniqueModListBuilder/]: Found 2 mods for first modid mixinextras, selecting most recent based on version data
[03февр.2026 23:09:40.628] [main/DEBUG] [net.minecraftforge.fml.loading.UniqueModListBuilder/]: Selected file mixinextras-forge-0.2.0-beta.8.jar for modid mixinextras with version 0.2.0-beta.8
[03февр.2026 23:09:40.629] [main/DEBUG] [net.minecraftforge.fml.loading.ModSorter/]: Configured system mods: [minecraft, forge]
[03февр.2026 23:09:40.629] [main/DEBUG] [net.minecraftforge.fml.loading.ModSorter/]: Found system mod: minecraft
[03февр.2026 23:09:40.629] [main/DEBUG] [net.minecraftforge.fml.loading.ModSorter/]: Found system mod: forge
[03февр.2026 23:09:40.631] [main/DEBUG] [net.minecraftforge.fml.loading.ModSorter/LOADING]: Found 23 mod requirements (21 mandatory, 2 optional)
[03февр.2026 23:09:40.632] [main/DEBUG] [net.minecraftforge.fml.loading.ModSorter/LOADING]: Found 0 mod requirements missing (0 mandatory, 0 optional)
[03февр.2026 23:09:41.052] [main/DEBUG] [net.minecraftforge.fml.loading.MCPNamingService/CORE]: Loaded 33222 method mappings from methods.csv
[03февр.2026 23:09:41.082] [main/DEBUG] [net.minecraftforge.fml.loading.MCPNamingService/CORE]: Loaded 31003 field mappings from fields.csv
[03февр.2026 23:09:41.148] [main/DEBUG] [cpw.mods.modlauncher.TransformationServicesHandler/MODLAUNCHER]: Transformation services loading transformers
[03февр.2026 23:09:41.149] [main/DEBUG] [cpw.mods.modlauncher.TransformationServiceDecorator/MODLAUNCHER]: Initializing transformers for transformation service mixin
[03февр.2026 23:09:41.150] [main/DEBUG] [cpw.mods.modlauncher.TransformationServiceDecorator/MODLAUNCHER]: Initialized transformers for transformation service mixin
[03февр.2026 23:09:41.150] [main/DEBUG] [cpw.mods.modlauncher.TransformationServiceDecorator/MODLAUNCHER]: Initializing transformers for transformation service fml
[03февр.2026 23:09:41.150] [main/DEBUG] [net.minecraftforge.fml.loading.FMLServiceProvider/CORE]: Loading coremod transformers
[03февр.2026 23:09:41.150] [main/DEBUG] [net.minecraftforge.coremod.CoreModEngine/COREMOD]: Loading CoreMod from coremods/aea_water_speed.js
[03февр.2026 23:09:41.327] [main/DEBUG] [net.minecraftforge.coremod.CoreModEngine/COREMOD]: CoreMod loaded successfully
[03февр.2026 23:09:41.327] [main/DEBUG] [net.minecraftforge.coremod.CoreModEngine/COREMOD]: Loading CoreMod from coremods/accessors.js
[03февр.2026 23:09:41.341] [main/DEBUG] [net.minecraftforge.coremod.CoreModEngine/COREMOD]: CoreMod loaded successfully
[03февр.2026 23:09:41.342] [main/DEBUG] [net.minecraftforge.coremod.CoreModEngine/COREMOD]: Loading CoreMod from coremods/tooltip.js
[03февр.2026 23:09:41.386] [main/DEBUG] [net.minecraftforge.coremod.CoreModEngine/COREMOD]: CoreMod loaded successfully
[03февр.2026 23:09:41.386] [main/DEBUG] [net.minecraftforge.coremod.CoreModEngine/COREMOD]: Loading CoreMod from coremods/field_to_method.js
[03февр.2026 23:09:41.406] [main/DEBUG] [net.minecraftforge.coremod.CoreModEngine/COREMOD]: CoreMod loaded successfully
[03февр.2026 23:09:41.406] [main/DEBUG] [net.minecraftforge.coremod.CoreModEngine/COREMOD]: Loading CoreMod from coremods/field_to_instanceof.js
[03февр.2026 23:09:41.434] [main/DEBUG] [net.minecraftforge.coremod.CoreModEngine/COREMOD]: CoreMod loaded successfully
[03февр.2026 23:09:41.434] [main/DEBUG] [net.minecraftforge.coremod.CoreModEngine/COREMOD]: Loading CoreMod from coremods/add_bouncer_method.js
[03февр.2026 23:09:41.453] [main/DEBUG] [net.minecraftforge.coremod.CoreModEngine/COREMOD]: CoreMod loaded successfully
[03февр.2026 23:09:41.454] [main/DEBUG] [net.minecraftforge.coremod.CoreModEngine/COREMOD]: Loading CoreMod from coremods/method_redirector.js
[03февр.2026 23:09:41.503] [main/DEBUG] [net.minecraftforge.coremod.CoreModEngine/COREMOD]: CoreMod loaded successfully
[03февр.2026 23:09:41.503] [main/DEBUG] [net.minecraftforge.coremod.CoreModEngine/COREMOD]: Loading CoreMod from coremods/apoli.js
[03февр.2026 23:09:41.528] [main/DEBUG] [net.minecraftforge.coremod.CoreModEngine/COREMOD]: CoreMod loaded successfully
[03февр.2026 23:09:41.542] [main/DEBUG] [cpw.mods.modlauncher.TransformStore/MODLAUNCHER]: Adding transformer net.minecraftforge.coremod.transformer.CoreModMethodTransformer@66223d94 to Target : METHOD {Lnet/minecraftforge/common/extensions/IForgeLivingEntity;} {jumpInFluid} {(Lnet/minecraftforge/fluids/FluidType;)V}
[03февр.2026 23:09:41.543] [main/DEBUG] [cpw.mods.modlauncher.TransformStore/MODLAUNCHER]: Adding transformer net.minecraftforge.coremod.transformer.CoreModMethodTransformer@4b1ec694 to Target : METHOD {Lnet/minecraftforge/common/extensions/IForgeLivingEntity;} {sinkInFluid} {(Lnet/minecraftforge/fluids/FluidType;)V}
[03февр.2026 23:09:41.543] [main/DEBUG] [cpw.mods.modlauncher.TransformStore/MODLAUNCHER]: Adding transformer net.minecraftforge.coremod.transformer.CoreModMethodTransformer@3d299393 to Target : METHOD {Lnet/minecraftforge/common/extensions/IForgeItemStack;} {getHighlightTip} {(Lnet/minecraft/network/chat/Component;)Lnet/minecraft/network/chat/Component;}
[03февр.2026 23:09:41.543] [main/DEBUG] [cpw.mods.modlauncher.TransformStore/MODLAUNCHER]: Adding transformer net.minecraftforge.coremod.transformer.CoreModMethodTransformer@5f34907b to Target : METHOD {Lnet/minecraft/world/item/ItemStack;} {resetHoverName} {()V}
[03февр.2026 23:09:41.543] [main/DEBUG] [cpw.mods.modlauncher.TransformStore/MODLAUNCHER]: Adding transformer net.minecraftforge.coremod.transformer.CoreModMethodTransformer@2b4d4327 to Target : METHOD {Lnet/minecraftforge/common/extensions/IForgeItemStack;} {canEquip} {(Lnet/minecraft/world/entity/EquipmentSlot;Lnet/minecraft/world/entity/Entity;)Z}
[03февр.2026 23:09:41.543] [main/DEBUG] [cpw.mods.modlauncher.TransformStore/MODLAUNCHER]: Adding transformer net.minecraftforge.coremod.transformer.CoreModMethodTransformer@16da1abc to Target : METHOD {Lnet/minecraftforge/common/extensions/IForgeItemStack;} {getFoodProperties} {(Lnet/minecraft/world/entity/LivingEntity;)Lnet/minecraft/world/food/FoodProperties;}
[03февр.2026 23:09:41.543] [main/DEBUG] [cpw.mods.modlauncher.TransformStore/MODLAUNCHER]: Adding transformer net.minecraftforge.coremod.transformer.CoreModMethodTransformer@671ea6ff to Target : METHOD {Lnet/minecraftforge/common/extensions/IForgeBlockState;} {getFriction} {(Lnet/minecraft/world/level/LevelReader;Lnet/minecraft/core/BlockPos;Lnet/minecraft/world/entity/Entity;)F}
[03февр.2026 23:09:41.544] [main/DEBUG] [cpw.mods.modlauncher.TransformStore/MODLAUNCHER]: Adding transformer net.minecraftforge.coremod.transformer.CoreModMethodTransformer@1c52552f to Target : METHOD {Lnet/minecraftforge/common/extensions/IForgeBlockState;} {canHarvestBlock} {(Lnet/minecraft/world/level/BlockGetter;Lnet/minecraft/core/BlockPos;Lnet/minecraft/world/entity/player/Player;)Z}
[03февр.2026 23:09:41.544] [main/DEBUG] [cpw.mods.modlauncher.TransformStore/MODLAUNCHER]: Adding transformer net.minecraftforge.coremod.transformer.CoreModClassTransformer@1b0e9707 to Target : CLASS {Lnet/minecraft/client/gui/screens/inventory/AbstractContainerScreen;} {} {V}
[03февр.2026 23:09:41.544] [main/DEBUG] [cpw.mods.modlauncher.TransformStore/MODLAUNCHER]: Adding transformer net.minecraftforge.coremod.transformer.CoreModClassTransformer@9b5f3c7 to Target : CLASS {Lnet/minecraft/world/level/biome/Biome;} {} {V}
[03февр.2026 23:09:41.544] [main/DEBUG] [cpw.mods.modlauncher.TransformStore/MODLAUNCHER]: Adding transformer net.minecraftforge.coremod.transformer.CoreModClassTransformer@74024f3 to Target : CLASS {Lnet/minecraft/world/level/levelgen/structure/Structure;} {} {V}
[03февр.2026 23:09:41.544] [main/DEBUG] [cpw.mods.modlauncher.TransformStore/MODLAUNCHER]: Adding transformer net.minecraftforge.coremod.transformer.CoreModClassTransformer@61ae0d43 to Target : CLASS {Lnet/minecraft/world/effect/MobEffectInstance;} {} {V}
[03февр.2026 23:09:41.544] [main/DEBUG] [cpw.mods.modlauncher.TransformStore/MODLAUNCHER]: Adding transformer net.minecraftforge.coremod.transformer.CoreModClassTransformer@ef718de to Target : CLASS {Lnet/minecraft/world/level/block/LiquidBlock;} {} {V}
[03февр.2026 23:09:41.544] [main/DEBUG] [cpw.mods.modlauncher.TransformStore/MODLAUNCHER]: Adding transformer net.minecraftforge.coremod.transformer.CoreModClassTransformer@287ae90c to Target : CLASS {Lnet/minecraft/world/item/BucketItem;} {} {V}
[03февр.2026 23:09:41.545] [main/DEBUG] [cpw.mods.modlauncher.TransformStore/MODLAUNCHER]: Adding transformer net.minecraftforge.coremod.transformer.CoreModClassTransformer@2e1b374c to Target : CLASS {Lnet/minecraft/world/level/block/StairBlock;} {} {V}
[03февр.2026 23:09:41.545] [main/DEBUG] [cpw.mods.modlauncher.TransformStore/MODLAUNCHER]: Adding transformer net.minecraftforge.coremod.transformer.CoreModClassTransformer@3fcee3d9 to Target : CLASS {Lnet/minecraft/world/level/block/FlowerPotBlock;} {} {V}
[03февр.2026 23:09:41.545] [main/DEBUG] [cpw.mods.modlauncher.TransformStore/MODLAUNCHER]: Adding transformer net.minecraftforge.coremod.transformer.CoreModClassTransformer@9c93d16 to Target : CLASS {Lnet/minecraft/world/item/ItemStack;} {} {V}
[03февр.2026 23:09:41.545] [main/DEBUG] [cpw.mods.modlauncher.TransformStore/MODLAUNCHER]: Adding transformer net.minecraftforge.coremod.transformer.CoreModClassTransformer@760487aa to Target : CLASS {Lnet/minecraft/network/play/client/CClientSettingsPacket;} {} {V}
[03февр.2026 23:09:41.546] [main/DEBUG] [cpw.mods.modlauncher.TransformStore/MODLAUNCHER]: Adding transformer net.minecraftforge.coremod.transformer.CoreModClassTransformer@1526f71 to Target : CLASS {Lnet/minecraft/world/entity/animal/horse/SkeletonTrapGoal;} {} {V}
[03февр.2026 23:09:41.546] [main/DEBUG] [cpw.mods.modlauncher.TransformStore/MODLAUNCHER]: Adding transformer net.minecraftforge.coremod.transformer.CoreModClassTransformer@1526f71 to Target : CLASS {Lnet/minecraft/world/level/levelgen/structure/templatesystem/StructureTemplate;} {} {V}
[03февр.2026 23:09:41.546] [main/DEBUG] [cpw.mods.modlauncher.TransformStore/MODLAUNCHER]: Adding transformer net.minecraftforge.coremod.transformer.CoreModClassTransformer@1526f71 to Target : CLASS {Lnet/minecraft/world/level/levelgen/structure/structures/SwampHutPiece;} {} {V}
[03февр.2026 23:09:41.546] [main/DEBUG] [cpw.mods.modlauncher.TransformStore/MODLAUNCHER]: Adding transformer net.minecraftforge.coremod.transformer.CoreModClassTransformer@1526f71 to Target : CLASS {Lnet/minecraft/world/level/levelgen/PatrolSpawner;} {} {V}
[03февр.2026 23:09:41.546] [main/DEBUG] [cpw.mods.modlauncher.TransformStore/MODLAUNCHER]: Adding transformer net.minecraftforge.coremod.transformer.CoreModClassTransformer@1526f71 to Target : CLASS {Lnet/minecraft/world/level/levelgen/structure/structures/OceanMonumentPieces$OceanMonumentPiece;} {} {V}
[03февр.2026 23:09:41.546] [main/DEBUG] [cpw.mods.modlauncher.TransformStore/MODLAUNCHER]: Adding transformer net.minecraftforge.coremod.transformer.CoreModClassTransformer@1526f71 to Target : CLASS {Lnet/minecraft/world/entity/EntityType;} {} {V}
[03февр.2026 23:09:41.546] [main/DEBUG] [cpw.mods.modlauncher.TransformStore/MODLAUNCHER]: Adding transformer net.minecraftforge.coremod.transformer.CoreModClassTransformer@1526f71 to Target : CLASS {Lnet/minecraft/world/level/levelgen/PhantomSpawner;} {} {V}
[03февр.2026 23:09:41.546] [main/DEBUG] [cpw.mods.modlauncher.TransformStore/MODLAUNCHER]: Adding transformer net.minecraftforge.coremod.transformer.CoreModClassTransformer@1526f71 to Target : CLASS {Lnet/minecraft/server/commands/RaidCommand;} {} {V}
[03февр.2026 23:09:41.546] [main/DEBUG] [cpw.mods.modlauncher.TransformStore/MODLAUNCHER]: Adding transformer net.minecraftforge.coremod.transformer.CoreModClassTransformer@1526f71 to Target : CLASS {Lnet/minecraft/server/commands/SummonCommand;} {} {V}
[03февр.2026 23:09:41.547] [main/DEBUG] [cpw.mods.modlauncher.TransformStore/MODLAUNCHER]: Adding transformer net.minecraftforge.coremod.transformer.CoreModClassTransformer@1526f71 to Target : CLASS {Lnet/minecraft/world/entity/animal/frog/Tadpole;} {} {V}
[03февр.2026 23:09:41.547] [main/DEBUG] [cpw.mods.modlauncher.TransformStore/MODLAUNCHER]: Adding transformer net.minecraftforge.coremod.transformer.CoreModClassTransformer@1526f71 to Target : CLASS {Lnet/minecraft/world/level/levelgen/structure/structures/WoodlandMansionPieces$WoodlandMansionPiece;} {} {V}
[03февр.2026 23:09:41.547] [main/DEBUG] [cpw.mods.modlauncher.TransformStore/MODLAUNCHER]: Adding transformer net.minecraftforge.coremod.transformer.CoreModClassTransformer@1526f71 to Target : CLASS {Lnet/minecraft/world/entity/npc/Villager;} {} {V}
[03февр.2026 23:09:41.547] [main/DEBUG] [cpw.mods.modlauncher.TransformStore/MODLAUNCHER]: Adding transformer net.minecraftforge.coremod.transformer.CoreModClassTransformer@1526f71 to Target : CLASS {Lnet/minecraft/world/entity/npc/CatSpawner;} {} {V}
[03февр.2026 23:09:41.547] [main/DEBUG] [cpw.mods.modlauncher.TransformStore/MODLAUNCHER]: Adding transformer net.minecraftforge.coremod.transformer.CoreModClassTransformer@1526f71 to Target : CLASS {Lnet/minecraft/world/level/NaturalSpawner;} {} {V}
[03февр.2026 23:09:41.547] [main/DEBUG] [cpw.mods.modlauncher.TransformStore/MODLAUNCHER]: Adding transformer net.minecraftforge.coremod.transformer.CoreModClassTransformer@1526f71 to Target : CLASS {Lnet/minecraft/world/entity/monster/Spider;} {} {V}
[03февр.2026 23:09:41.547] [main/DEBUG] [cpw.mods.modlauncher.TransformStore/MODLAUNCHER]: Adding transformer net.minecraftforge.coremod.transformer.CoreModClassTransformer@1526f71 to Target : CLASS {Lnet/minecraft/world/entity/monster/Strider;} {} {V}
[03февр.2026 23:09:41.547] [main/DEBUG] [cpw.mods.modlauncher.TransformStore/MODLAUNCHER]: Adding transformer net.minecraftforge.coremod.transformer.CoreModClassTransformer@1526f71 to Target : CLASS {Lnet/minecraft/world/entity/monster/Evoker$EvokerSummonSpellGoal;} {} {V}
[03февр.2026 23:09:41.547] [main/DEBUG] [cpw.mods.modlauncher.TransformStore/MODLAUNCHER]: Adding transformer net.minecraftforge.coremod.transformer.CoreModClassTransformer@1526f71 to Target : CLASS {Lnet/minecraft/world/entity/raid/Raid;} {} {V}
[03февр.2026 23:09:41.547] [main/DEBUG] [cpw.mods.modlauncher.TransformStore/MODLAUNCHER]: Adding transformer net.minecraftforge.coremod.transformer.CoreModClassTransformer@1526f71 to Target : CLASS {Lnet/minecraft/world/level/levelgen/structure/structures/OceanRuinPieces$OceanRuinPiece;} {} {V}
[03февр.2026 23:09:41.548] [main/DEBUG] [cpw.mods.modlauncher.TransformStore/MODLAUNCHER]: Adding transformer net.minecraftforge.coremod.transformer.CoreModClassTransformer@1526f71 to Target : CLASS {Lnet/minecraft/world/entity/ai/village/VillageSiege;} {} {V}
[03февр.2026 23:09:41.548] [main/DEBUG] [cpw.mods.modlauncher.TransformStore/MODLAUNCHER]: Adding transformer net.minecraftforge.coremod.transformer.CoreModClassTransformer@1526f71 to Target : CLASS {Lnet/minecraft/world/entity/monster/Zombie;} {} {V}
[03февр.2026 23:09:41.548] [main/DEBUG] [cpw.mods.modlauncher.TransformStore/MODLAUNCHER]: Adding transformer net.minecraftforge.coremod.transformer.CoreModClassTransformer@1526f71 to Target : CLASS {Lnet/minecraft/world/entity/monster/ZombieVillager;} {} {V}
[03февр.2026 23:09:41.548] [main/DEBUG] [cpw.mods.modlauncher.TransformStore/MODLAUNCHER]: Adding transformer net.minecraftforge.coremod.transformer.CoreModClassTransformer@49ca94a9 to Target : CLASS {Lnet/minecraft/world/entity/Entity;} {} {V}
[03февр.2026 23:09:41.548] [main/DEBUG] [cpw.mods.modlauncher.TransformationServiceDecorator/MODLAUNCHER]: Initialized transformers for transformation service fml
[03февр.2026 23:09:42.107] [main/DEBUG] [mixin/]: Processing prepare() for PlatformAgent[MixinPlatformAgentDefault:ModLauncher Root Container(ModLauncher:4f56a0a2)]
[03февр.2026 23:09:42.107] [main/DEBUG] [mixin/]: Registering mixin config: eidolon_origins.mixins.json
[03февр.2026 23:09:42.127] [main/DEBUG] [mixin/]: Compatibility level JAVA_8 specified by eidolon_origins.mixins.json is lower than the default level supported by the current mixin service (JAVA_16).
[03февр.2026 23:09:42.128] [main/DEBUG] [mixin/]: Processing launch tasks for PlatformAgent[MixinPlatformAgentDefault:ModLauncher Root Container(ModLauncher:4f56a0a2)]
[03февр.2026 23:09:42.128] [main/DEBUG] [mixin/]: Adding mixin platform agents for container SecureJarResource(minecraft)
[03февр.2026 23:09:42.128] [main/DEBUG] [mixin/]: Instancing new MixinPlatformAgentMinecraftForge for SecureJarResource(minecraft)
[03февр.2026 23:09:42.128] [main/DEBUG] [mixin/]: MixinPlatformAgentMinecraftForge rejected container SecureJarResource(minecraft)
[03февр.2026 23:09:42.128] [main/DEBUG] [mixin/]: Instancing new MixinPlatformAgentDefault for SecureJarResource(minecraft)
[03февр.2026 23:09:42.128] [main/DEBUG] [mixin/]: MixinPlatformAgentDefault accepted container SecureJarResource(minecraft)
[03февр.2026 23:09:42.128] [main/DEBUG] [mixin/]: Processing prepare() for PlatformAgent[MixinPlatformAgentDefault:SecureJarResource(minecraft)]
[03февр.2026 23:09:42.128] [main/DEBUG] [mixin/]: Adding mixin platform agents for container SecureJarResource(mixinextras)
[03февр.2026 23:09:42.129] [main/DEBUG] [mixin/]: Instancing new MixinPlatformAgentMinecraftForge for SecureJarResource(mixinextras)
[03февр.2026 23:09:42.129] [main/DEBUG] [mixin/]: MixinPlatformAgentMinecraftForge rejected container SecureJarResource(mixinextras)
[03февр.2026 23:09:42.129] [main/DEBUG] [mixin/]: Instancing new MixinPlatformAgentDefault for SecureJarResource(mixinextras)
[03февр.2026 23:09:42.129] [main/DEBUG] [mixin/]: MixinPlatformAgentDefault accepted container SecureJarResource(mixinextras)
[03февр.2026 23:09:42.129] [main/DEBUG] [mixin/]: Processing prepare() for PlatformAgent[MixinPlatformAgentDefault:SecureJarResource(mixinextras)]
[03февр.2026 23:09:42.129] [main/DEBUG] [mixin/]: Registering mixin config: mixinextras.init.mixins.json
[03февр.2026 23:09:42.131] [main/DEBUG] [mixin/]: Adding mixin platform agents for container SecureJarResource(fluffy_fur)
[03февр.2026 23:09:42.131] [main/DEBUG] [mixin/]: Instancing new MixinPlatformAgentMinecraftForge for SecureJarResource(fluffy_fur)
[03февр.2026 23:09:42.131] [main/DEBUG] [mixin/]: MixinPlatformAgentMinecraftForge rejected container SecureJarResource(fluffy_fur)
[03февр.2026 23:09:42.131] [main/DEBUG] [mixin/]: Instancing new MixinPlatformAgentDefault for SecureJarResource(fluffy_fur)
[03февр.2026 23:09:42.131] [main/DEBUG] [mixin/]: MixinPlatformAgentDefault accepted container SecureJarResource(fluffy_fur)
[03февр.2026 23:09:42.131] [main/DEBUG] [mixin/]: Processing prepare() for PlatformAgent[MixinPlatformAgentDefault:SecureJarResource(fluffy_fur)]
[03февр.2026 23:09:42.132] [main/DEBUG] [mixin/]: Registering mixin config: fluffy_fur.mixins.json
[03февр.2026 23:09:42.134] [main/DEBUG] [mixin/]: Compatibility level JAVA_17 specified by fluffy_fur.mixins.json is higher than the maximum level supported by this version of mixin (JAVA_13).
[03февр.2026 23:09:42.136] [main/INFO] [mixin/]: Compatibility level set to JAVA_17
[03февр.2026 23:09:42.137] [main/DEBUG] [mixin/]: Adding mixin platform agents for container SecureJarResource(additionalentityattributes)
[03февр.2026 23:09:42.137] [main/DEBUG] [mixin/]: Instancing new MixinPlatformAgentMinecraftForge for SecureJarResource(additionalentityattributes)
[03февр.2026 23:09:42.137] [main/DEBUG] [mixin/]: MixinPlatformAgentMinecraftForge rejected container SecureJarResource(additionalentityattributes)
[03февр.2026 23:09:42.137] [main/DEBUG] [mixin/]: Instancing new MixinPlatformAgentDefault for SecureJarResource(additionalentityattributes)
[03февр.2026 23:09:42.137] [main/DEBUG] [mixin/]: MixinPlatformAgentDefault accepted container SecureJarResource(additionalentityattributes)
[03февр.2026 23:09:42.137] [main/DEBUG] [mixin/]: Processing prepare() for PlatformAgent[MixinPlatformAgentDefault:SecureJarResource(additionalentityattributes)]
[03февр.2026 23:09:42.137] [main/DEBUG] [mixin/]: Registering mixin config: additionalentityattributes.mixins.json
[03февр.2026 23:09:42.140] [main/DEBUG] [mixin/]: Adding mixin platform agents for container SecureJarResource(calio)
[03февр.2026 23:09:42.140] [main/DEBUG] [mixin/]: Instancing new MixinPlatformAgentMinecraftForge for SecureJarResource(calio)
[03февр.2026 23:09:42.140] [main/DEBUG] [mixin/]: MixinPlatformAgentMinecraftForge rejected container SecureJarResource(calio)
[03февр.2026 23:09:42.141] [main/DEBUG] [mixin/]: Instancing new MixinPlatformAgentDefault for SecureJarResource(calio)
[03февр.2026 23:09:42.141] [main/DEBUG] [mixin/]: MixinPlatformAgentDefault accepted container SecureJarResource(calio)
[03февр.2026 23:09:42.141] [main/DEBUG] [mixin/]: Processing prepare() for PlatformAgent[MixinPlatformAgentDefault:SecureJarResource(calio)]
[03февр.2026 23:09:42.141] [main/DEBUG] [mixin/]: Registering mixin config: calio.mixins.json
[03февр.2026 23:09:42.142] [main/DEBUG] [mixin/]: Adding mixin platform agents for container SecureJarResource(caelus)
[03февр.2026 23:09:42.143] [main/DEBUG] [mixin/]: Instancing new MixinPlatformAgentMinecraftForge for SecureJarResource(caelus)
[03февр.2026 23:09:42.143] [main/DEBUG] [mixin/]: MixinPlatformAgentMinecraftForge rejected container SecureJarResource(caelus)
[03февр.2026 23:09:42.143] [main/DEBUG] [mixin/]: Instancing new MixinPlatformAgentDefault for SecureJarResource(caelus)
[03февр.2026 23:09:42.143] [main/DEBUG] [mixin/]: MixinPlatformAgentDefault accepted container SecureJarResource(caelus)
[03февр.2026 23:09:42.144] [main/DEBUG] [mixin/]: Processing prepare() for PlatformAgent[MixinPlatformAgentDefault:SecureJarResource(caelus)]
[03февр.2026 23:09:42.144] [main/DEBUG] [mixin/]: Registering mixin config: caelus.mixins.json
[03февр.2026 23:09:42.146] [main/DEBUG] [mixin/]: Adding mixin platform agents for container SecureJarResource(forge)
[03февр.2026 23:09:42.146] [main/DEBUG] [mixin/]: Instancing new MixinPlatformAgentMinecraftForge for SecureJarResource(forge)
[03февр.2026 23:09:42.146] [main/DEBUG] [mixin/]: MixinPlatformAgentMinecraftForge rejected container SecureJarResource(forge)
[03февр.2026 23:09:42.146] [main/DEBUG] [mixin/]: Instancing new MixinPlatformAgentDefault for SecureJarResource(forge)
[03февр.2026 23:09:42.146] [main/DEBUG] [mixin/]: MixinPlatformAgentDefault accepted container SecureJarResource(forge)
[03февр.2026 23:09:42.146] [main/DEBUG] [mixin/]: Processing prepare() for PlatformAgent[MixinPlatformAgentDefault:SecureJarResource(forge)]
[03февр.2026 23:09:42.147] [main/DEBUG] [mixin/]: Adding mixin platform agents for container SecureJarResource(eidolon_origins)
[03февр.2026 23:09:42.147] [main/DEBUG] [mixin/]: Instancing new MixinPlatformAgentMinecraftForge for SecureJarResource(eidolon_origins)
[03февр.2026 23:09:42.147] [main/DEBUG] [mixin/]: MixinPlatformAgentMinecraftForge rejected container SecureJarResource(eidolon_origins)
[03февр.2026 23:09:42.147] [main/DEBUG] [mixin/]: Instancing new MixinPlatformAgentDefault for SecureJarResource(eidolon_origins)
[03февр.2026 23:09:42.147] [main/DEBUG] [mixin/]: MixinPlatformAgentDefault accepted container SecureJarResource(eidolon_origins)
[03февр.2026 23:09:42.147] [main/DEBUG] [mixin/]: Processing prepare() for PlatformAgent[MixinPlatformAgentDefault:SecureJarResource(eidolon_origins)]
[03февр.2026 23:09:42.147] [main/DEBUG] [mixin/]: Adding mixin platform agents for container SecureJarResource(apoli)
[03февр.2026 23:09:42.147] [main/DEBUG] [mixin/]: Instancing new MixinPlatformAgentMinecraftForge for SecureJarResource(apoli)
[03февр.2026 23:09:42.147] [main/DEBUG] [mixin/]: MixinPlatformAgentMinecraftForge rejected container SecureJarResource(apoli)
[03февр.2026 23:09:42.147] [main/DEBUG] [mixin/]: Instancing new MixinPlatformAgentDefault for SecureJarResource(apoli)
[03февр.2026 23:09:42.147] [main/DEBUG] [mixin/]: MixinPlatformAgentDefault accepted container SecureJarResource(apoli)
[03февр.2026 23:09:42.147] [main/DEBUG] [mixin/]: Processing prepare() for PlatformAgent[MixinPlatformAgentDefault:SecureJarResource(apoli)]
[03февр.2026 23:09:42.148] [main/DEBUG] [mixin/]: Registering mixin config: apoli.mixins.json
[03февр.2026 23:09:42.149] [main/DEBUG] [mixin/]: Adding mixin platform agents for container SecureJarResource(curios)
[03февр.2026 23:09:42.150] [main/DEBUG] [mixin/]: Instancing new MixinPlatformAgentMinecraftForge for SecureJarResource(curios)
[03февр.2026 23:09:42.150] [main/DEBUG] [mixin/]: MixinPlatformAgentMinecraftForge rejected container SecureJarResource(curios)
[03февр.2026 23:09:42.150] [main/DEBUG] [mixin/]: Instancing new MixinPlatformAgentDefault for SecureJarResource(curios)
[03февр.2026 23:09:42.150] [main/DEBUG] [mixin/]: MixinPlatformAgentDefault accepted container SecureJarResource(curios)
[03февр.2026 23:09:42.150] [main/DEBUG] [mixin/]: Processing prepare() for PlatformAgent[MixinPlatformAgentDefault:SecureJarResource(curios)]
[03февр.2026 23:09:42.150] [main/DEBUG] [mixin/]: Registering mixin config: curios.mixins.json
[03февр.2026 23:09:42.152] [main/DEBUG] [mixin/]: Adding mixin platform agents for container SecureJarResource(eidolon)
[03февр.2026 23:09:42.152] [main/DEBUG] [mixin/]: Instancing new MixinPlatformAgentMinecraftForge for SecureJarResource(eidolon)
[03февр.2026 23:09:42.152] [main/DEBUG] [mixin/]: MixinPlatformAgentMinecraftForge rejected container SecureJarResource(eidolon)
[03февр.2026 23:09:42.152] [main/DEBUG] [mixin/]: Instancing new MixinPlatformAgentDefault for SecureJarResource(eidolon)
[03февр.2026 23:09:42.152] [main/DEBUG] [mixin/]: MixinPlatformAgentDefault accepted container SecureJarResource(eidolon)
[03февр.2026 23:09:42.152] [main/DEBUG] [mixin/]: Processing prepare() for PlatformAgent[MixinPlatformAgentDefault:SecureJarResource(eidolon)]
[03февр.2026 23:09:42.153] [main/DEBUG] [mixin/]: Registering mixin config: eidolon.mixins.json
[03февр.2026 23:09:42.155] [main/DEBUG] [mixin/]: Adding mixin platform agents for container SecureJarResource(origins)
[03февр.2026 23:09:42.155] [main/DEBUG] [mixin/]: Instancing new MixinPlatformAgentMinecraftForge for SecureJarResource(origins)
[03февр.2026 23:09:42.155] [main/DEBUG] [mixin/]: MixinPlatformAgentMinecraftForge rejected container SecureJarResource(origins)
[03февр.2026 23:09:42.155] [main/DEBUG] [mixin/]: Instancing new MixinPlatformAgentDefault for SecureJarResource(origins)
[03февр.2026 23:09:42.155] [main/DEBUG] [mixin/]: MixinPlatformAgentDefault accepted container SecureJarResource(origins)
[03февр.2026 23:09:42.155] [main/DEBUG] [mixin/]: Processing prepare() for PlatformAgent[MixinPlatformAgentDefault:SecureJarResource(origins)]
[03февр.2026 23:09:42.155] [main/DEBUG] [mixin/]: Registering mixin config: origins.mixins.json
[03февр.2026 23:09:42.159] [main/DEBUG] [mixin/]: Adding mixin platform agents for container SecureJarResource(MixinExtras.beta._8)
[03февр.2026 23:09:42.159] [main/DEBUG] [mixin/]: Instancing new MixinPlatformAgentMinecraftForge for SecureJarResource(MixinExtras.beta._8)
[03февр.2026 23:09:42.159] [main/DEBUG] [mixin/]: MixinPlatformAgentMinecraftForge rejected container SecureJarResource(MixinExtras.beta._8)
[03февр.2026 23:09:42.159] [main/DEBUG] [mixin/]: Instancing new MixinPlatformAgentDefault for SecureJarResource(MixinExtras.beta._8)
[03февр.2026 23:09:42.159] [main/DEBUG] [mixin/]: MixinPlatformAgentDefault accepted container SecureJarResource(MixinExtras.beta._8)
[03февр.2026 23:09:42.159] [main/DEBUG] [mixin/]: Processing prepare() for PlatformAgent[MixinPlatformAgentDefault:SecureJarResource(MixinExtras.beta._8)]
[03февр.2026 23:09:42.159] [main/DEBUG] [mixin/]: inject() running with 14 agents
[03февр.2026 23:09:42.159] [main/DEBUG] [mixin/]: Processing inject() for PlatformAgent[MixinPlatformAgentDefault:ModLauncher Root Container(ModLauncher:4f56a0a2)]
[03февр.2026 23:09:42.160] [main/DEBUG] [mixin/]: Processing inject() for PlatformAgent[MixinPlatformAgentDefault:SecureJarResource(minecraft)]
[03февр.2026 23:09:42.160] [main/DEBUG] [mixin/]: Processing inject() for PlatformAgent[MixinPlatformAgentDefault:SecureJarResource(mixinextras)]
[03февр.2026 23:09:42.160] [main/DEBUG] [mixin/]: Processing inject() for PlatformAgent[MixinPlatformAgentDefault:SecureJarResource(fluffy_fur)]
[03февр.2026 23:09:42.160] [main/DEBUG] [mixin/]: Processing inject() for PlatformAgent[MixinPlatformAgentDefault:SecureJarResource(additionalentityattributes)]
[03февр.2026 23:09:42.160] [main/DEBUG] [mixin/]: Processing inject() for PlatformAgent[MixinPlatformAgentDefault:SecureJarResource(calio)]
[03февр.2026 23:09:42.160] [main/DEBUG] [mixin/]: Processing inject() for PlatformAgent[MixinPlatformAgentDefault:SecureJarResource(caelus)]
[03февр.2026 23:09:42.160] [main/DEBUG] [mixin/]: Processing inject() for PlatformAgent[MixinPlatformAgentDefault:SecureJarResource(forge)]
[03февр.2026 23:09:42.160] [main/DEBUG] [mixin/]: Processing inject() for PlatformAgent[MixinPlatformAgentDefault:SecureJarResource(eidolon_origins)]
[03февр.2026 23:09:42.160] [main/DEBUG] [mixin/]: Processing inject() for PlatformAgent[MixinPlatformAgentDefault:SecureJarResource(apoli)]
[03февр.2026 23:09:42.160] [main/DEBUG] [mixin/]: Processing inject() for PlatformAgent[MixinPlatformAgentDefault:SecureJarResource(curios)]
[03февр.2026 23:09:42.161] [main/DEBUG] [mixin/]: Processing inject() for PlatformAgent[MixinPlatformAgentDefault:SecureJarResource(eidolon)]
[03февр.2026 23:09:42.161] [main/DEBUG] [mixin/]: Processing inject() for PlatformAgent[MixinPlatformAgentDefault:SecureJarResource(origins)]
[03февр.2026 23:09:42.161] [main/DEBUG] [mixin/]: Processing inject() for PlatformAgent[MixinPlatformAgentDefault:SecureJarResource(MixinExtras.beta._8)]
[03февр.2026 23:09:42.161] [main/INFO] [cpw.mods.modlauncher.LaunchServiceHandler/MODLAUNCHER]: Launching target 'forgeclientuserdev' with arguments [--version, MOD_DEV, --gameDir, ., --assetsDir, C:\Users\Елена\.gradle\caches\forge_gradle\assets, --assetIndex, 5]
[03февр.2026 23:09:42.225] [main/DEBUG] [mixin/]: Error cleaning class output directory: .mixin.out
[03февр.2026 23:09:42.227] [main/DEBUG] [mixin/]: Preparing mixins for MixinEnvironment[DEFAULT]
[03февр.2026 23:09:42.227] [main/DEBUG] [mixin/]: Selecting config eidolon_origins.mixins.json
[03февр.2026 23:09:42.231] [main/WARN] [mixin/]: Reference map 'eidolon_origins.refmap.json' for eidolon_origins.mixins.json could not be read. If this is a development environment you can ignore this message
[03февр.2026 23:09:42.232] [main/DEBUG] [mixin/]: Selecting config mixinextras.init.mixins.json
[03февр.2026 23:09:42.255] [main/DEBUG] [mixin/]: Registering new injector for @Inject with org.spongepowered.asm.mixin.injection.struct.CallbackInjectionInfo
[03февр.2026 23:09:42.257] [main/DEBUG] [mixin/]: Registering new injector for @ModifyArg with org.spongepowered.asm.mixin.injection.struct.ModifyArgInjectionInfo
[03февр.2026 23:09:42.258] [main/DEBUG] [mixin/]: Registering new injector for @ModifyArgs with org.spongepowered.asm.mixin.injection.struct.ModifyArgsInjectionInfo
[03февр.2026 23:09:42.260] [main/DEBUG] [mixin/]: Registering new injector for @Redirect with org.spongepowered.asm.mixin.injection.struct.RedirectInjectionInfo
[03февр.2026 23:09:42.261] [main/DEBUG] [mixin/]: Registering new injector for @ModifyVariable with org.spongepowered.asm.mixin.injection.struct.ModifyVariableInjectionInfo
[03февр.2026 23:09:42.263] [main/DEBUG] [mixin/]: Registering new injector for @ModifyConstant with org.spongepowered.asm.mixin.injection.struct.ModifyConstantInjectionInfo
[03февр.2026 23:09:42.267] [main/DEBUG] [mixin/]: Registering new injector for @ModifyExpressionValue with com.llamalad7.mixinextras.injector.ModifyExpressionValueInjectionInfo
[03февр.2026 23:09:42.271] [main/DEBUG] [mixin/]: Registering new injector for @ModifyReceiver with com.llamalad7.mixinextras.injector.ModifyReceiverInjectionInfo
[03февр.2026 23:09:42.273] [main/DEBUG] [mixin/]: Registering new injector for @ModifyReturnValue with com.llamalad7.mixinextras.injector.ModifyReturnValueInjectionInfo
[03февр.2026 23:09:42.278] [main/DEBUG] [mixin/]: Registering new injector for @WrapOperation with com.llamalad7.mixinextras.injector.wrapoperation.WrapOperationInjectionInfo
[03февр.2026 23:09:42.280] [main/DEBUG] [mixin/]: Registering new injector for @WrapWithCondition with com.llamalad7.mixinextras.injector.WrapWithConditionInjectionInfo
[03февр.2026 23:09:42.283] [main/DEBUG] [mixin/]: Registering new injector for @SugarWrapper with com.llamalad7.mixinextras.sugar.impl.SugarWrapperInjectionInfo
[03февр.2026 23:09:42.304] [main/DEBUG] [mixin/]: Selecting config fluffy_fur.mixins.json
[03февр.2026 23:09:42.597] [main/INFO] [mixin/]: Remapping refMap fluffy_fur.refmap.json using C:\Users\Елена\IdeaProjects\eidolon_origins\build\createSrgToMcp\output.srg
[03февр.2026 23:09:42.597] [main/DEBUG] [mixin/]: Selecting config additionalentityattributes.mixins.json
[03февр.2026 23:09:42.599] [main/INFO] [mixin/]: Remapping refMap additionalentityattributes.refmap.json using C:\Users\Елена\IdeaProjects\eidolon_origins\build\createSrgToMcp\output.srg
[03февр.2026 23:09:42.599] [main/DEBUG] [mixin/]: Selecting config calio.mixins.json
[03февр.2026 23:09:42.599] [main/INFO] [mixin/]: Remapping refMap calio.refmap.json using C:\Users\Елена\IdeaProjects\eidolon_origins\build\createSrgToMcp\output.srg
[03февр.2026 23:09:42.600] [main/DEBUG] [mixin/]: Selecting config caelus.mixins.json
[03февр.2026 23:09:42.600] [main/INFO] [mixin/]: Remapping refMap caelus.refmap.json using C:\Users\Елена\IdeaProjects\eidolon_origins\build\createSrgToMcp\output.srg
[03февр.2026 23:09:42.601] [main/DEBUG] [mixin/]: Selecting config apoli.mixins.json
[03февр.2026 23:09:42.604] [main/INFO] [mixin/]: Remapping refMap apoli.refmap.json using C:\Users\Елена\IdeaProjects\eidolon_origins\build\createSrgToMcp\output.srg
[03февр.2026 23:09:42.605] [main/DEBUG] [mixin/]: Selecting config curios.mixins.json
[03февр.2026 23:09:42.606] [main/INFO] [mixin/]: Remapping refMap curios.refmap.json using C:\Users\Елена\IdeaProjects\eidolon_origins\build\createSrgToMcp\output.srg
[03февр.2026 23:09:42.606] [main/DEBUG] [mixin/]: Selecting config eidolon.mixins.json
[03февр.2026 23:09:42.608] [main/INFO] [mixin/]: Remapping refMap eidolon.refmap.json using C:\Users\Елена\IdeaProjects\eidolon_origins\build\createSrgToMcp\output.srg
[03февр.2026 23:09:42.608] [main/DEBUG] [mixin/]: Selecting config origins.mixins.json
[03февр.2026 23:09:42.609] [main/INFO] [mixin/]: Remapping refMap origins.refmap.json using C:\Users\Елена\IdeaProjects\eidolon_origins\build\createSrgToMcp\output.srg
[03февр.2026 23:09:42.609] [main/DEBUG] [mixin/]: Preparing eidolon_origins.mixins.json (0)
[03февр.2026 23:09:42.610] [main/DEBUG] [mixin/]: Preparing mixinextras.init.mixins.json (0)
[03февр.2026 23:09:42.610] [main/DEBUG] [mixin/]: Preparing fluffy_fur.mixins.json (37)
[03февр.2026 23:09:42.680] [main/DEBUG] [net.minecraftforge.coremod.transformer.CoreModBaseTransformer/COREMOD]: Transforming net/minecraft/world/entity/Entity
[03февр.2026 23:09:42.766] [main/DEBUG] [net.minecraftforge.coremod.transformer.CoreModBaseTransformer/COREMOD]: Transforming jumpInFluid with desc (Lnet/minecraftforge/fluids/FluidType;)V
[03февр.2026 23:09:42.786] [main/DEBUG] [net.minecraftforge.coremod.transformer.CoreModBaseTransformer/COREMOD]: Transforming sinkInFluid with desc (Lnet/minecraftforge/fluids/FluidType;)V
[03февр.2026 23:09:42.875] [main/DEBUG] [net.minecraftforge.coremod.transformer.CoreModBaseTransformer/COREMOD]: Transforming resetHoverName with desc ()V
[03февр.2026 23:09:42.881] [main/DEBUG] [net.minecraftforge.coremod.transformer.CoreModBaseTransformer/COREMOD]: Transforming net/minecraft/world/item/ItemStack
[03февр.2026 23:09:42.888] [main/DEBUG] [net.minecraftforge.coremod.transformer.CoreModBaseTransformer/COREMOD]: Transforming canEquip with desc (Lnet/minecraft/world/entity/EquipmentSlot;Lnet/minecraft/world/entity/Entity;)Z
[03февр.2026 23:09:42.900] [main/DEBUG] [net.minecraftforge.coremod.transformer.CoreModBaseTransformer/COREMOD]: Transforming getHighlightTip with desc (Lnet/minecraft/network/chat/Component;)Lnet/minecraft/network/chat/Component;
[03февр.2026 23:09:42.907] [main/DEBUG] [net.minecraftforge.coremod.transformer.CoreModBaseTransformer/COREMOD]: Transforming getFoodProperties with desc (Lnet/minecraft/world/entity/LivingEntity;)Lnet/minecraft/world/food/FoodProperties;
[03февр.2026 23:09:42.974] [main/DEBUG] [mixin/]: Preparing additionalentityattributes.mixins.json (9)
[03февр.2026 23:09:43.018] [main/DEBUG] [mixin/]: Preparing calio.mixins.json (1)
[03февр.2026 23:09:43.021] [main/DEBUG] [mixin/]: Preparing caelus.mixins.json (4)
[03февр.2026 23:09:43.029] [main/DEBUG] [mixin/]: Preparing apoli.mixins.json (54)
[03февр.2026 23:09:43.080] [main/DEBUG] [net.minecraftforge.coremod.transformer.CoreModBaseTransformer/COREMOD]: Transforming net/minecraft/world/level/biome/Biome
[03февр.2026 23:09:43.098] [main/DEBUG] [net.minecraftforge.coremod.transformer.CoreModBaseTransformer/COREMOD]: Transforming net/minecraft/world/level/levelgen/PhantomSpawner
[03февр.2026 23:09:43.148] [main/DEBUG] [net.minecraftforge.coremod.transformer.CoreModBaseTransformer/COREMOD]: Transforming net/minecraft/world/effect/MobEffectInstance
[03февр.2026 23:09:43.193] [main/DEBUG] [mixin/]: Preparing curios.mixins.json (13)
[03февр.2026 23:09:43.207] [main/DEBUG] [mixin/]: Preparing eidolon.mixins.json (10)
[03февр.2026 23:09:43.215] [main/DEBUG] [mixin/]: Preparing origins.mixins.json (10)
[03февр.2026 23:09:43.261] [main/DEBUG] [mixin/]: Prepared 136 mixins in 1,033 sec (7,6ms avg) (0ms load, 0ms transform, 0ms plugin)
[03февр.2026 23:09:43.274] [main/DEBUG] [mixin/]: Mixing client.GuiGraphicsMixin from fluffy_fur.mixins.json into net.minecraft.client.gui.GuiGraphics
[03февр.2026 23:09:43.289] [main/DEBUG] [mixin/]: Mixing DrawContextAccessor from origins.mixins.json into net.minecraft.client.gui.GuiGraphics
[03февр.2026 23:09:43.483] [main/DEBUG] [mixin/]: Mixing client.MinecraftMixin from fluffy_fur.mixins.json into net.minecraft.client.Minecraft
[03февр.2026 23:09:43.502] [main/DEBUG] [mixin/]: Mixing MinecraftClientMixin from apoli.mixins.json into net.minecraft.client.Minecraft
[03февр.2026 23:09:43.784] [main/DEBUG] [io.netty.util.internal.logging.InternalLoggerFactory/]: Using SLF4J as the default logging framework
[03февр.2026 23:09:43.786] [main/DEBUG] [io.netty.util.ResourceLeakDetector/]: -Dio.netty.leakDetection.level: simple
[03февр.2026 23:09:43.787] [main/DEBUG] [io.netty.util.ResourceLeakDetector/]: -Dio.netty.leakDetection.targetRecords: 4
[03февр.2026 23:09:43.895] [main/DEBUG] [oshi.util.FileUtil/]: No oshi.properties file found from ClassLoader cpw.mods.modlauncher.TransformingClassLoader@2792b416
[03февр.2026 23:09:44.073] [main/DEBUG] [oshi.util.FileUtil/]: No oshi.architecture.properties file found from ClassLoader cpw.mods.modlauncher.TransformingClassLoader@2792b416
[03февр.2026 23:09:44.532] [pool-4-thread-1/DEBUG] [mixin/]: Mixing MappedRegistryMixin from calio.mixins.json into net.minecraft.core.MappedRegistry
[03февр.2026 23:09:44.714] [pool-4-thread-1/DEBUG] [mixin/]: Mixing common.BlockMixin from additionalentityattributes.mixins.json into net.minecraft.world.level.block.Block
[03февр.2026 23:09:44.752] [pool-4-thread-1/DEBUG] [mixin/]: Mixing forge.BlockBehaviourMixin from apoli.mixins.json into net.minecraft.world.level.block.state.BlockBehaviour
[03февр.2026 23:09:44.752] [pool-4-thread-1/DEBUG] [mixin/]: Renaming synthetic method lambda$allowUnbreakableBreaking$1(Lnet/minecraft/world/entity/player/Player;Lnet/minecraft/core/BlockPos;Lnet/minecraft/world/level/block/state/BlockState;Lnet/minecraft/core/Holder;)Z to md34eb11$lambda$allowUnbreakableBreaking$1$0 in apoli.mixins.json:forge.BlockBehaviourMixin
[03февр.2026 23:09:44.752] [pool-4-thread-1/DEBUG] [mixin/]: Renaming synthetic method lambda$allowUnbreakableBreaking$0(Lnet/minecraft/world/level/block/state/BlockState;)Lnet/minecraft/world/level/block/state/BlockState; to md34eb11$lambda$allowUnbreakableBreaking$0$1 in apoli.mixins.json:forge.BlockBehaviourMixin
[03февр.2026 23:09:44.792] [pool-4-thread-1/DEBUG] [net.minecraftforge.coremod.transformer.CoreModBaseTransformer/COREMOD]: Transforming net/minecraft/world/entity/Entity
[03февр.2026 23:09:44.796] [pool-4-thread-1/DEBUG] [mixin/]: Mixing common.EntityMixin from fluffy_fur.mixins.json into net.minecraft.world.entity.Entity
[03февр.2026 23:09:44.814] [pool-4-thread-1/DEBUG] [mixin/]: Mixing common.EntityMixin from additionalentityattributes.mixins.json into net.minecraft.world.entity.Entity
[03февр.2026 23:09:44.816] [pool-4-thread-1/DEBUG] [mixin/]: Mixing EntityAccessor from apoli.mixins.json into net.minecraft.world.entity.Entity
[03февр.2026 23:09:44.822] [pool-4-thread-1/DEBUG] [mixin/]: Mixing EntityMixin from apoli.mixins.json into net.minecraft.world.entity.Entity
[03февр.2026 23:09:44.824] [pool-4-thread-1/DEBUG] [mixin/]: Renaming synthetic method lambda$modifyMovementVelocityXZ$2(Lnet/minecraft/core/Holder;)Z to md34eb11$lambda$modifyMovementVelocityXZ$2$0 in apoli.mixins.json:EntityMixin
[03февр.2026 23:09:44.825] [pool-4-thread-1/DEBUG] [mixin/]: Renaming synthetic method lambda$modifyMovementVelocityXZ$1(Lnet/minecraft/core/Holder;)Z to md34eb11$lambda$modifyMovementVelocityXZ$1$1 in apoli.mixins.json:EntityMixin
[03февр.2026 23:09:44.825] [pool-4-thread-1/DEBUG] [mixin/]: Renaming synthetic method lambda$modifyMovementVelocityXZ$0(Lnet/minecraft/core/Holder;)Z to md34eb11$lambda$modifyMovementVelocityXZ$0$2 in apoli.mixins.json:EntityMixin
[03февр.2026 23:09:44.841] [pool-4-thread-1/DEBUG] [mixin/]: Mixing AccessorEntity from curios.mixins.json into net.minecraft.world.entity.Entity
[03февр.2026 23:09:44.847] [pool-4-thread-1/DEBUG] [mixin/]: Mixing EntityMixin from eidolon.mixins.json into net.minecraft.world.entity.Entity
[03февр.2026 23:09:44.848] [pool-4-thread-1/DEBUG] [mixin/]: Mixing SelectionInvulnerabilityMixin from origins.mixins.json into net.minecraft.world.entity.Entity
[03февр.2026 23:09:44.849] [pool-4-thread-1/DEBUG] [mixin/]: Renaming synthetic method lambda$makeOriginInvulnerable$3(Lorg/spongepowered/asm/mixin/injection/callback/CallbackInfoReturnable;Lnet/minecraft/world/entity/Entity;Lio/github/edwinmindcraft/origins/api/capabilities/IOriginContainer;)V to md34eb11$lambda$makeOriginInvulnerable$3$3 in origins.mixins.json:SelectionInvulnerabilityMixin
[03февр.2026 23:09:44.849] [pool-4-thread-1/DEBUG] [mixin/]: Renaming synthetic method lambda$makeOriginInvulnerable$2(Lnet/minecraft/world/entity/Entity;Lnet/minecraft/core/Holder$Reference;)Ljava/lang/String; to md34eb11$lambda$makeOriginInvulnerable$2$4 in origins.mixins.json:SelectionInvulnerabilityMixin
[03февр.2026 23:09:44.849] [pool-4-thread-1/DEBUG] [mixin/]: Renaming synthetic method lambda$makeOriginInvulnerable$1(Ljava/util/Optional;)Ljava/util/stream/Stream; to md34eb11$lambda$makeOriginInvulnerable$1$5 in origins.mixins.json:SelectionInvulnerabilityMixin
[03февр.2026 23:09:44.849] [pool-4-thread-1/DEBUG] [mixin/]: Renaming synthetic method lambda$makeOriginInvulnerable$0(Lio/github/edwinmindcraft/origins/api/capabilities/IOriginContainer;Lnet/minecraft/world/entity/Entity;Lnet/minecraft/core/Holder$Reference;)Z to md34eb11$lambda$makeOriginInvulnerable$0$6 in origins.mixins.json:SelectionInvulnerabilityMixin
[03февр.2026 23:09:44.982] [pool-4-thread-1/DEBUG] [mixin/]: Mixing common.DigSpeedMixin from additionalentityattributes.mixins.json into net.minecraft.world.entity.player.Player
[03февр.2026 23:09:44.983] [pool-4-thread-1/DEBUG] [mixin/]: Mixing common.PlayerEntityMixin from additionalentityattributes.mixins.json into net.minecraft.world.entity.player.Player
[03февр.2026 23:09:44.984] [pool-4-thread-1/DEBUG] [mixin/]: Mixing PlayerEntityMixin from apoli.mixins.json into net.minecraft.world.entity.player.Player
[03февр.2026 23:09:44.986] [pool-4-thread-1/DEBUG] [net.minecraftforge.coremod.transformer.CoreModBaseTransformer/COREMOD]: Transforming jumpInFluid with desc (Lnet/minecraftforge/fluids/FluidType;)V
[03февр.2026 23:09:44.986] [pool-4-thread-1/DEBUG] [net.minecraftforge.coremod.transformer.CoreModBaseTransformer/COREMOD]: Transforming sinkInFluid with desc (Lnet/minecraftforge/fluids/FluidType;)V
[03февр.2026 23:09:44.998] [pool-4-thread-1/DEBUG] [mixin/]: Mixing forge.PlayerMixin from apoli.mixins.json into net.minecraft.world.entity.player.Player
[03февр.2026 23:09:44.999] [pool-4-thread-1/DEBUG] [mixin/]: Mixing PlayerMixin from eidolon.mixins.json into net.minecraft.world.entity.player.Player
[03февр.2026 23:09:45.001] [pool-4-thread-1/DEBUG] [mixin/]: Mixing NoCobwebSlowdownMixin from origins.mixins.json into net.minecraft.world.entity.player.Player
[03февр.2026 23:09:45.002] [pool-4-thread-1/DEBUG] [mixin/]: Mixing WaterBreathingMixin$UpdateAir from origins.mixins.json into net.minecraft.world.entity.player.Player
[03февр.2026 23:09:45.011] [pool-4-thread-1/DEBUG] [net.minecraftforge.coremod.transformer.CoreModBaseTransformer/COREMOD]: Transforming net/minecraft/world/entity/EntityType
[03февр.2026 23:09:45.170] [pool-4-thread-1/DEBUG] [mixin/]: Mixing common.LivingEntityMixin from additionalentityattributes.mixins.json into net.minecraft.world.entity.LivingEntity
[03февр.2026 23:09:45.172] [pool-4-thread-1/DEBUG] [mixin/]: Mixing MixinLivingEntity from caelus.mixins.json into net.minecraft.world.entity.LivingEntity
[03февр.2026 23:09:45.173] [pool-4-thread-1/DEBUG] [mixin/]: Mixing LivingEntityMixin from apoli.mixins.json into net.minecraft.world.entity.LivingEntity
[03февр.2026 23:09:45.177] [pool-4-thread-1/DEBUG] [mixin/]: Renaming synthetic method lambda$preventApplyingFoodEffects$13(Lio/github/edwinmindcraft/apoli/api/power/configuration/ConfiguredPower;)Z to md34eb11$lambda$preventApplyingFoodEffects$13$0 in apoli.mixins.json:LivingEntityMixin
[03февр.2026 23:09:45.177] [pool-4-thread-1/DEBUG] [mixin/]: Renaming synthetic method lambda$callActionOnUseFinishBefore$12(Lnet/minecraft/core/Holder;)Z to md34eb11$lambda$callActionOnUseFinishBefore$12$1 in apoli.mixins.json:LivingEntityMixin
[03февр.2026 23:09:45.177] [pool-4-thread-1/DEBUG] [mixin/]: Renaming synthetic method lambda$callActionOnUseDuringBefore$11(Lnet/minecraft/world/item/ItemStack;Lnet/minecraft/core/Holder;)Z to md34eb11$lambda$callActionOnUseDuringBefore$11$2 in apoli.mixins.json:LivingEntityMixin
[03февр.2026 23:09:45.177] [pool-4-thread-1/DEBUG] [mixin/]: Renaming synthetic method lambda$callActionOnUseStopBefore$10(Lnet/minecraft/core/Holder;)Z to md34eb11$lambda$callActionOnUseStopBefore$10$3 in apoli.mixins.json:LivingEntityMixin
[03февр.2026 23:09:45.178] [pool-4-thread-1/DEBUG] [mixin/]: Renaming synthetic method lambda$modifyAttributeValue$9(Lnet/minecraft/world/entity/ai/attributes/Attribute;Lnet/minecraft/core/Holder;)Z to md34eb11$lambda$modifyAttributeValue$9$4 in apoli.mixins.json:LivingEntityMixin
[03февр.2026 23:09:45.185] [pool-4-thread-1/DEBUG] [mixin/]: Renaming synthetic method lambda$sendPlayerDismountPacket$8(Lnet/minecraft/server/level/ServerPlayer;)Lnet/minecraft/server/level/ServerPlayer; to md34eb11$lambda$sendPlayerDismountPacket$8$5 in apoli.mixins.json:LivingEntityMixin
[03февр.2026 23:09:45.186] [pool-4-thread-1/DEBUG] [mixin/]: Renaming synthetic method lambda$modifyWalkableFluids$7(Lnet/minecraft/world/level/material/FluidState;Lnet/minecraft/core/Holder;)Z to md34eb11$lambda$modifyWalkableFluids$7$6 in apoli.mixins.json:LivingEntityMixin
[03февр.2026 23:09:45.187] [pool-4-thread-1/DEBUG] [mixin/]: Renaming synthetic method lambda$addEquipmentPowers$6(Ljava/util/List;Lnet/minecraft/resources/ResourceLocation;Lio/github/edwinmindcraft/apoli/api/component/IPowerContainer;)V to md34eb11$lambda$addEquipmentPowers$6$7 in apoli.mixins.json:LivingEntityMixin
[03февр.2026 23:09:45.187] [pool-4-thread-1/DEBUG] [mixin/]: Renaming synthetic method lambda$addEquipmentPowers$5(Lio/github/edwinmindcraft/apoli/api/component/IPowerContainer;Lnet/minecraft/resources/ResourceLocation;Lio/github/apace100/apoli/util/StackPowerUtil$StackPower;)V to md34eb11$lambda$addEquipmentPowers$5$8 in apoli.mixins.json:LivingEntityMixin
[03февр.2026 23:09:45.188] [pool-4-thread-1/DEBUG] [mixin/]: Renaming synthetic method lambda$removeEquipmentPowers$4(Ljava/util/List;Lnet/minecraft/resources/ResourceLocation;Lio/github/edwinmindcraft/apoli/api/component/IPowerContainer;)V to md34eb11$lambda$removeEquipmentPowers$4$9 in apoli.mixins.json:LivingEntityMixin
[03февр.2026 23:09:45.188] [pool-4-thread-1/DEBUG] [mixin/]: Renaming synthetic method lambda$removeEquipmentPowers$3(Lio/github/edwinmindcraft/apoli/api/component/IPowerContainer;Lnet/minecraft/resources/ResourceLocation;Lio/github/apace100/apoli/util/StackPowerUtil$StackPower;)V to md34eb11$lambda$removeEquipmentPowers$3$a in apoli.mixins.json:LivingEntityMixin
[03февр.2026 23:09:45.188] [pool-4-thread-1/DEBUG] [mixin/]: Renaming synthetic method lambda$syncAttacker$2()Lnet/minecraft/world/entity/Entity; to md34eb11$lambda$syncAttacker$2$b in apoli.mixins.json:LivingEntityMixin
[03февр.2026 23:09:45.190] [pool-4-thread-1/DEBUG] [mixin/]: Renaming synthetic method lambda$modifyStatusEffect$1(Lnet/minecraft/world/effect/MobEffect;Lnet/minecraft/core/Holder;)Z to md34eb11$lambda$modifyStatusEffect$1$c in apoli.mixins.json:LivingEntityMixin
[03февр.2026 23:09:45.190] [pool-4-thread-1/DEBUG] [mixin/]: Renaming synthetic method lambda$modifyStatusEffect$0(Lnet/minecraft/world/effect/MobEffect;Lnet/minecraft/core/Holder;)Z to md34eb11$lambda$modifyStatusEffect$0$d in apoli.mixins.json:LivingEntityMixin
[03февр.2026 23:09:45.210] [pool-4-thread-1/DEBUG] [net.minecraftforge.coremod.transformer.CoreModBaseTransformer/COREMOD]: Transforming canEquip with desc (Lnet/minecraft/world/entity/EquipmentSlot;Lnet/minecraft/world/entity/Entity;)Z
[03февр.2026 23:09:45.211] [pool-4-thread-1/DEBUG] [net.minecraftforge.coremod.transformer.CoreModBaseTransformer/COREMOD]: Transforming getHighlightTip with desc (Lnet/minecraft/network/chat/Component;)Lnet/minecraft/network/chat/Component;
[03февр.2026 23:09:45.211] [pool-4-thread-1/DEBUG] [net.minecraftforge.coremod.transformer.CoreModBaseTransformer/COREMOD]: Transforming getFoodProperties with desc (Lnet/minecraft/world/entity/LivingEntity;)Lnet/minecraft/world/food/FoodProperties;
[03февр.2026 23:09:45.216] [pool-4-thread-1/DEBUG] [mixin/]: Mixing MixinLivingEntity from curios.mixins.json into net.minecraft.world.entity.LivingEntity
[03февр.2026 23:09:45.217] [pool-4-thread-1/DEBUG] [mixin/]: Mixing LivingEntityMixin from eidolon.mixins.json into net.minecraft.world.entity.LivingEntity
[03февр.2026 23:09:45.226] [pool-4-thread-1/DEBUG] [mixin/]: Mixing LikeWaterMixin from origins.mixins.json into net.minecraft.world.entity.LivingEntity
[03февр.2026 23:09:45.226] [pool-4-thread-1/DEBUG] [mixin/]: Mixing WaterBreathingMixin$CanBreatheInWater from origins.mixins.json into net.minecraft.world.entity.LivingEntity
[03февр.2026 23:09:45.500] [pool-4-thread-1/DEBUG] [net.minecraftforge.coremod.transformer.CoreModBaseTransformer/COREMOD]: Transforming jumpInFluid with desc (Lnet/minecraftforge/fluids/FluidType;)V
[03февр.2026 23:09:45.501] [pool-4-thread-1/DEBUG] [net.minecraftforge.coremod.transformer.CoreModBaseTransformer/COREMOD]: Transforming sinkInFluid with desc (Lnet/minecraftforge/fluids/FluidType;)V
[03февр.2026 23:09:45.509] [pool-4-thread-1/DEBUG] [mixin/]: Mixing AbstractBlockStateMixin from apoli.mixins.json into net.minecraft.world.level.block.state.BlockBehaviour$BlockStateBase
[03февр.2026 23:09:45.540] [pool-4-thread-1/DEBUG] [net.minecraftforge.coremod.transformer.CoreModBaseTransformer/COREMOD]: Transforming getFriction with desc (Lnet/minecraft/world/level/LevelReader;Lnet/minecraft/core/BlockPos;Lnet/minecraft/world/entity/Entity;)F
[03февр.2026 23:09:45.549] [pool-4-thread-1/DEBUG] [net.minecraftforge.coremod.transformer.CoreModBaseTransformer/COREMOD]: Transforming canHarvestBlock with desc (Lnet/minecraft/world/level/BlockGetter;Lnet/minecraft/core/BlockPos;Lnet/minecraft/world/entity/player/Player;)Z
[03февр.2026 23:09:45.587] [pool-4-thread-1/DEBUG] [mixin/]: Mixing common.ItemEntityMixin from fluffy_fur.mixins.json into net.minecraft.world.entity.item.ItemEntity
[03февр.2026 23:09:45.597] [pool-4-thread-1/DEBUG] [mixin/]: Mixing client.ItemEntityMixin from fluffy_fur.mixins.json into net.minecraft.world.entity.item.ItemEntity
[03февр.2026 23:09:45.634] [pool-4-thread-1/DEBUG] [mixin/]: Mixing ItemMixin from apoli.mixins.json into net.minecraft.world.item.Item
[03февр.2026 23:09:45.652] [pool-4-thread-1/DEBUG] [net.minecraftforge.coremod.transformer.CoreModBaseTransformer/COREMOD]: Transforming net/minecraft/world/entity/EntityType
[03февр.2026 23:09:45.718] [pool-4-thread-1/DEBUG] [mixin/]: Mixing BlockEntityTypeAccessor from eidolon.mixins.json into net.minecraft.world.level.block.entity.BlockEntityType
[03февр.2026 23:09:45.772] [pool-4-thread-1/DEBUG] [mixin/]: Mixing client.CreativeModeTabsMixin from fluffy_fur.mixins.json into net.minecraft.world.item.CreativeModeTabs
[03февр.2026 23:09:45.949] [pool-4-thread-1/DEBUG] [mixin/]: Mixing common.BlocksMixin from fluffy_fur.mixins.json into net.minecraft.world.level.block.Blocks
[03февр.2026 23:09:45.949] [pool-4-thread-1/DEBUG] [mixin/]: Renaming synthetic method lambda$fluffy_fur$modifyTorchflowerCrop$2(Lnet/minecraft/world/level/block/state/BlockState;)I to md34eb11$lambda$fluffy_fur$modifyTorchflowerCrop$2$0 in fluffy_fur.mixins.json:common.BlocksMixin
[03февр.2026 23:09:45.949] [pool-4-thread-1/DEBUG] [mixin/]: Renaming synthetic method lambda$fluffy_fur$modifyPottedTorchflower$1(Lnet/minecraft/world/level/block/state/BlockState;)I to md34eb11$lambda$fluffy_fur$modifyPottedTorchflower$1$1 in fluffy_fur.mixins.json:common.BlocksMixin
[03февр.2026 23:09:45.949] [pool-4-thread-1/DEBUG] [mixin/]: Renaming synthetic method lambda$fluffy_fur$modifyTorchflower$0(Lnet/minecraft/world/level/block/state/BlockState;)I to md34eb11$lambda$fluffy_fur$modifyTorchflower$0$2 in fluffy_fur.mixins.json:common.BlocksMixin
[03февр.2026 23:09:46.010] [pool-4-thread-1/DEBUG] [net.minecraftforge.coremod.transformer.CoreModBaseTransformer/COREMOD]: Transforming net/minecraft/world/level/block/LiquidBlock
[03февр.2026 23:09:46.039] [pool-4-thread-1/DEBUG] [mixin/]: Mixing common.TntBlockMixin from fluffy_fur.mixins.json into net.minecraft.world.level.block.TntBlock
[03февр.2026 23:09:46.057] [pool-4-thread-1/DEBUG] [net.minecraftforge.coremod.transformer.CoreModBaseTransformer/COREMOD]: Transforming net/minecraft/world/level/block/StairBlock
[03февр.2026 23:09:46.133] [pool-4-thread-1/DEBUG] [net.minecraftforge.coremod.transformer.CoreModBaseTransformer/COREMOD]: Transforming net/minecraft/world/level/block/FlowerPotBlock
[03февр.2026 23:09:46.205] [pool-4-thread-1/DEBUG] [mixin/]: Mixing MixinPowderSnowBlock from curios.mixins.json into net.minecraft.world.level.block.PowderSnowBlock
[03февр.2026 23:09:46.489] [pool-4-thread-1/DEBUG] [mixin/]: Mixing common.AttributesMixin from fluffy_fur.mixins.json into net.minecraft.world.entity.ai.attributes.Attributes
[03февр.2026 23:09:46.645] [pool-4-thread-1/DEBUG] [mixin/]: Mixing forge.AbstractContainerMenuMixin from apoli.mixins.json into net.minecraft.world.inventory.AbstractContainerMenu
[03февр.2026 23:09:46.645] [pool-4-thread-1/DEBUG] [mixin/]: Renaming synthetic method lambda$checkForSameTagsWithNewContextGrow$9(Lnet/minecraft/world/inventory/Slot;)Z to md34eb11$lambda$checkForSameTagsWithNewContextGrow$9$0 in apoli.mixins.json:forge.AbstractContainerMenuMixin
[03февр.2026 23:09:46.646] [pool-4-thread-1/DEBUG] [mixin/]: Renaming synthetic method lambda$checkForSameTagsWithNewContextGrow$8(Lnet/minecraft/world/inventory/Slot;)Z to md34eb11$lambda$checkForSameTagsWithNewContextGrow$8$1 in apoli.mixins.json:forge.AbstractContainerMenuMixin
[03февр.2026 23:09:46.646] [pool-4-thread-1/DEBUG] [mixin/]: Renaming synthetic method lambda$checkForSameTagsWithNewContextInsert$7(Lnet/minecraft/world/inventory/Slot;)Z to md34eb11$lambda$checkForSameTagsWithNewContextInsert$7$2 in apoli.mixins.json:forge.AbstractContainerMenuMixin
[03февр.2026 23:09:46.646] [pool-4-thread-1/DEBUG] [mixin/]: Renaming synthetic method lambda$checkForSameTagsWithNewContextInsert$6(Lnet/minecraft/world/inventory/Slot;)Z to md34eb11$lambda$checkForSameTagsWithNewContextInsert$6$3 in apoli.mixins.json:forge.AbstractContainerMenuMixin
[03февр.2026 23:09:46.646] [pool-4-thread-1/DEBUG] [mixin/]: Renaming synthetic method lambda$handleGrindstoneLateActionsSwap$5(Lnet/minecraft/world/inventory/Slot;)Z to md34eb11$lambda$handleGrindstoneLateActionsSwap$5$4 in apoli.mixins.json:forge.AbstractContainerMenuMixin
[03февр.2026 23:09:46.646] [pool-4-thread-1/DEBUG] [mixin/]: Renaming synthetic method lambda$handleGrindstoneLateActionsSwap$4(Lnet/minecraft/world/inventory/Slot;)Z to md34eb11$lambda$handleGrindstoneLateActionsSwap$4$5 in apoli.mixins.json:forge.AbstractContainerMenuMixin
[03февр.2026 23:09:46.646] [pool-4-thread-1/DEBUG] [mixin/]: Renaming synthetic method lambda$handleGrindstoneLateActionsGrow$3(Lnet/minecraft/world/inventory/Slot;)Z to md34eb11$lambda$handleGrindstoneLateActionsGrow$3$6 in apoli.mixins.json:forge.AbstractContainerMenuMixin
[03февр.2026 23:09:46.646] [pool-4-thread-1/DEBUG] [mixin/]: Renaming synthetic method lambda$handleGrindstoneLateActionsGrow$2(Lnet/minecraft/world/inventory/Slot;)Z to md34eb11$lambda$handleGrindstoneLateActionsGrow$2$7 in apoli.mixins.json:forge.AbstractContainerMenuMixin
[03февр.2026 23:09:46.646] [pool-4-thread-1/DEBUG] [mixin/]: Renaming synthetic method lambda$handleGrindstoneLateActionsSet$1(Lnet/minecraft/world/inventory/Slot;)Z to md34eb11$lambda$handleGrindstoneLateActionsSet$1$8 in apoli.mixins.json:forge.AbstractContainerMenuMixin
[03февр.2026 23:09:46.646] [pool-4-thread-1/DEBUG] [mixin/]: Renaming synthetic method lambda$handleGrindstoneLateActionsSet$0(Lnet/minecraft/world/inventory/Slot;)Z to md34eb11$lambda$handleGrindstoneLateActionsSet$0$9 in apoli.mixins.json:forge.AbstractContainerMenuMixin
[03февр.2026 23:09:46.654] [pool-4-thread-1/DEBUG] [mixin/]: Mixing AbstractContainerMenuMixin from eidolon.mixins.json into net.minecraft.world.inventory.AbstractContainerMenu
[03февр.2026 23:09:46.716] [pool-4-thread-1/DEBUG] [mixin/]: Mixing CraftingScreenHandlerMixin from apoli.mixins.json into net.minecraft.world.inventory.CraftingMenu
[03февр.2026 23:09:46.716] [pool-4-thread-1/DEBUG] [mixin/]: Renaming synthetic method lambda$allowUsingViaPower$0(Lnet/minecraft/world/entity/player/Player;Lnet/minecraft/world/level/Level;Lnet/minecraft/core/BlockPos;)Ljava/lang/Boolean; to md34eb11$lambda$allowUsingViaPower$0$0 in apoli.mixins.json:CraftingScreenHandlerMixin
[03февр.2026 23:09:46.802] [pool-4-thread-1/DEBUG] [mixin/]: Mixing ProjectileMixin from eidolon.mixins.json into net.minecraft.world.entity.projectile.Projectile
[03февр.2026 23:09:46.936] [pool-4-thread-1/DEBUG] [net.minecraftforge.coremod.transformer.CoreModBaseTransformer/COREMOD]: Transforming resetHoverName with desc ()V
[03февр.2026 23:09:46.937] [pool-4-thread-1/DEBUG] [net.minecraftforge.coremod.transformer.CoreModBaseTransformer/COREMOD]: Transforming net/minecraft/world/item/ItemStack
[03февр.2026 23:09:46.938] [pool-4-thread-1/DEBUG] [mixin/]: Mixing client.ItemStackMixin from fluffy_fur.mixins.json into net.minecraft.world.item.ItemStack
[03февр.2026 23:09:46.943] [pool-4-thread-1/DEBUG] [mixin/]: Mixing ItemStackMixin from apoli.mixins.json into net.minecraft.world.item.ItemStack
[03февр.2026 23:09:46.944] [pool-4-thread-1/DEBUG] [mixin/]: Renaming synthetic method lambda$callActionOnUseInstantAfter$2(Lnet/minecraft/world/entity/player/Player;Lnet/minecraft/core/Holder;)Z to md34eb11$lambda$callActionOnUseInstantAfter$2$0 in apoli.mixins.json:ItemStackMixin
[03февр.2026 23:09:46.944] [pool-4-thread-1/DEBUG] [mixin/]: Renaming synthetic method lambda$copyNewParams$1(Lio/github/apace100/apoli/access/EntityLinkedItemStack;)V to md34eb11$lambda$copyNewParams$1$1 in apoli.mixins.json:ItemStackMixin
[03февр.2026 23:09:46.944] [pool-4-thread-1/DEBUG] [mixin/]: Renaming synthetic method lambda$callActionOnUseInstantBefore$0(Lnet/minecraft/world/entity/player/Player;Lnet/minecraft/core/Holder;)Z to md34eb11$lambda$callActionOnUseInstantBefore$0$2 in apoli.mixins.json:ItemStackMixin
[03февр.2026 23:09:47.022] [pool-4-thread-1/DEBUG] [net.minecraftforge.coremod.transformer.CoreModBaseTransformer/COREMOD]: Transforming canEquip with desc (Lnet/minecraft/world/entity/EquipmentSlot;Lnet/minecraft/world/entity/Entity;)Z
[03февр.2026 23:09:47.023] [pool-4-thread-1/DEBUG] [net.minecraftforge.coremod.transformer.CoreModBaseTransformer/COREMOD]: Transforming getHighlightTip with desc (Lnet/minecraft/network/chat/Component;)Lnet/minecraft/network/chat/Component;
[03февр.2026 23:09:47.023] [pool-4-thread-1/DEBUG] [net.minecraftforge.coremod.transformer.CoreModBaseTransformer/COREMOD]: Transforming getFoodProperties with desc (Lnet/minecraft/world/entity/LivingEntity;)Lnet/minecraft/world/food/FoodProperties;
[03февр.2026 23:09:47.199] [pool-4-thread-1/DEBUG] [mixin/]: Mixing ConduitOnLandMixin from origins.mixins.json into net.minecraft.world.level.block.entity.ConduitBlockEntity
[03февр.2026 23:09:47.361] [pool-4-thread-1/DEBUG] [mixin/]: Mixing GrindstoneScreenHandlerMixin from apoli.mixins.json into net.minecraft.world.inventory.GrindstoneMenu
[03февр.2026 23:09:47.361] [pool-4-thread-1/DEBUG] [mixin/]: Renaming synthetic method lambda$cachePlayer$0(Lnet/minecraft/world/level/Level;Lnet/minecraft/core/BlockPos;)Lnet/minecraft/core/BlockPos; to md34eb11$lambda$cachePlayer$0$0 in apoli.mixins.json:GrindstoneScreenHandlerMixin
[03февр.2026 23:09:47.509] [pool-4-thread-1/DEBUG] [mixin/]: Mixing client.LightningBoltMixin from fluffy_fur.mixins.json into net.minecraft.world.entity.LightningBolt
[03февр.2026 23:09:47.567] [pool-4-thread-1/DEBUG] [net.minecraftforge.coremod.transformer.CoreModBaseTransformer/COREMOD]: Transforming net/minecraft/world/entity/animal/frog/Tadpole
[03февр.2026 23:09:47.594] [pool-4-thread-1/DEBUG] [mixin/]: Mixing common.BlockItemMixin from fluffy_fur.mixins.json into net.minecraft.world.item.BlockItem
[03февр.2026 23:09:47.595] [pool-4-thread-1/DEBUG] [mixin/]: Mixing BlockItemMixin from apoli.mixins.json into net.minecraft.world.item.BlockItem
[03февр.2026 23:09:47.633] [pool-4-thread-1/DEBUG] [mixin/]: Mixing common.HangingEntityItemMixin from fluffy_fur.mixins.json into net.minecraft.world.item.HangingEntityItem
[03февр.2026 23:09:47.648] [pool-4-thread-1/DEBUG] [net.minecraftforge.coremod.transformer.CoreModBaseTransformer/COREMOD]: Transforming net/minecraft/world/item/BucketItem
[03февр.2026 23:09:47.664] [pool-4-thread-1/DEBUG] [mixin/]: Mixing MixinShearsItem from curios.mixins.json into net.minecraft.world.item.ShearsItem
[03февр.2026 23:09:48.214] [pool-4-thread-1/DEBUG] [mixin/]: Mixing ExperienceOrbEntityMixin from apoli.mixins.json into net.minecraft.world.entity.ExperienceOrb
[03февр.2026 23:09:48.280] [pool-4-thread-1/DEBUG] [net.minecraftforge.coremod.transformer.CoreModBaseTransformer/COREMOD]: Transforming net/minecraft/world/entity/monster/Spider
[03февр.2026 23:09:48.347] [pool-4-thread-1/DEBUG] [mixin/]: Mixing common.CreeperMixin from fluffy_fur.mixins.json into net.minecraft.world.entity.monster.Creeper
[03февр.2026 23:09:48.349] [pool-4-thread-1/DEBUG] [mixin/]: Mixing ScareCreepersMixin from origins.mixins.json into net.minecraft.world.entity.monster.Creeper
[03февр.2026 23:09:48.349] [pool-4-thread-1/DEBUG] [mixin/]: Renaming synthetic method lambda$redirectTargetGoal$1(Lnet/minecraft/world/entity/LivingEntity;)Z to md34eb11$lambda$redirectTargetGoal$1$0 in origins.mixins.json:ScareCreepersMixin
[03февр.2026 23:09:48.350] [pool-4-thread-1/DEBUG] [mixin/]: Renaming synthetic method lambda$addGoals$0(Lnet/minecraft/world/entity/LivingEntity;)Z to md34eb11$lambda$addGoals$0$1 in origins.mixins.json:ScareCreepersMixin
[03февр.2026 23:09:48.354] [Datafixer Bootstrap/INFO] [com.mojang.datafixers.DataFixerBuilder/]: 188 Datafixer optimizations took 155 milliseconds
[03февр.2026 23:09:48.396] [pool-4-thread-1/DEBUG] [net.minecraftforge.coremod.transformer.CoreModBaseTransformer/COREMOD]: Transforming net/minecraft/world/entity/monster/Zombie
[03февр.2026 23:09:48.451] [pool-4-thread-1/DEBUG] [net.minecraftforge.coremod.transformer.CoreModBaseTransformer/COREMOD]: Transforming net/minecraft/world/entity/monster/ZombieVillager
[03февр.2026 23:09:48.479] [pool-4-thread-1/DEBUG] [mixin/]: Mixing common.ThrownTridentMixin from fluffy_fur.mixins.json into net.minecraft.world.entity.projectile.ThrownTrident
[03февр.2026 23:09:48.524] [pool-4-thread-1/DEBUG] [net.minecraftforge.coremod.transformer.CoreModBaseTransformer/COREMOD]: Transforming net/minecraft/world/entity/monster/Evoker$EvokerSummonSpellGoal
[03февр.2026 23:09:48.607] [pool-4-thread-1/DEBUG] [mixin/]: Mixing common.PaintingMixin from fluffy_fur.mixins.json into net.minecraft.world.entity.decoration.Painting
[03февр.2026 23:09:48.683] [pool-4-thread-1/DEBUG] [net.minecraftforge.coremod.transformer.CoreModBaseTransformer/COREMOD]: Transforming net/minecraft/world/entity/animal/horse/SkeletonTrapGoal
[03февр.2026 23:09:48.702] [pool-4-thread-1/DEBUG] [net.minecraftforge.coremod.transformer.CoreModBaseTransformer/COREMOD]: Transforming net/minecraft/world/entity/monster/Strider
[03февр.2026 23:09:48.814] [pool-4-thread-1/DEBUG] [net.minecraftforge.coremod.transformer.CoreModBaseTransformer/COREMOD]: Transforming net/minecraft/world/entity/npc/Villager
[03февр.2026 23:09:48.905] [pool-4-thread-1/DEBUG] [net.minecraftforge.coremod.transformer.CoreModBaseTransformer/COREMOD]: Transforming net/minecraft/world/effect/MobEffectInstance
[03февр.2026 23:09:48.906] [pool-4-thread-1/DEBUG] [mixin/]: Mixing StatusEffectInstanceMixin from apoli.mixins.json into net.minecraft.world.effect.MobEffectInstance
[03февр.2026 23:09:48.940] [pool-4-thread-1/DEBUG] [mixin/]: Mixing ServerPlayNetworkHandlerMixin from apoli.mixins.json into net.minecraft.server.network.ServerGamePacketListenerImpl
[03февр.2026 23:09:48.985] [pool-4-thread-1/DEBUG] [mixin/]: Mixing PotionBrewingMixin from eidolon.mixins.json into net.minecraft.world.item.alchemy.PotionBrewing
[03февр.2026 23:09:48.986] [pool-4-thread-1/DEBUG] [mixin/]: Renaming @Invoker method callAddMix(Lnet/minecraft/world/item/alchemy/Potion;Lnet/minecraft/world/item/Item;Lnet/minecraft/world/item/alchemy/Potion;)V to callAddMix_$md$34eb11$0 in eidolon.mixins.json:PotionBrewingMixin
[03февр.2026 23:09:49.136] [pool-4-thread-1/DEBUG] [mixin/]: Mixing MixinInventory from curios.mixins.json into net.minecraft.world.entity.player.Inventory
[03февр.2026 23:09:49.164] [pool-4-thread-1/DEBUG] [mixin/]: Mixing forge.ResultSlotAccessor from apoli.mixins.json into net.minecraft.world.inventory.ResultSlot
[03февр.2026 23:09:49.171] [pool-4-thread-1/DEBUG] [mixin/]: Mixing forge.GrindstoneMenuResultSlotAccessor from apoli.mixins.json into net.minecraft.world.inventory.GrindstoneMenu$4
[03февр.2026 23:09:49.235] [pool-4-thread-1/DEBUG] [mixin/]: Mixing ItemSlotArgumentTypeAccessor from apoli.mixins.json into net.minecraft.commands.arguments.SlotArgument
[03февр.2026 23:09:49.279] [pool-4-thread-1/DEBUG] [mixin/]: Mixing LootContextMixin from apoli.mixins.json into net.minecraft.world.level.storage.loot.LootContext
[03февр.2026 23:09:49.307] [pool-4-thread-1/DEBUG] [mixin/]: Mixing common.ApplyBonusLootFunctionMixin from additionalentityattributes.mixins.json into net.minecraft.world.level.storage.loot.functions.ApplyBonusCount
[03февр.2026 23:09:49.312] [pool-4-thread-1/DEBUG] [mixin/]: Mixing MixinApplyBonusCount from curios.mixins.json into net.minecraft.world.level.storage.loot.functions.ApplyBonusCount
[03февр.2026 23:09:49.611] [pool-4-thread-1/DEBUG] [net.minecraftforge.coremod.transformer.CoreModBaseTransformer/COREMOD]: Transforming net/minecraft/world/level/levelgen/structure/Structure
[03февр.2026 23:09:49.672] [pool-4-thread-1/DEBUG] [net.minecraftforge.coremod.transformer.CoreModBaseTransformer/COREMOD]: Transforming net/minecraft/world/level/levelgen/structure/structures/OceanRuinPieces$OceanRuinPiece
[03февр.2026 23:09:49.687] [pool-4-thread-1/DEBUG] [net.minecraftforge.coremod.transformer.CoreModBaseTransformer/COREMOD]: Transforming net/minecraft/world/level/levelgen/structure/structures/SwampHutPiece
[03февр.2026 23:09:49.697] [pool-4-thread-1/DEBUG] [net.minecraftforge.coremod.transformer.CoreModBaseTransformer/COREMOD]: Transforming net/minecraft/world/level/levelgen/structure/structures/OceanMonumentPieces$OceanMonumentPiece
[03февр.2026 23:09:49.728] [pool-4-thread-1/DEBUG] [net.minecraftforge.coremod.transformer.CoreModBaseTransformer/COREMOD]: Transforming net/minecraft/world/level/levelgen/structure/structures/WoodlandMansionPieces$WoodlandMansionPiece
[03февр.2026 23:09:49.885] [pool-4-thread-1/DEBUG] [net.minecraftforge.coremod.transformer.CoreModBaseTransformer/COREMOD]: Transforming net/minecraft/world/level/biome/Biome
[03февр.2026 23:09:49.885] [pool-4-thread-1/DEBUG] [mixin/]: Mixing BiomeMixin from apoli.mixins.json into net.minecraft.world.level.biome.Biome
[03февр.2026 23:09:50.231] [pool-4-thread-1/DEBUG] [net.minecraftforge.registries.GameData/REGISTRIES]: Creating vanilla freeze snapshot
[03февр.2026 23:09:50.234] [pool-4-thread-1/DEBUG] [net.minecraftforge.registries.ForgeRegistry/REGISTRIES]: Registry minecraft:block Sync: VANILLA -> ACTIVE
[03февр.2026 23:09:50.269] [pool-4-thread-1/DEBUG] [net.minecraftforge.registries.ForgeRegistry/REGISTRIES]: Registry minecraft:fluid Sync: VANILLA -> ACTIVE
[03февр.2026 23:09:50.270] [pool-4-thread-1/DEBUG] [net.minecraftforge.registries.ForgeRegistry/REGISTRIES]: Registry minecraft:item Sync: VANILLA -> ACTIVE
[03февр.2026 23:09:50.282] [pool-4-thread-1/DEBUG] [net.minecraftforge.registries.ForgeRegistry/REGISTRIES]: Registry minecraft:mob_effect Sync: VANILLA -> ACTIVE
[03февр.2026 23:09:50.283] [pool-4-thread-1/DEBUG] [net.minecraftforge.registries.ForgeRegistry/REGISTRIES]: Registry minecraft:sound_event Sync: VANILLA -> ACTIVE
[03февр.2026 23:09:50.299] [pool-4-thread-1/DEBUG] [net.minecraftforge.registries.ForgeRegistry/REGISTRIES]: Registry minecraft:potion Sync: VANILLA -> ACTIVE
[03февр.2026 23:09:50.299] [pool-4-thread-1/DEBUG] [net.minecraftforge.registries.ForgeRegistry/REGISTRIES]: Registry minecraft:enchantment Sync: VANILLA -> ACTIVE
[03февр.2026 23:09:50.300] [pool-4-thread-1/DEBUG] [net.minecraftforge.registries.ForgeRegistry/REGISTRIES]: Registry minecraft:entity_type Sync: VANILLA -> ACTIVE
[03февр.2026 23:09:50.301] [pool-4-thread-1/DEBUG] [net.minecraftforge.registries.ForgeRegistry/REGISTRIES]: Registry minecraft:block_entity_type Sync: VANILLA -> ACTIVE
[03февр.2026 23:09:50.301] [pool-4-thread-1/DEBUG] [net.minecraftforge.registries.ForgeRegistry/REGISTRIES]: Registry minecraft:particle_type Sync: VANILLA -> ACTIVE
[03февр.2026 23:09:50.303] [pool-4-thread-1/DEBUG] [net.minecraftforge.registries.ForgeRegistry/REGISTRIES]: Registry minecraft:menu Sync: VANILLA -> ACTIVE
[03февр.2026 23:09:50.303] [pool-4-thread-1/DEBUG] [net.minecraftforge.registries.ForgeRegistry/REGISTRIES]: Registry minecraft:painting_variant Sync: VANILLA -> ACTIVE
[03февр.2026 23:09:50.304] [pool-4-thread-1/DEBUG] [net.minecraftforge.registries.ForgeRegistry/REGISTRIES]: Registry minecraft:recipe_type Sync: VANILLA -> ACTIVE
[03февр.2026 23:09:50.304] [pool-4-thread-1/DEBUG] [net.minecraftforge.registries.ForgeRegistry/REGISTRIES]: Registry minecraft:recipe_serializer Sync: VANILLA -> ACTIVE
[03февр.2026 23:09:50.305] [pool-4-thread-1/DEBUG] [net.minecraftforge.registries.ForgeRegistry/REGISTRIES]: Registry minecraft:attribute Sync: VANILLA -> ACTIVE
[03февр.2026 23:09:50.305] [pool-4-thread-1/DEBUG] [net.minecraftforge.registries.ForgeRegistry/REGISTRIES]: Registry minecraft:stat_type Sync: VANILLA -> ACTIVE
[03февр.2026 23:09:50.305] [pool-4-thread-1/DEBUG] [net.minecraftforge.registries.ForgeRegistry/REGISTRIES]: Registry minecraft:command_argument_type Sync: VANILLA -> ACTIVE
[03февр.2026 23:09:50.305] [pool-4-thread-1/DEBUG] [net.minecraftforge.registries.ForgeRegistry/REGISTRIES]: Registry minecraft:villager_profession Sync: VANILLA -> ACTIVE
[03февр.2026 23:09:50.306] [pool-4-thread-1/DEBUG] [net.minecraftforge.registries.ForgeRegistry/REGISTRIES]: Registry minecraft:point_of_interest_type Sync: VANILLA -> ACTIVE
[03февр.2026 23:09:50.309] [pool-4-thread-1/DEBUG] [net.minecraftforge.registries.ForgeRegistry/REGISTRIES]: Registry minecraft:memory_module_type Sync: VANILLA -> ACTIVE
[03февр.2026 23:09:50.310] [pool-4-thread-1/DEBUG] [net.minecraftforge.registries.ForgeRegistry/REGISTRIES]: Registry minecraft:sensor_type Sync: VANILLA -> ACTIVE
[03февр.2026 23:09:50.313] [pool-4-thread-1/DEBUG] [net.minecraftforge.registries.ForgeRegistry/REGISTRIES]: Registry minecraft:schedule Sync: VANILLA -> ACTIVE
[03февр.2026 23:09:50.313] [pool-4-thread-1/DEBUG] [net.minecraftforge.registries.ForgeRegistry/REGISTRIES]: Registry minecraft:activity Sync: VANILLA -> ACTIVE
[03февр.2026 23:09:50.314] [pool-4-thread-1/DEBUG] [net.minecraftforge.registries.ForgeRegistry/REGISTRIES]: Registry minecraft:worldgen/carver Sync: VANILLA -> ACTIVE
[03февр.2026 23:09:50.314] [pool-4-thread-1/DEBUG] [net.minecraftforge.registries.ForgeRegistry/REGISTRIES]: Registry minecraft:worldgen/feature Sync: VANILLA -> ACTIVE
[03февр.2026 23:09:50.314] [pool-4-thread-1/DEBUG] [net.minecraftforge.registries.ForgeRegistry/REGISTRIES]: Registry minecraft:chunk_status Sync: VANILLA -> ACTIVE
[03февр.2026 23:09:50.315] [pool-4-thread-1/DEBUG] [net.minecraftforge.registries.ForgeRegistry/REGISTRIES]: Registry minecraft:worldgen/block_state_provider_type Sync: VANILLA -> ACTIVE
[03февр.2026 23:09:50.315] [pool-4-thread-1/DEBUG] [net.minecraftforge.registries.ForgeRegistry/REGISTRIES]: Registry minecraft:worldgen/foliage_placer_type Sync: VANILLA -> ACTIVE
[03февр.2026 23:09:50.315] [pool-4-thread-1/DEBUG] [net.minecraftforge.registries.ForgeRegistry/REGISTRIES]: Registry minecraft:worldgen/tree_decorator_type Sync: VANILLA -> ACTIVE
[03февр.2026 23:09:50.315] [pool-4-thread-1/DEBUG] [net.minecraftforge.registries.ForgeRegistry/REGISTRIES]: Registry minecraft:worldgen/biome Sync: VANILLA -> ACTIVE
[03февр.2026 23:09:50.326] [pool-4-thread-1/DEBUG] [net.minecraftforge.registries.GameData/REGISTRIES]: Vanilla freeze snapshot created
[03февр.2026 23:09:50.397] [pool-4-thread-1/DEBUG] [io.netty.util.internal.PlatformDependent0/]: -Dio.netty.noUnsafe: false
[03февр.2026 23:09:50.397] [pool-4-thread-1/DEBUG] [io.netty.util.internal.PlatformDependent0/]: Java version: 17
[03февр.2026 23:09:50.403] [pool-4-thread-1/DEBUG] [io.netty.util.internal.PlatformDependent0/]: sun.misc.Unsafe.theUnsafe: available
[03февр.2026 23:09:50.404] [pool-4-thread-1/DEBUG] [io.netty.util.internal.PlatformDependent0/]: sun.misc.Unsafe.copyMemory: available
[03февр.2026 23:09:50.404] [pool-4-thread-1/DEBUG] [io.netty.util.internal.PlatformDependent0/]: sun.misc.Unsafe.storeFence: available
[03февр.2026 23:09:50.404] [pool-4-thread-1/DEBUG] [io.netty.util.internal.PlatformDependent0/]: java.nio.Buffer.address: available
[03февр.2026 23:09:50.405] [pool-4-thread-1/DEBUG] [io.netty.util.internal.PlatformDependent0/]: direct buffer constructor: unavailable
java.lang.UnsupportedOperationException: Reflective setAccessible(true) disabled
	at io.netty.util.internal.ReflectionUtil.trySetAccessible(ReflectionUtil.java:31) ~[netty-common-4.1.82.Final.jar%23151!/:4.1.82.Final]
	at io.netty.util.internal.PlatformDependent0$5.run(PlatformDependent0.java:288) ~[netty-common-4.1.82.Final.jar%23151!/:4.1.82.Final]
	at java.security.AccessController.doPrivileged(AccessController.java:318) ~[?:?]
	at io.netty.util.internal.PlatformDependent0.<clinit>(PlatformDependent0.java:282) ~[netty-common-4.1.82.Final.jar%23151!/:4.1.82.Final]
	at io.netty.util.internal.PlatformDependent.isAndroid(PlatformDependent.java:333) ~[netty-common-4.1.82.Final.jar%23151!/:4.1.82.Final]
	at io.netty.util.internal.PlatformDependent.<clinit>(PlatformDependent.java:88) ~[netty-common-4.1.82.Final.jar%23151!/:4.1.82.Final]
	at io.netty.util.ConstantPool.<init>(ConstantPool.java:34) ~[netty-common-4.1.82.Final.jar%23151!/:4.1.82.Final]
	at io.netty.util.AttributeKey$1.<init>(AttributeKey.java:27) ~[netty-common-4.1.82.Final.jar%23151!/:4.1.82.Final]
	at io.netty.util.AttributeKey.<clinit>(AttributeKey.java:27) ~[netty-common-4.1.82.Final.jar%23151!/:4.1.82.Final]
	at net.minecraftforge.network.NetworkConstants.<clinit>(NetworkConstants.java:34) ~[forge-1.20.1-47.4.13_mapped_official_1.20.1.jar%23190%23197!/:?]
	at net.minecraftforge.network.NetworkHooks.init(NetworkHooks.java:52) ~[forge-1.20.1-47.4.13_mapped_official_1.20.1.jar%23190%23197!/:?]
	at net.minecraft.server.Bootstrap.bootStrap(Bootstrap.java:62) ~[forge-1.20.1-47.4.13_mapped_official_1.20.1.jar%23191!/:?]
	at net.minecraft.client.main.Main.lambda$main$0(Main.java:151) ~[forge-1.20.1-47.4.13_mapped_official_1.20.1.jar%23191!/:?]
	at java.util.concurrent.Executors$RunnableAdapter.call(Executors.java:539) ~[?:?]
	at java.util.concurrent.FutureTask.run(FutureTask.java:264) ~[?:?]
	at java.util.concurrent.ThreadPoolExecutor.runWorker(ThreadPoolExecutor.java:1136) ~[?:?]
	at java.util.concurrent.ThreadPoolExecutor$Worker.run(ThreadPoolExecutor.java:635) ~[?:?]
	at java.lang.Thread.run(Thread.java:840) ~[?:?]
[03февр.2026 23:09:50.406] [pool-4-thread-1/DEBUG] [io.netty.util.internal.PlatformDependent0/]: java.nio.Bits.unaligned: available, true
[03февр.2026 23:09:50.408] [pool-4-thread-1/DEBUG] [io.netty.util.internal.PlatformDependent0/]: jdk.internal.misc.Unsafe.allocateUninitializedArray(int): unavailable
java.lang.IllegalAccessException: class io.netty.util.internal.PlatformDependent0$7 (in module io.netty.common) cannot access class jdk.internal.misc.Unsafe (in module java.base) because module java.base does not export jdk.internal.misc to module io.netty.common
	at jdk.internal.reflect.Reflection.newIllegalAccessException(Reflection.java:392) ~[?:?]
	at java.lang.reflect.AccessibleObject.checkAccess(AccessibleObject.java:674) ~[?:?]
	at java.lang.reflect.Method.invoke(Method.java:561) ~[?:?]
	at io.netty.util.internal.PlatformDependent0$7.run(PlatformDependent0.java:410) ~[netty-common-4.1.82.Final.jar%23151!/:4.1.82.Final]
	at java.security.AccessController.doPrivileged(AccessController.java:318) ~[?:?]
	at io.netty.util.internal.PlatformDependent0.<clinit>(PlatformDependent0.java:401) ~[netty-common-4.1.82.Final.jar%23151!/:4.1.82.Final]
	at io.netty.util.internal.PlatformDependent.isAndroid(PlatformDependent.java:333) ~[netty-common-4.1.82.Final.jar%23151!/:4.1.82.Final]
	at io.netty.util.internal.PlatformDependent.<clinit>(PlatformDependent.java:88) ~[netty-common-4.1.82.Final.jar%23151!/:4.1.82.Final]
	at io.netty.util.ConstantPool.<init>(ConstantPool.java:34) ~[netty-common-4.1.82.Final.jar%23151!/:4.1.82.Final]
	at io.netty.util.AttributeKey$1.<init>(AttributeKey.java:27) ~[netty-common-4.1.82.Final.jar%23151!/:4.1.82.Final]
	at io.netty.util.AttributeKey.<clinit>(AttributeKey.java:27) ~[netty-common-4.1.82.Final.jar%23151!/:4.1.82.Final]
	at net.minecraftforge.network.NetworkConstants.<clinit>(NetworkConstants.java:34) ~[forge-1.20.1-47.4.13_mapped_official_1.20.1.jar%23190%23197!/:?]
	at net.minecraftforge.network.NetworkHooks.init(NetworkHooks.java:52) ~[forge-1.20.1-47.4.13_mapped_official_1.20.1.jar%23190%23197!/:?]
	at net.minecraft.server.Bootstrap.bootStrap(Bootstrap.java:62) ~[forge-1.20.1-47.4.13_mapped_official_1.20.1.jar%23191!/:?]
	at net.minecraft.client.main.Main.lambda$main$0(Main.java:151) ~[forge-1.20.1-47.4.13_mapped_official_1.20.1.jar%23191!/:?]
	at java.util.concurrent.Executors$RunnableAdapter.call(Executors.java:539) ~[?:?]
	at java.util.concurrent.FutureTask.run(FutureTask.java:264) ~[?:?]
	at java.util.concurrent.ThreadPoolExecutor.runWorker(ThreadPoolExecutor.java:1136) ~[?:?]
	at java.util.concurrent.ThreadPoolExecutor$Worker.run(ThreadPoolExecutor.java:635) ~[?:?]
	at java.lang.Thread.run(Thread.java:840) ~[?:?]
[03февр.2026 23:09:50.413] [pool-4-thread-1/DEBUG] [io.netty.util.internal.PlatformDependent0/]: java.nio.DirectByteBuffer.<init>(long, int): unavailable
[03февр.2026 23:09:50.413] [pool-4-thread-1/DEBUG] [io.netty.util.internal.PlatformDependent/]: sun.misc.Unsafe: available
[03февр.2026 23:09:50.414] [pool-4-thread-1/DEBUG] [io.netty.util.internal.PlatformDependent/]: maxDirectMemory: 4273995776 bytes (maybe)
[03февр.2026 23:09:50.414] [pool-4-thread-1/DEBUG] [io.netty.util.internal.PlatformDependent/]: -Dio.netty.tmpdir: C:\Users\6145~1\AppData\Local\Temp (java.io.tmpdir)
[03февр.2026 23:09:50.415] [pool-4-thread-1/DEBUG] [io.netty.util.internal.PlatformDependent/]: -Dio.netty.bitMode: 64 (sun.arch.data.model)
[03февр.2026 23:09:50.415] [pool-4-thread-1/DEBUG] [io.netty.util.internal.PlatformDependent/]: Platform: Windows
[03февр.2026 23:09:50.416] [pool-4-thread-1/DEBUG] [io.netty.util.internal.PlatformDependent/]: -Dio.netty.maxDirectMemory: -1 bytes
[03февр.2026 23:09:50.416] [pool-4-thread-1/DEBUG] [io.netty.util.internal.PlatformDependent/]: -Dio.netty.uninitializedArrayAllocationThreshold: -1
[03февр.2026 23:09:50.417] [pool-4-thread-1/DEBUG] [io.netty.util.internal.CleanerJava9/]: java.nio.ByteBuffer.cleaner(): available
[03февр.2026 23:09:50.417] [pool-4-thread-1/DEBUG] [io.netty.util.internal.PlatformDependent/]: -Dio.netty.noPreferDirect: false
[03февр.2026 23:09:50.641] [pool-4-thread-1/DEBUG] [net.minecraftforge.network.NetworkHooks/]: Loading Network data for FML net version: FML3
[03февр.2026 23:09:50.790] [Render thread/DEBUG] [mixin/]: Mixing InGameHudMixin from apoli.mixins.json into net.minecraft.client.gui.Gui
[03февр.2026 23:09:50.844] [Render thread/DEBUG] [mixin/]: Mixing forge.ForgeGuiMixin from apoli.mixins.json into net.minecraftforge.client.gui.overlay.ForgeGui
[03февр.2026 23:09:50.894] [Render thread/DEBUG] [mixin/]: Mixing client.TitleScreenMixin from fluffy_fur.mixins.json into net.minecraft.client.gui.screens.TitleScreen
[03февр.2026 23:09:50.936] [Render thread/DEBUG] [mixin/]: Mixing MixinLocalPlayer from caelus.mixins.json into net.minecraft.client.player.LocalPlayer
[03февр.2026 23:09:50.937] [Render thread/DEBUG] [mixin/]: Mixing ClientPlayerEntityMixin from apoli.mixins.json into net.minecraft.client.player.LocalPlayer
[03февр.2026 23:09:50.939] [Render thread/DEBUG] [mixin/]: Mixing WaterVisibilityMixin from origins.mixins.json into net.minecraft.client.player.LocalPlayer
[03февр.2026 23:09:50.987] [Render thread/DEBUG] [mixin/]: Mixing client.AbstractClientPlayerMixin from fluffy_fur.mixins.json into net.minecraft.client.player.AbstractClientPlayer
[03февр.2026 23:09:51.021] [Render thread/DEBUG] [net.minecraftforge.coremod.transformer.CoreModBaseTransformer/COREMOD]: Transforming net/minecraft/client/gui/screens/inventory/AbstractContainerScreen
[03февр.2026 23:09:51.030] [Render thread/DEBUG] [mixin/]: Mixing forge.DeathScreenMixin from apoli.mixins.json into net.minecraft.client.gui.screens.DeathScreen
[03февр.2026 23:09:51.043] [Render thread/DEBUG] [mixin/]: Mixing forge.ConfirmScreenMixin from apoli.mixins.json into net.minecraft.client.gui.screens.ConfirmScreen
[03февр.2026 23:09:51.100] [Render thread/WARN] [net.minecraft.server.packs.VanillaPackResourcesBuilder/]: Assets URL 'union:/C:/Users/Елена/.gradle/caches/forge_gradle/minecraft_user_repo/net/minecraftforge/forge/1.20.1-47.4.13_mapped_official_1.20.1/forge-1.20.1-47.4.13_mapped_official_1.20.1.jar%23191!/assets/.mcassetsroot' uses unexpected schema
[03февр.2026 23:09:51.100] [Render thread/WARN] [net.minecraft.server.packs.VanillaPackResourcesBuilder/]: Assets URL 'union:/C:/Users/Елена/.gradle/caches/forge_gradle/minecraft_user_repo/net/minecraftforge/forge/1.20.1-47.4.13_mapped_official_1.20.1/forge-1.20.1-47.4.13_mapped_official_1.20.1.jar%23191!/data/.mcassetsroot' uses unexpected schema
[03февр.2026 23:09:51.117] [Render thread/INFO] [com.mojang.authlib.yggdrasil.YggdrasilAuthenticationService/]: Environment: authHost='https://authserver.mojang.com', accountsHost='https://api.mojang.com', sessionHost='https://sessionserver.mojang.com', servicesHost='https://api.minecraftservices.com', name='PROD'
[03февр.2026 23:09:51.124] [Render thread/INFO] [net.minecraft.client.Minecraft/]: Setting user: Dev
[03февр.2026 23:09:51.215] [Render thread/INFO] [net.minecraft.client.Minecraft/]: Backend library: LWJGL version 3.3.1 build 7
[03февр.2026 23:09:51.359] [Render thread/DEBUG] [net.minecraftforge.common.ForgeI18n/CORE]: Loading I18N data entries: 6434
[03февр.2026 23:09:51.377] [Render thread/DEBUG] [net.minecraftforge.fml.ModWorkManager/LOADING]: Using 12 threads for parallel mod-loading
[03февр.2026 23:09:51.389] [Render thread/DEBUG] [net.minecraftforge.fml.javafmlmod.FMLJavaModLanguageProvider/LOADING]: Loading FMLModContainer from classloader cpw.mods.modlauncher.TransformingClassLoader@2792b416 - got cpw.mods.cl.ModuleClassLoader@2a22ad2b
[03февр.2026 23:09:51.390] [Render thread/DEBUG] [net.minecraftforge.fml.javafmlmod.FMLModContainer/LOADING]: Creating FMLModContainer instance for com.llamalad7.mixinextras.platform.forge.MixinExtrasMod
[03февр.2026 23:09:51.392] [Render thread/DEBUG] [net.minecraftforge.fml.javafmlmod.FMLJavaModLanguageProvider/LOADING]: Loading FMLModContainer from classloader cpw.mods.modlauncher.TransformingClassLoader@2792b416 - got cpw.mods.cl.ModuleClassLoader@2a22ad2b
[03февр.2026 23:09:51.392] [Render thread/DEBUG] [net.minecraftforge.fml.javafmlmod.FMLModContainer/LOADING]: Creating FMLModContainer instance for mod.maxbogomol.fluffy_fur.FluffyFur
[03февр.2026 23:09:51.393] [Render thread/DEBUG] [net.minecraftforge.fml.javafmlmod.FMLJavaModLanguageProvider/LOADING]: Loading FMLModContainer from classloader cpw.mods.modlauncher.TransformingClassLoader@2792b416 - got cpw.mods.cl.ModuleClassLoader@2a22ad2b
[03февр.2026 23:09:51.394] [Render thread/DEBUG] [net.minecraftforge.fml.javafmlmod.FMLModContainer/LOADING]: Creating FMLModContainer instance for de.dafuqs.additionalentityattributes.AdditionalEntityAttributesMod
[03февр.2026 23:09:51.394] [Render thread/DEBUG] [net.minecraftforge.fml.javafmlmod.FMLJavaModLanguageProvider/LOADING]: Loading FMLModContainer from classloader cpw.mods.modlauncher.TransformingClassLoader@2792b416 - got cpw.mods.cl.ModuleClassLoader@2a22ad2b
[03февр.2026 23:09:51.394] [Render thread/DEBUG] [net.minecraftforge.fml.javafmlmod.FMLModContainer/LOADING]: Creating FMLModContainer instance for io.github.apace100.calio.Calio
[03февр.2026 23:09:51.395] [Render thread/DEBUG] [net.minecraftforge.fml.javafmlmod.FMLJavaModLanguageProvider/LOADING]: Loading FMLModContainer from classloader cpw.mods.modlauncher.TransformingClassLoader@2792b416 - got cpw.mods.cl.ModuleClassLoader@2a22ad2b
[03февр.2026 23:09:51.395] [Render thread/DEBUG] [net.minecraftforge.fml.javafmlmod.FMLModContainer/LOADING]: Creating FMLModContainer instance for top.theillusivec4.caelus.Caelus
[03февр.2026 23:09:51.396] [Render thread/DEBUG] [net.minecraftforge.fml.javafmlmod.FMLJavaModLanguageProvider/LOADING]: Loading FMLModContainer from classloader cpw.mods.modlauncher.TransformingClassLoader@2792b416 - got cpw.mods.cl.ModuleClassLoader@2a22ad2b
[03февр.2026 23:09:51.396] [Render thread/DEBUG] [net.minecraftforge.fml.javafmlmod.FMLModContainer/LOADING]: Creating FMLModContainer instance for net.minecraftforge.common.ForgeMod
[03февр.2026 23:09:51.398] [Render thread/DEBUG] [net.minecraftforge.fml.javafmlmod.FMLJavaModLanguageProvider/LOADING]: Loading FMLModContainer from classloader cpw.mods.modlauncher.TransformingClassLoader@2792b416 - got cpw.mods.cl.ModuleClassLoader@2a22ad2b
[03февр.2026 23:09:51.398] [Render thread/DEBUG] [net.minecraftforge.fml.javafmlmod.FMLModContainer/LOADING]: Creating FMLModContainer instance for net.Tehword.eidolon_origins.Eidolon_origins
[03февр.2026 23:09:51.399] [Render thread/DEBUG] [net.minecraftforge.fml.javafmlmod.FMLJavaModLanguageProvider/LOADING]: Loading FMLModContainer from classloader cpw.mods.modlauncher.TransformingClassLoader@2792b416 - got cpw.mods.cl.ModuleClassLoader@2a22ad2b
[03февр.2026 23:09:51.399] [Render thread/DEBUG] [net.minecraftforge.fml.javafmlmod.FMLModContainer/LOADING]: Creating FMLModContainer instance for io.github.apace100.apoli.Apoli
[03февр.2026 23:09:51.399] [Render thread/DEBUG] [net.minecraftforge.fml.javafmlmod.FMLJavaModLanguageProvider/LOADING]: Loading FMLModContainer from classloader cpw.mods.modlauncher.TransformingClassLoader@2792b416 - got cpw.mods.cl.ModuleClassLoader@2a22ad2b
[03февр.2026 23:09:51.400] [Render thread/DEBUG] [net.minecraftforge.fml.javafmlmod.FMLModContainer/LOADING]: Creating FMLModContainer instance for top.theillusivec4.curios.Curios
[03февр.2026 23:09:51.400] [Render thread/DEBUG] [net.minecraftforge.fml.javafmlmod.FMLJavaModLanguageProvider/LOADING]: Loading FMLModContainer from classloader cpw.mods.modlauncher.TransformingClassLoader@2792b416 - got cpw.mods.cl.ModuleClassLoader@2a22ad2b
[03февр.2026 23:09:51.400] [Render thread/DEBUG] [net.minecraftforge.fml.javafmlmod.FMLModContainer/LOADING]: Creating FMLModContainer instance for elucent.eidolon.Eidolon
[03февр.2026 23:09:51.401] [Render thread/DEBUG] [net.minecraftforge.fml.javafmlmod.FMLJavaModLanguageProvider/LOADING]: Loading FMLModContainer from classloader cpw.mods.modlauncher.TransformingClassLoader@2792b416 - got cpw.mods.cl.ModuleClassLoader@2a22ad2b
[03февр.2026 23:09:51.402] [Render thread/DEBUG] [net.minecraftforge.fml.javafmlmod.FMLModContainer/LOADING]: Creating FMLModContainer instance for io.github.apace100.origins.Origins
[03февр.2026 23:09:51.414] [modloading-worker-0/DEBUG] [net.minecraftforge.fml.javafmlmod.AutomaticEventSubscriber/LOADING]: Attempting to inject @EventBusSubscriber classes into the eventbus for mixinextras
[03февр.2026 23:09:51.414] [modloading-worker-0/DEBUG] [mixin/]: Mixing forge.CaelusMixin from apoli.mixins.json into top.theillusivec4.caelus.common.CaelusApiImpl
[03февр.2026 23:09:51.422] [modloading-worker-0/INFO] [io.github.apace100.origins.Origins/]: Origins 1.20.1-1.10.0.9 is initializing. Have fun!
[03февр.2026 23:09:51.424] [modloading-worker-0/DEBUG] [mixin/]: Mixing MixinCaelusApi from caelus.mixins.json into top.theillusivec4.caelus.api.CaelusApi
[03февр.2026 23:09:51.433] [modloading-worker-0/INFO] [Calio/]: Calio 1.20.1-1.11.0.5 initializing...
[03февр.2026 23:09:51.433] [modloading-worker-0/DEBUG] [mixin/]: Mixing client.HumanoidModelMixin from fluffy_fur.mixins.json into net.minecraft.client.model.HumanoidModel
[03февр.2026 23:09:51.450] [modloading-worker-0/DEBUG] [net.minecraftforge.fml.javafmlmod.AutomaticEventSubscriber/LOADING]: Attempting to inject @EventBusSubscriber classes into the eventbus for additionalentityattributes
[03февр.2026 23:09:51.454] [modloading-worker-0/DEBUG] [net.minecraftforge.fml.javafmlmod.AutomaticEventSubscriber/LOADING]: Attempting to inject @EventBusSubscriber classes into the eventbus for caelus
[03февр.2026 23:09:51.456] [modloading-worker-0/DEBUG] [net.minecraftforge.fml.config.ConfigTracker/CONFIG]: Config file origins-common.toml for origins tracking
[03февр.2026 23:09:51.456] [modloading-worker-0/DEBUG] [net.minecraftforge.fml.config.ConfigTracker/CONFIG]: Config file eidolon-client.toml for eidolon tracking
[03февр.2026 23:09:51.456] [modloading-worker-0/DEBUG] [net.minecraftforge.fml.ModLoadingContext/]: Attempted to register an empty config for type CLIENT on mod origins
[03февр.2026 23:09:51.456] [modloading-worker-0/DEBUG] [net.minecraftforge.fml.ModLoadingContext/]: Attempted to register an empty config for type SERVER on mod origins
[03февр.2026 23:09:51.459] [modloading-worker-0/DEBUG] [net.minecraftforge.fml.config.ConfigTracker/CONFIG]: Config file calio-common.toml for calio tracking
[03февр.2026 23:09:51.461] [modloading-worker-0/DEBUG] [net.minecraftforge.fml.config.ConfigTracker/CONFIG]: Config file eidolon-common.toml for eidolon tracking
[03февр.2026 23:09:51.463] [modloading-worker-0/DEBUG] [net.minecraftforge.versions.forge.ForgeVersion/CORE]: Forge Version package package net.minecraftforge.versions.forge, Forge, version 47.4 from cpw.mods.modlauncher.TransformingClassLoader@2792b416
[03февр.2026 23:09:51.464] [modloading-worker-0/DEBUG] [net.minecraftforge.versions.forge.ForgeVersion/CORE]: Found Forge version 47.4.13
[03февр.2026 23:09:51.464] [modloading-worker-0/DEBUG] [net.minecraftforge.versions.forge.ForgeVersion/CORE]: Found Forge spec 47.4
[03февр.2026 23:09:51.464] [modloading-worker-0/DEBUG] [net.minecraftforge.fml.config.ConfigTracker/CONFIG]: Config file apoli-common.toml for apoli tracking
[03февр.2026 23:09:51.464] [modloading-worker-0/DEBUG] [net.minecraftforge.versions.forge.ForgeVersion/CORE]: Found Forge group net.minecraftforge
[03февр.2026 23:09:51.464] [modloading-worker-0/DEBUG] [net.minecraftforge.fml.config.ConfigTracker/CONFIG]: Config file apoli-client.toml for apoli tracking
[03февр.2026 23:09:51.464] [modloading-worker-0/DEBUG] [net.minecraftforge.fml.config.ConfigTracker/CONFIG]: Config file apoli-server.toml for apoli tracking
[03февр.2026 23:09:51.466] [modloading-worker-0/DEBUG] [net.minecraftforge.versions.mcp.MCPVersion/CORE]: MCP Version package package net.minecraftforge.versions.mcp, Minecraft, version 1.20.1 from cpw.mods.modlauncher.TransformingClassLoader@2792b416
[03февр.2026 23:09:51.466] [modloading-worker-0/DEBUG] [net.minecraftforge.versions.mcp.MCPVersion/CORE]: Found MC version information 1.20.1
[03февр.2026 23:09:51.466] [modloading-worker-0/DEBUG] [net.minecraftforge.versions.mcp.MCPVersion/CORE]: Found MCP version information 20230612.114412
[03февр.2026 23:09:51.466] [modloading-worker-0/INFO] [net.minecraftforge.common.ForgeMod/FORGEMOD]: Forge mod loading, version 47.4.13, for MC 1.20.1 with MCP 20230612.114412
[03февр.2026 23:09:51.467] [modloading-worker-0/INFO] [net.minecraftforge.common.MinecraftForge/FORGE]: MinecraftForge v47.4.13 Initialized
[03февр.2026 23:09:51.472] [modloading-worker-0/DEBUG] [net.minecraftforge.fml.config.ConfigTracker/CONFIG]: Config file curios-client.toml for curios tracking
[03февр.2026 23:09:51.476] [modloading-worker-0/DEBUG] [net.minecraftforge.fml.config.ConfigTracker/CONFIG]: Config file curios-common.toml for curios tracking
[03февр.2026 23:09:51.476] [modloading-worker-0/DEBUG] [net.minecraftforge.fml.config.ConfigTracker/CONFIG]: Config file curios-server.toml for curios tracking
[03февр.2026 23:09:51.476] [modloading-worker-0/DEBUG] [net.minecraftforge.fml.javafmlmod.AutomaticEventSubscriber/LOADING]: Attempting to inject @EventBusSubscriber classes into the eventbus for curios
[03февр.2026 23:09:51.481] [modloading-worker-0/DEBUG] [net.minecraftforge.fml.javafmlmod.AutomaticEventSubscriber/LOADING]: Auto-subscribing top.theillusivec4.curios.Curios$ClientProxy to MOD
[03февр.2026 23:09:51.485] [modloading-worker-0/DEBUG] [mixin/]: Mixing LivingEntityRendererMixin from apoli.mixins.json into net.minecraft.client.renderer.entity.LivingEntityRenderer
[03февр.2026 23:09:51.487] [modloading-worker-0/DEBUG] [mixin/]: Renaming synthetic method lambda$changeRenderLayerWhenTranslucent$1(Lnet/minecraft/world/entity/LivingEntity;Lio/github/edwinmindcraft/apoli/common/power/configuration/ColorConfiguration;)Lnet/minecraft/client/renderer/RenderType; to md34eb11$lambda$changeRenderLayerWhenTranslucent$1$0 in apoli.mixins.json:LivingEntityRendererMixin
[03февр.2026 23:09:51.487] [modloading-worker-0/DEBUG] [mixin/]: Renaming synthetic method lambda$changeRenderLayerWhenTranslucent$0(Lio/github/edwinmindcraft/apoli/common/power/configuration/ColorConfiguration;)Z to md34eb11$lambda$changeRenderLayerWhenTranslucent$0$1 in apoli.mixins.json:LivingEntityRendererMixin
[03февр.2026 23:09:51.536] [modloading-worker-0/DEBUG] [net.minecraftforge.fml.config.ConfigTracker/CONFIG]: Config file eidolon/light3.toml for eidolon_origins tracking
[03февр.2026 23:09:51.536] [modloading-worker-0/DEBUG] [net.minecraftforge.fml.config.ConfigTracker/CONFIG]: Config file eidolon/furry.toml for eidolon_origins tracking
[03февр.2026 23:09:51.536] [modloading-worker-0/DEBUG] [net.minecraftforge.fml.config.ConfigTracker/CONFIG]: Config file eidolon/revenge.toml for eidolon_origins tracking
[03февр.2026 23:09:51.549] [modloading-worker-0/DEBUG] [net.minecraftforge.fml.config.ConfigTracker/CONFIG]: Config file fluffy_fur-client.toml for fluffy_fur tracking
[03февр.2026 23:09:51.582] [modloading-worker-0/DEBUG] [net.minecraftforge.fml.config.ConfigTracker/CONFIG]: Config file fluffy_fur-common.toml for fluffy_fur tracking
[03февр.2026 23:09:51.542] [modloading-worker-0/ERROR] [net.minecraftforge.fml.javafmlmod.FMLModContainer/LOADING]: Failed to create mod instance. ModID: eidolon_origins, class net.Tehword.eidolon_origins.Eidolon_origins
java.lang.StackOverflowError: null
	at net.Tehword.eidolon_origins.effect.EOEffects.init(EOEffects.java:20) ~[%23196!/:?]
	at net.Tehword.eidolon_origins.effect.EOEffects.init(EOEffects.java:20) ~[%23196!/:?]
	at net.Tehword.eidolon_origins.effect.EOEffects.init(EOEffects.java:20) ~[%23196!/:?]
	at net.Tehword.eidolon_origins.effect.EOEffects.init(EOEffects.java:20) ~[%23196!/:?]
	at net.Tehword.eidolon_origins.effect.EOEffects.init(EOEffects.java:20) ~[%23196!/:?]
	at net.Tehword.eidolon_origins.effect.EOEffects.init(EOEffects.java:20) ~[%23196!/:?]
	at net.Tehword.eidolon_origins.effect.EOEffects.init(EOEffects.java:20) ~[%23196!/:?]
	at net.Tehword.eidolon_origins.effect.EOEffects.init(EOEffects.java:20) ~[%23196!/:?]
	at net.Tehword.eidolon_origins.effect.EOEffects.init(EOEffects.java:20) ~[%23196!/:?]
	at net.Tehword.eidolon_origins.effect.EOEffects.init(EOEffects.java:20) ~[%23196!/:?]
	at net.Tehword.eidolon_origins.effect.EOEffects.init(EOEffects.java:20) ~[%23196!/:?]
	at net.Tehword.eidolon_origins.effect.EOEffects.init(EOEffects.java:20) ~[%23196!/:?]
	at net.Tehword.eidolon_origins.effect.EOEffects.init(EOEffects.java:20) ~[%23196!/:?]
	at net.Tehword.eidolon_origins.effect.EOEffects.init(EOEffects.java:20) ~[%23196!/:?]
	at net.Tehword.eidolon_origins.effect.EOEffects.init(EOEffects.java:20) ~[%23196!/:?]
	at net.Tehword.eidolon_origins.effect.EOEffects.init(EOEffects.java:20) ~[%23196!/:?]
	at net.Tehword.eidolon_origins.effect.EOEffects.init(EOEffects.java:20) ~[%23196!/:?]
	at net.Tehword.eidolon_origins.effect.EOEffects.init(EOEffects.java:20) ~[%23196!/:?]
	at net.Tehword.eidolon_origins.effect.EOEffects.init(EOEffects.java:20) ~[%23196!/:?]
	at net.Tehword.eidolon_origins.effect.EOEffects.init(EOEffects.java:20) ~[%23196!/:?]
	at net.Tehword.eidolon_origins.effect.EOEffects.init(EOEffects.java:20) ~[%23196!/:?]
	at net.Tehword.eidolon_origins.effect.EOEffects.init(EOEffects.java:20) ~[%23196!/:?]
	at net.Tehword.eidolon_origins.effect.EOEffects.init(EOEffects.java:20) ~[%23196!/:?]
	at net.Tehword.eidolon_origins.effect.EOEffects.init(EOEffects.java:20) ~[%23196!/:?]
	at net.Tehword.eidolon_origins.effect.EOEffects.init(EOEffects.java:20) ~[%23196!/:?]
	at net.Tehword.eidolon_origins.effect.EOEffects.init(EOEffects.java:20) ~[%23196!/:?]
	at net.Tehword.eidolon_origins.effect.EOEffects.init(EOEffects.java:20) ~[%23196!/:?]
	at net.Tehword.eidolon_origins.effect.EOEffects.init(EOEffects.java:20) ~[%23196!/:?]
	at net.Tehword.eidolon_origins.effect.EOEffects.init(EOEffects.java:20) ~[%23196!/:?]
	at net.Tehword.eidolon_origins.effect.EOEffects.init(EOEffects.java:20) ~[%23196!/:?]
	at net.Tehword.eidolon_origins.effect.EOEffects.init(EOEffects.java:20) ~[%23196!/:?]
	at net.Tehword.eidolon_origins.effect.EOEffects.init(EOEffects.java:20) ~[%23196!/:?]
	at net.Tehword.eidolon_origins.effect.EOEffects.init(EOEffects.java:20) ~[%23196!/:?]
	at net.Tehword.eidolon_origins.effect.EOEffects.init(EOEffects.java:20) ~[%23196!/:?]
	at net.Tehword.eidolon_origins.effect.EOEffects.init(EOEffects.java:20) ~[%23196!/:?]
	at net.Tehword.eidolon_origins.effect.EOEffects.init(EOEffects.java:20) ~[%23196!/:?]
	at net.Tehword.eidolon_origins.effect.EOEffects.init(EOEffects.java:20) ~[%23196!/:?]
	at net.Tehword.eidolon_origins.effect.EOEffects.init(EOEffects.java:20) ~[%23196!/:?]
	at net.Tehword.eidolon_origins.effect.EOEffects.init(EOEffects.java:20) ~[%23196!/:?]
	at net.Tehword.eidolon_origins.effect.EOEffects.init(EOEffects.java:20) ~[%23196!/:?]
	at net.Tehword.eidolon_origins.effect.EOEffects.init(EOEffects.java:20) ~[%23196!/:?]
	at net.Tehword.eidolon_origins.effect.EOEffects.init(EOEffects.java:20) ~[%23196!/:?]
	at net.Tehword.eidolon_origins.effect.EOEffects.init(EOEffects.java:20) ~[%23196!/:?]
	at net.Tehword.eidolon_origins.effect.EOEffects.init(EOEffects.java:20) ~[%23196!/:?]
	at net.Tehword.eidolon_origins.effect.EOEffects.init(EOEffects.java:20) ~[%23196!/:?]
	at net.Tehword.eidolon_origins.effect.EOEffects.init(EOEffects.java:20) ~[%23196!/:?]
	at net.Tehword.eidolon_origins.effect.EOEffects.init(EOEffects.java:20) ~[%23196!/:?]
	at net.Tehword.eidolon_origins.effect.EOEffects.init(EOEffects.java:20) ~[%23196!/:?]
	at net.Tehword.eidolon_origins.effect.EOEffects.init(EOEffects.java:20) ~[%23196!/:?]
	at net.Tehword.eidolon_origins.effect.EOEffects.init(EOEffects.java:20) ~[%23196!/:?]
	at net.Tehword.eidolon_origins.effect.EOEffects.init(EOEffects.java:20) ~[%23196!/:?]
	at net.Tehword.eidolon_origins.effect.EOEffects.init(EOEffects.java:20) ~[%23196!/:?]
	at net.Tehword.eidolon_origins.effect.EOEffects.init(EOEffects.java:20) ~[%23196!/:?]
	at net.Tehword.eidolon_origins.effect.EOEffects.init(EOEffects.java:20) ~[%23196!/:?]
	at net.Tehword.eidolon_origins.effect.EOEffects.init(EOEffects.java:20) ~[%23196!/:?]
	at net.Tehword.eidolon_origins.effect.EOEffects.init(EOEffects.java:20) ~[%23196!/:?]
	at net.Tehword.eidolon_origins.effect.EOEffects.init(EOEffects.java:20) ~[%23196!/:?]
	at net.Tehword.eidolon_origins.effect.EOEffects.init(EOEffects.java:20) ~[%23196!/:?]
	at net.Tehword.eidolon_origins.effect.EOEffects.init(EOEffects.java:20) ~[%23196!/:?]
	at net.Tehword.eidolon_origins.effect.EOEffects.init(EOEffects.java:20) ~[%23196!/:?]
	at net.Tehword.eidolon_origins.effect.EOEffects.init(EOEffects.java:20) ~[%23196!/:?]
	at net.Tehword.eidolon_origins.effect.EOEffects.init(EOEffects.java:20) ~[%23196!/:?]
	at net.Tehword.eidolon_origins.effect.EOEffects.init(EOEffects.java:20) ~[%23196!/:?]
	at net.Tehword.eidolon_origins.effect.EOEffects.init(EOEffects.java:20) ~[%23196!/:?]
	at net.Tehword.eidolon_origins.effect.EOEffects.init(EOEffects.java:20) ~[%23196!/:?]
	at net.Tehword.eidolon_origins.effect.EOEffects.init(EOEffects.java:20) ~[%23196!/:?]
	at net.Tehword.eidolon_origins.effect.EOEffects.init(EOEffects.java:20) ~[%23196!/:?]
	at net.Tehword.eidolon_origins.effect.EOEffects.init(EOEffects.java:20) ~[%23196!/:?]
	at net.Tehword.eidolon_origins.effect.EOEffects.init(EOEffects.java:20) ~[%23196!/:?]
	at net.Tehword.eidolon_origins.effect.EOEffects.init(EOEffects.java:20) ~[%23196!/:?]
	at net.Tehword.eidolon_origins.effect.EOEffects.init(EOEffects.java:20) ~[%23196!/:?]
	at net.Tehword.eidolon_origins.effect.EOEffects.init(EOEffects.java:20) ~[%23196!/:?]
	at net.Tehword.eidolon_origins.effect.EOEffects.init(EOEffects.java:20) ~[%23196!/:?]
	at net.Tehword.eidolon_origins.effect.EOEffects.init(EOEffects.java:20) ~[%23196!/:?]
	at net.Tehword.eidolon_origins.effect.EOEffects.init(EOEffects.java:20) ~[%23196!/:?]
	at net.Tehword.eidolon_origins.effect.EOEffects.init(EOEffects.java:20) ~[%23196!/:?]
	at net.Tehword.eidolon_origins.effect.EOEffects.init(EOEffects.java:20) ~[%23196!/:?]
	at net.Tehword.eidolon_origins.effect.EOEffects.init(EOEffects.java:20) ~[%23196!/:?]
	at net.Tehword.eidolon_origins.effect.EOEffects.init(EOEffects.java:20) ~[%23196!/:?]
	at net.Tehword.eidolon_origins.effect.EOEffects.init(EOEffects.java:20) ~[%23196!/:?]
	at net.Tehword.eidolon_origins.effect.EOEffects.init(EOEffects.java:20) ~[%23196!/:?]
	at net.Tehword.eidolon_origins.effect.EOEffects.init(EOEffects.java:20) ~[%23196!/:?]
	at net.Tehword.eidolon_origins.effect.EOEffects.init(EOEffects.java:20) ~[%23196!/:?]
	at net.Tehword.eidolon_origins.effect.EOEffects.init(EOEffects.java:20) ~[%23196!/:?]
	at net.Tehword.eidolon_origins.effect.EOEffects.init(EOEffects.java:20) ~[%23196!/:?]
	at net.Tehword.eidolon_origins.effect.EOEffects.init(EOEffects.java:20) ~[%23196!/:?]
	at net.Tehword.eidolon_origins.effect.EOEffects.init(EOEffects.java:20) ~[%23196!/:?]
	at net.Tehword.eidolon_origins.effect.EOEffects.init(EOEffects.java:20) ~[%23196!/:?]
	at net.Tehword.eidolon_origins.effect.EOEffects.init(EOEffects.java:20) ~[%23196!/:?]
	at net.Tehword.eidolon_origins.effect.EOEffects.init(EOEffects.java:20) ~[%23196!/:?]
	at net.Tehword.eidolon_origins.effect.EOEffects.init(EOEffects.java:20) ~[%23196!/:?]
	at net.Tehword.eidolon_origins.effect.EOEffects.init(EOEffects.java:20) ~[%23196!/:?]
	at net.Tehword.eidolon_origins.effect.EOEffects.init(EOEffects.java:20) ~[%23196!/:?]
	at net.Tehword.eidolon_origins.effect.EOEffects.init(EOEffects.java:20) ~[%23196!/:?]
	at net.Tehword.eidolon_origins.effect.EOEffects.init(EOEffects.java:20) ~[%23196!/:?]
	at net.Tehword.eidolon_origins.effect.EOEffects.init(EOEffects.java:20) ~[%23196!/:?]
	at net.Tehword.eidolon_origins.effect.EOEffects.init(EOEffects.java:20) ~[%23196!/:?]
	at net.Tehword.eidolon_origins.effect.EOEffects.init(EOEffects.java:20) ~[%23196!/:?]
	at net.Tehword.eidolon_origins.effect.EOEffects.init(EOEffects.java:20) ~[%23196!/:?]
	at net.Tehword.eidolon_origins.effect.EOEffects.init(EOEffects.java:20) ~[%23196!/:?]
	at net.Tehword.eidolon_origins.effect.EOEffects.init(EOEffects.java:20) ~[%23196!/:?]
	at net.Tehword.eidolon_origins.effect.EOEffects.init(EOEffects.java:20) ~[%23196!/:?]
	at net.Tehword.eidolon_origins.effect.EOEffects.init(EOEffects.java:20) ~[%23196!/:?]
	at net.Tehword.eidolon_origins.effect.EOEffects.init(EOEffects.java:20) ~[%23196!/:?]
	at net.Tehword.eidolon_origins.effect.EOEffects.init(EOEffects.java:20) ~[%23196!/:?]
	at net.Tehword.eidolon_origins.effect.EOEffects.init(EOEffects.java:20) ~[%23196!/:?]
	at net.Tehword.eidolon_origins.effect.EOEffects.init(EOEffects.java:20) ~[%23196!/:?]
	at net.Tehword.eidolon_origins.effect.EOEffects.init(EOEffects.java:20) ~[%23196!/:?]
	at net.Tehword.eidolon_origins.effect.EOEffects.init(EOEffects.java:20) ~[%23196!/:?]
	at net.Tehword.eidolon_origins.effect.EOEffects.init(EOEffects.java:20) ~[%23196!/:?]
	at net.Tehword.eidolon_origins.effect.EOEffects.init(EOEffects.java:20) ~[%23196!/:?]
	at net.Tehword.eidolon_origins.effect.EOEffects.init(EOEffects.java:20) ~[%23196!/:?]
	at net.Tehword.eidolon_origins.effect.EOEffects.init(EOEffects.java:20) ~[%23196!/:?]
	at net.Tehword.eidolon_origins.effect.EOEffects.init(EOEffects.java:20) ~[%23196!/:?]
	at net.Tehword.eidolon_origins.effect.EOEffects.init(EOEffects.java:20) ~[%23196!/:?]
	at net.Tehword.eidolon_origins.effect.EOEffects.init(EOEffects.java:20) ~[%23196!/:?]
	at net.Tehword.eidolon_origins.effect.EOEffects.init(EOEffects.java:20) ~[%23196!/:?]
	at net.Tehword.eidolon_origins.effect.EOEffects.init(EOEffects.java:20) ~[%23196!/:?]
	at net.Tehword.eidolon_origins.effect.EOEffects.init(EOEffects.java:20) ~[%23196!/:?]
	at net.Tehword.eidolon_origins.effect.EOEffects.init(EOEffects.java:20) ~[%23196!/:?]
	at net.Tehword.eidolon_origins.effect.EOEffects.init(EOEffects.java:20) ~[%23196!/:?]
	at net.Tehword.eidolon_origins.effect.EOEffects.init(EOEffects.java:20) ~[%23196!/:?]
	at net.Tehword.eidolon_origins.effect.EOEffects.init(EOEffects.java:20) ~[%23196!/:?]
	at net.Tehword.eidolon_origins.effect.EOEffects.init(EOEffects.java:20) ~[%23196!/:?]
	at net.Tehword.eidolon_origins.effect.EOEffects.init(EOEffects.java:20) ~[%23196!/:?]
	at net.Tehword.eidolon_origins.effect.EOEffects.init(EOEffects.java:20) ~[%23196!/:?]
	at net.Tehword.eidolon_origins.effect.EOEffects.init(EOEffects.java:20) ~[%23196!/:?]
	at net.Tehword.eidolon_origins.effect.EOEffects.init(EOEffects.java:20) ~[%23196!/:?]
	at net.Tehword.eidolon_origins.effect.EOEffects.init(EOEffects.java:20) ~[%23196!/:?]
	at net.Tehword.eidolon_origins.effect.EOEffects.init(EOEffects.java:20) ~[%23196!/:?]
	at net.Tehword.eidolon_origins.effect.EOEffects.init(EOEffects.java:20) ~[%23196!/:?]
	at net.Tehword.eidolon_origins.effect.EOEffects.init(EOEffects.java:20) ~[%23196!/:?]
	at net.Tehword.eidolon_origins.effect.EOEffects.init(EOEffects.java:20) ~[%23196!/:?]
	at net.Tehword.eidolon_origins.effect.EOEffects.init(EOEffects.java:20) ~[%23196!/:?]
	at net.Tehword.eidolon_origins.effect.EOEffects.init(EOEffects.java:20) ~[%23196!/:?]
	at net.Tehword.eidolon_origins.effect.EOEffects.init(EOEffects.java:20) ~[%23196!/:?]
	at net.Tehword.eidolon_origins.effect.EOEffects.init(EOEffects.java:20) ~[%23196!/:?]
	at net.Tehword.eidolon_origins.effect.EOEffects.init(EOEffects.java:20) ~[%23196!/:?]
	at net.Tehword.eidolon_origins.effect.EOEffects.init(EOEffects.java:20) ~[%23196!/:?]
	at net.Tehword.eidolon_origins.effect.EOEffects.init(EOEffects.java:20) ~[%23196!/:?]
	at net.Tehword.eidolon_origins.effect.EOEffects.init(EOEffects.java:20) ~[%23196!/:?]
	at net.Tehword.eidolon_origins.effect.EOEffects.init(EOEffects.java:20) ~[%23196!/:?]
	at net.Tehword.eidolon_origins.effect.EOEffects.init(EOEffects.java:20) ~[%23196!/:?]
	at net.Tehword.eidolon_origins.effect.EOEffects.init(EOEffects.java:20) ~[%23196!/:?]
	at net.Tehword.eidolon_origins.effect.EOEffects.init(EOEffects.java:20) ~[%23196!/:?]
	at net.Tehword.eidolon_origins.effect.EOEffects.init(EOEffects.java:20) ~[%23196!/:?]
	at net.Tehword.eidolon_origins.effect.EOEffects.init(EOEffects.java:20) ~[%23196!/:?]
	at net.Tehword.eidolon_origins.effect.EOEffects.init(EOEffects.java:20) ~[%23196!/:?]
	at net.Tehword.eidolon_origins.effect.EOEffects.init(EOEffects.java:20) ~[%23196!/:?]
	at net.Tehword.eidolon_origins.effect.EOEffects.init(EOEffects.java:20) ~[%23196!/:?]
	at net.Tehword.eidolon_origins.effect.EOEffects.init(EOEffects.java:20) ~[%23196!/:?]
	at net.Tehword.eidolon_origins.effect.EOEffects.init(EOEffects.java:20) ~[%23196!/:?]
	at net.Tehword.eidolon_origins.effect.EOEffects.init(EOEffects.java:20) ~[%23196!/:?]
	at net.Tehword.eidolon_origins.effect.EOEffects.init(EOEffects.java:20) ~[%23196!/:?]
	at net.Tehword.eidolon_origins.effect.EOEffects.init(EOEffects.java:20) ~[%23196!/:?]
	at net.Tehword.eidolon_origins.effect.EOEffects.init(EOEffects.java:20) ~[%23196!/:?]
	at net.Tehword.eidolon_origins.effect.EOEffects.init(EOEffects.java:20) ~[%23196!/:?]
	at net.Tehword.eidolon_origins.effect.EOEffects.init(EOEffects.java:20) ~[%23196!/:?]
	at net.Tehword.eidolon_origins.effect.EOEffects.init(EOEffects.java:20) ~[%23196!/:?]
	at net.Tehword.eidolon_origins.effect.EOEffects.init(EOEffects.java:20) ~[%23196!/:?]
	at net.Tehword.eidolon_origins.effect.EOEffects.init(EOEffects.java:20) ~[%23196!/:?]
	at net.Tehword.eidolon_origins.effect.EOEffects.init(EOEffects.java:20) ~[%23196!/:?]
	at net.Tehword.eidolon_origins.effect.EOEffects.init(EOEffects.java:20) ~[%23196!/:?]
	at net.Tehword.eidolon_origins.effect.EOEffects.init(EOEffects.java:20) ~[%23196!/:?]
	at net.Tehword.eidolon_origins.effect.EOEffects.init(EOEffects.java:20) ~[%23196!/:?]
	at net.Tehword.eidolon_origins.effect.EOEffects.init(EOEffects.java:20) ~[%23196!/:?]
	at net.Tehword.eidolon_origins.effect.EOEffects.init(EOEffects.java:20) ~[%23196!/:?]
	at net.Tehword.eidolon_origins.effect.EOEffects.init(EOEffects.java:20) ~[%23196!/:?]
	at net.Tehword.eidolon_origins.effect.EOEffects.init(EOEffects.java:20) ~[%23196!/:?]
	at net.Tehword.eidolon_origins.effect.EOEffects.init(EOEffects.java:20) ~[%23196!/:?]
	at net.Tehword.eidolon_origins.effect.EOEffects.init(EOEffects.java:20) ~[%23196!/:?]
	at net.Tehword.eidolon_origins.effect.EOEffects.init(EOEffects.java:20) ~[%23196!/:?]
	at net.Tehword.eidolon_origins.effect.EOEffects.init(EOEffects.java:20) ~[%23196!/:?]
	at net.Tehword.eidolon_origins.effect.EOEffects.init(EOEffects.java:20) ~[%23196!/:?]
	at net.Tehword.eidolon_origins.effect.EOEffects.init(EOEffects.java:20) ~[%23196!/:?]
	at net.Tehword.eidolon_origins.effect.EOEffects.init(EOEffects.java:20) ~[%23196!/:?]
	at net.Tehword.eidolon_origins.effect.EOEffects.init(EOEffects.java:20) ~[%23196!/:?]
	at net.Tehword.eidolon_origins.effect.EOEffects.init(EOEffects.java:20) ~[%23196!/:?]
	at net.Tehword.eidolon_origins.effect.EOEffects.init(EOEffects.java:20) ~[%23196!/:?]
	at net.Tehword.eidolon_origins.effect.EOEffects.init(EOEffects.java:20) ~[%23196!/:?]
	at net.Tehword.eidolon_origins.effect.EOEffects.init(EOEffects.java:20) ~[%23196!/:?]
	at net.Tehword.eidolon_origins.effect.EOEffects.init(EOEffects.java:20) ~[%23196!/:?]
	at net.Tehword.eidolon_origins.effect.EOEffects.init(EOEffects.java:20) ~[%23196!/:?]
	at net.Tehword.eidolon_origins.effect.EOEffects.init(EOEffects.java:20) ~[%23196!/:?]
	at net.Tehword.eidolon_origins.effect.EOEffects.init(EOEffects.java:20) ~[%23196!/:?]
	at net.Tehword.eidolon_origins.effect.EOEffects.init(EOEffects.java:20) ~[%23196!/:?]
	at net.Tehword.eidolon_origins.effect.EOEffects.init(EOEffects.java:20) ~[%23196!/:?]
	at net.Tehword.eidolon_origins.effect.EOEffects.init(EOEffects.java:20) ~[%23196!/:?]
	at net.Tehword.eidolon_origins.effect.EOEffects.init(EOEffects.java:20) ~[%23196!/:?]
	at net.Tehword.eidolon_origins.effect.EOEffects.init(EOEffects.java:20) ~[%23196!/:?]
	at net.Tehword.eidolon_origins.effect.EOEffects.init(EOEffects.java:20) ~[%23196!/:?]
	at net.Tehword.eidolon_origins.effect.EOEffects.init(EOEffects.java:20) ~[%23196!/:?]
	at net.Tehword.eidolon_origins.effect.EOEffects.init(EOEffects.java:20) ~[%23196!/:?]
	at net.Tehword.eidolon_origins.effect.EOEffects.init(EOEffects.java:20) ~[%23196!/:?]
	at net.Tehword.eidolon_origins.effect.EOEffects.init(EOEffects.java:20) ~[%23196!/:?]
	at net.Tehword.eidolon_origins.effect.EOEffects.init(EOEffects.java:20) ~[%23196!/:?]
	at net.Tehword.eidolon_origins.effect.EOEffects.init(EOEffects.java:20) ~[%23196!/:?]
	at net.Tehword.eidolon_origins.effect.EOEffects.init(EOEffects.java:20) ~[%23196!/:?]
	at net.Tehword.eidolon_origins.effect.EOEffects.init(EOEffects.java:20) ~[%23196!/:?]
	at net.Tehword.eidolon_origins.effect.EOEffects.init(EOEffects.java:20) ~[%23196!/:?]
	at net.Tehword.eidolon_origins.effect.EOEffects.init(EOEffects.java:20) ~[%23196!/:?]
	at net.Tehword.eidolon_origins.effect.EOEffects.init(EOEffects.java:20) ~[%23196!/:?]
	at net.Tehword.eidolon_origins.effect.EOEffects.init(EOEffects.java:20) ~[%23196!/:?]
	at net.Tehword.eidolon_origins.effect.EOEffects.init(EOEffects.java:20) ~[%23196!/:?]
	at net.Tehword.eidolon_origins.effect.EOEffects.init(EOEffects.java:20) ~[%23196!/:?]
	at net.Tehword.eidolon_origins.effect.EOEffects.init(EOEffects.java:20) ~[%23196!/:?]
	at net.Tehword.eidolon_origins.effect.EOEffects.init(EOEffects.java:20) ~[%23196!/:?]
	at net.Tehword.eidolon_origins.effect.EOEffects.init(EOEffects.java:20) ~[%23196!/:?]
	at net.Tehword.eidolon_origins.effect.EOEffects.init(EOEffects.java:20) ~[%23196!/:?]
	at net.Tehword.eidolon_origins.effect.EOEffects.init(EOEffects.java:20) ~[%23196!/:?]
	at net.Tehword.eidolon_origins.effect.EOEffects.init(EOEffects.java:20) ~[%23196!/:?]
	at net.Tehword.eidolon_origins.effect.EOEffects.init(EOEffects.java:20) ~[%23196!/:?]
	at net.Tehword.eidolon_origins.effect.EOEffects.init(EOEffects.java:20) ~[%23196!/:?]
	at net.Tehword.eidolon_origins.effect.EOEffects.init(EOEffects.java:20) ~[%23196!/:?]
	at net.Tehword.eidolon_origins.effect.EOEffects.init(EOEffects.java:20) ~[%23196!/:?]
	at net.Tehword.eidolon_origins.effect.EOEffects.init(EOEffects.java:20) ~[%23196!/:?]
	at net.Tehword.eidolon_origins.effect.EOEffects.init(EOEffects.java:20) ~[%23196!/:?]
	at net.Tehword.eidolon_origins.effect.EOEffects.init(EOEffects.java:20) ~[%23196!/:?]
	at net.Tehword.eidolon_origins.effect.EOEffects.init(EOEffects.java:20) ~[%23196!/:?]
	at net.Tehword.eidolon_origins.effect.EOEffects.init(EOEffects.java:20) ~[%23196!/:?]
	at net.Tehword.eidolon_origins.effect.EOEffects.init(EOEffects.java:20) ~[%23196!/:?]
	at net.Tehword.eidolon_origins.effect.EOEffects.init(EOEffects.java:20) ~[%23196!/:?]
	at net.Tehword.eidolon_origins.effect.EOEffects.init(EOEffects.java:20) ~[%23196!/:?]
	at net.Tehword.eidolon_origins.effect.EOEffects.init(EOEffects.java:20) ~[%23196!/:?]
	at net.Tehword.eidolon_origins.effect.EOEffects.init(EOEffects.java:20) ~[%23196!/:?]
	at net.Tehword.eidolon_origins.effect.EOEffects.init(EOEffects.java:20) ~[%23196!/:?]
	at net.Tehword.eidolon_origins.effect.EOEffects.init(EOEffects.java:20) ~[%23196!/:?]
	at net.Tehword.eidolon_origins.effect.EOEffects.init(EOEffects.java:20) ~[%23196!/:?]
	at net.Tehword.eidolon_origins.effect.EOEffects.init(EOEffects.java:20) ~[%23196!/:?]
	at net.Tehword.eidolon_origins.effect.EOEffects.init(EOEffects.java:20) ~[%23196!/:?]
	at net.Tehword.eidolon_origins.effect.EOEffects.init(EOEffects.java:20) ~[%23196!/:?]
	at net.Tehword.eidolon_origins.effect.EOEffects.init(EOEffects.java:20) ~[%23196!/:?]
	at net.Tehword.eidolon_origins.effect.EOEffects.init(EOEffects.java:20) ~[%23196!/:?]
	at net.Tehword.eidolon_origins.effect.EOEffects.init(EOEffects.java:20) ~[%23196!/:?]
	at net.Tehword.eidolon_origins.effect.EOEffects.init(EOEffects.java:20) ~[%23196!/:?]
	at net.Tehword.eidolon_origins.effect.EOEffects.init(EOEffects.java:20) ~[%23196!/:?]
	at net.Tehword.eidolon_origins.effect.EOEffects.init(EOEffects.java:20) ~[%23196!/:?]
	at net.Tehword.eidolon_origins.effect.EOEffects.init(EOEffects.java:20) ~[%23196!/:?]
	at net.Tehword.eidolon_origins.effect.EOEffects.init(EOEffects.java:20) ~[%23196!/:?]
	at net.Tehword.eidolon_origins.effect.EOEffects.init(EOEffects.java:20) ~[%23196!/:?]
	at net.Tehword.eidolon_origins.effect.EOEffects.init(EOEffects.java:20) ~[%23196!/:?]
	at net.Tehword.eidolon_origins.effect.EOEffects.init(EOEffects.java:20) ~[%23196!/:?]
	at net.Tehword.eidolon_origins.effect.EOEffects.init(EOEffects.java:20) ~[%23196!/:?]
	at net.Tehword.eidolon_origins.effect.EOEffects.init(EOEffects.java:20) ~[%23196!/:?]
	at net.Tehword.eidolon_origins.effect.EOEffects.init(EOEffects.java:20) ~[%23196!/:?]
	at net.Tehword.eidolon_origins.effect.EOEffects.init(EOEffects.java:20) ~[%23196!/:?]
	at net.Tehword.eidolon_origins.effect.EOEffects.init(EOEffects.java:20) ~[%23196!/:?]
	at net.Tehword.eidolon_origins.effect.EOEffects.init(EOEffects.java:20) ~[%23196!/:?]
	at net.Tehword.eidolon_origins.effect.EOEffects.init(EOEffects.java:20) ~[%23196!/:?]
	at net.Tehword.eidolon_origins.effect.EOEffects.init(EOEffects.java:20) ~[%23196!/:?]
	at net.Tehword.eidolon_origins.effect.EOEffects.init(EOEffects.java:20) ~[%23196!/:?]
	at net.Tehword.eidolon_origins.effect.EOEffects.init(EOEffects.java:20) ~[%23196!/:?]
	at net.Tehword.eidolon_origins.effect.EOEffects.init(EOEffects.java:20) ~[%23196!/:?]
	at net.Tehword.eidolon_origins.effect.EOEffects.init(EOEffects.java:20) ~[%23196!/:?]
	at net.Tehword.eidolon_origins.effect.EOEffects.init(EOEffects.java:20) ~[%23196!/:?]
	at net.Tehword.eidolon_origins.effect.EOEffects.init(EOEffects.java:20) ~[%23196!/:?]
	at net.Tehword.eidolon_origins.effect.EOEffects.init(EOEffects.java:20) ~[%23196!/:?]
	at net.Tehword.eidolon_origins.effect.EOEffects.init(EOEffects.java:20) ~[%23196!/:?]
	at net.Tehword.eidolon_origins.effect.EOEffects.init(EOEffects.java:20) ~[%23196!/:?]
	at net.Tehword.eidolon_origins.effect.EOEffects.init(EOEffects.java:20) ~[%23196!/:?]
	at net.Tehword.eidolon_origins.effect.EOEffects.init(EOEffects.java:20) ~[%23196!/:?]
	at net.Tehword.eidolon_origins.effect.EOEffects.init(EOEffects.java:20) ~[%23196!/:?]
	at net.Tehword.eidolon_origins.effect.EOEffects.init(EOEffects.java:20) ~[%23196!/:?]
	at net.Tehword.eidolon_origins.effect.EOEffects.init(EOEffects.java:20) ~[%23196!/:?]
	at net.Tehword.eidolon_origins.effect.EOEffects.init(EOEffects.java:20) ~[%23196!/:?]
	at net.Tehword.eidolon_origins.effect.EOEffects.init(EOEffects.java:20) ~[%23196!/:?]
	at net.Tehword.eidolon_origins.effect.EOEffects.init(EOEffects.java:20) ~[%23196!/:?]
	at net.Tehword.eidolon_origins.effect.EOEffects.init(EOEffects.java:20) ~[%23196!/:?]
	at net.Tehword.eidolon_origins.effect.EOEffects.init(EOEffects.java:20) ~[%23196!/:?]
	at net.Tehword.eidolon_origins.effect.EOEffects.init(EOEffects.java:20) ~[%23196!/:?]
	at net.Tehword.eidolon_origins.effect.EOEffects.init(EOEffects.java:20) ~[%23196!/:?]
	at net.Tehword.eidolon_origins.effect.EOEffects.init(EOEffects.java:20) ~[%23196!/:?]
	at net.Tehword.eidolon_origins.effect.EOEffects.init(EOEffects.java:20) ~[%23196!/:?]
	at net.Tehword.eidolon_origins.effect.EOEffects.init(EOEffects.java:20) ~[%23196!/:?]
	at net.Tehword.eidolon_origins.effect.EOEffects.init(EOEffects.java:20) ~[%23196!/:?]
	at net.Tehword.eidolon_origins.effect.EOEffects.init(EOEffects.java:20) ~[%23196!/:?]
	at net.Tehword.eidolon_origins.effect.EOEffects.init(EOEffects.java:20) ~[%23196!/:?]
	at net.Tehword.eidolon_origins.effect.EOEffects.init(EOEffects.java:20) ~[%23196!/:?]
	at net.Tehword.eidolon_origins.effect.EOEffects.init(EOEffects.java:20) ~[%23196!/:?]
	at net.Tehword.eidolon_origins.effect.EOEffects.init(EOEffects.java:20) ~[%23196!/:?]
	at net.Tehword.eidolon_origins.effect.EOEffects.init(EOEffects.java:20) ~[%23196!/:?]
	at net.Tehword.eidolon_origins.effect.EOEffects.init(EOEffects.java:20) ~[%23196!/:?]
	at net.Tehword.eidolon_origins.effect.EOEffects.init(EOEffects.java:20) ~[%23196!/:?]
	at net.Tehword.eidolon_origins.effect.EOEffects.init(EOEffects.java:20) ~[%23196!/:?]
	at net.Tehword.eidolon_origins.effect.EOEffects.init(EOEffects.java:20) ~[%23196!/:?]
	at net.Tehword.eidolon_origins.effect.EOEffects.init(EOEffects.java:20) ~[%23196!/:?]
	at net.Tehword.eidolon_origins.effect.EOEffects.init(EOEffects.java:20) ~[%23196!/:?]
	at net.Tehword.eidolon_origins.effect.EOEffects.init(EOEffects.java:20) ~[%23196!/:?]
	at net.Tehword.eidolon_origins.effect.EOEffects.init(EOEffects.java:20) ~[%23196!/:?]
	at net.Tehword.eidolon_origins.effect.EOEffects.init(EOEffects.java:20) ~[%23196!/:?]
	at net.Tehword.eidolon_origins.effect.EOEffects.init(EOEffects.java:20) ~[%23196!/:?]
	at net.Tehword.eidolon_origins.effect.EOEffects.init(EOEffects.java:20) ~[%23196!/:?]
	at net.Tehword.eidolon_origins.effect.EOEffects.init(EOEffects.java:20) ~[%23196!/:?]
	at net.Tehword.eidolon_origins.effect.EOEffects.init(EOEffects.java:20) ~[%23196!/:?]
	at net.Tehword.eidolon_origins.effect.EOEffects.init(EOEffects.java:20) ~[%23196!/:?]
	at net.Tehword.eidolon_origins.effect.EOEffects.init(EOEffects.java:20) ~[%23196!/:?]
	at net.Tehword.eidolon_origins.effect.EOEffects.init(EOEffects.java:20) ~[%23196!/:?]
	at net.Tehword.eidolon_origins.effect.EOEffects.init(EOEffects.java:20) ~[%23196!/:?]
	at net.Tehword.eidolon_origins.effect.EOEffects.init(EOEffects.java:20) ~[%23196!/:?]
	at net.Tehword.eidolon_origins.effect.EOEffects.init(EOEffects.java:20) ~[%23196!/:?]
	at net.Tehword.eidolon_origins.effect.EOEffects.init(EOEffects.java:20) ~[%23196!/:?]
	at net.Tehword.eidolon_origins.effect.EOEffects.init(EOEffects.java:20) ~[%23196!/:?]
	at net.Tehword.eidolon_origins.effect.EOEffects.init(EOEffects.java:20) ~[%23196!/:?]
	at net.Tehword.eidolon_origins.effect.EOEffects.init(EOEffects.java:20) ~[%23196!/:?]
	at net.Tehword.eidolon_origins.effect.EOEffects.init(EOEffects.java:20) ~[%23196!/:?]
	at net.Tehword.eidolon_origins.effect.EOEffects.init(EOEffects.java:20) ~[%23196!/:?]
	at net.Tehword.eidolon_origins.effect.EOEffects.init(EOEffects.java:20) ~[%23196!/:?]
	at net.Tehword.eidolon_origins.effect.EOEffects.init(EOEffects.java:20) ~[%23196!/:?]
	at net.Tehword.eidolon_origins.effect.EOEffects.init(EOEffects.java:20) ~[%23196!/:?]
	at net.Tehword.eidolon_origins.effect.EOEffects.init(EOEffects.java:20) ~[%23196!/:?]
	at net.Tehword.eidolon_origins.effect.EOEffects.init(EOEffects.java:20) ~[%23196!/:?]
	at net.Tehword.eidolon_origins.effect.EOEffects.init(EOEffects.java:20) ~[%23196!/:?]
	at net.Tehword.eidolon_origins.effect.EOEffects.init(EOEffects.java:20) ~[%23196!/:?]
	at net.Tehword.eidolon_origins.effect.EOEffects.init(EOEffects.java:20) ~[%23196!/:?]
	at net.Tehword.eidolon_origins.effect.EOEffects.init(EOEffects.java:20) ~[%23196!/:?]
	at net.Tehword.eidolon_origins.effect.EOEffects.init(EOEffects.java:20) ~[%23196!/:?]
	at net.Tehword.eidolon_origins.effect.EOEffects.init(EOEffects.java:20) ~[%23196!/:?]
	at net.Tehword.eidolon_origins.effect.EOEffects.init(EOEffects.java:20) ~[%23196!/:?]
	at net.Tehword.eidolon_origins.effect.EOEffects.init(EOEffects.java:20) ~[%23196!/:?]
	at net.Tehword.eidolon_origins.effect.EOEffects.init(EOEffects.java:20) ~[%23196!/:?]
	at net.Tehword.eidolon_origins.effect.EOEffects.init(EOEffects.java:20) ~[%23196!/:?]
	at net.Tehword.eidolon_origins.effect.EOEffects.init(EOEffects.java:20) ~[%23196!/:?]
	at net.Tehword.eidolon_origins.effect.EOEffects.init(EOEffects.java:20) ~[%23196!/:?]
	at net.Tehword.eidolon_origins.effect.EOEffects.init(EOEffects.java:20) ~[%23196!/:?]
	at net.Tehword.eidolon_origins.effect.EOEffects.init(EOEffects.java:20) ~[%23196!/:?]
	at net.Tehword.eidolon_origins.effect.EOEffects.init(EOEffects.java:20) ~[%23196!/:?]
	at net.Tehword.eidolon_origins.effect.EOEffects.init(EOEffects.java:20) ~[%23196!/:?]
	at net.Tehword.eidolon_origins.effect.EOEffects.init(EOEffects.java:20) ~[%23196!/:?]
	at net.Tehword.eidolon_origins.effect.EOEffects.init(EOEffects.java:20) ~[%23196!/:?]
	at net.Tehword.eidolon_origins.effect.EOEffects.init(EOEffects.java:20) ~[%23196!/:?]
	at net.Tehword.eidolon_origins.effect.EOEffects.init(EOEffects.java:20) ~[%23196!/:?]
	at net.Tehword.eidolon_origins.effect.EOEffects.init(EOEffects.java:20) ~[%23196!/:?]
	at net.Tehword.eidolon_origins.effect.EOEffects.init(EOEffects.java:20) ~[%23196!/:?]
	at net.Tehword.eidolon_origins.effect.EOEffects.init(EOEffects.java:20) ~[%23196!/:?]
	at net.Tehword.eidolon_origins.effect.EOEffects.init(EOEffects.java:20) ~[%23196!/:?]
	at net.Tehword.eidolon_origins.effect.EOEffects.init(EOEffects.java:20) ~[%23196!/:?]
	at net.Tehword.eidolon_origins.effect.EOEffects.init(EOEffects.java:20) ~[%23196!/:?]
	at net.Tehword.eidolon_origins.effect.EOEffects.init(EOEffects.java:20) ~[%23196!/:?]
	at net.Tehword.eidolon_origins.effect.EOEffects.init(EOEffects.java:20) ~[%23196!/:?]
	at net.Tehword.eidolon_origins.effect.EOEffects.init(EOEffects.java:20) ~[%23196!/:?]
	at net.Tehword.eidolon_origins.effect.EOEffects.init(EOEffects.java:20) ~[%23196!/:?]
	at net.Tehword.eidolon_origins.effect.EOEffects.init(EOEffects.java:20) ~[%23196!/:?]
	at net.Tehword.eidolon_origins.effect.EOEffects.init(EOEffects.java:20) ~[%23196!/:?]
	at net.Tehword.eidolon_origins.effect.EOEffects.init(EOEffects.java:20) ~[%23196!/:?]
	at net.Tehword.eidolon_origins.effect.EOEffects.init(EOEffects.java:20) ~[%23196!/:?]
	at net.Tehword.eidolon_origins.effect.EOEffects.init(EOEffects.java:20) ~[%23196!/:?]
	at net.Tehword.eidolon_origins.effect.EOEffects.init(EOEffects.java:20) ~[%23196!/:?]
	at net.Tehword.eidolon_origins.effect.EOEffects.init(EOEffects.java:20) ~[%23196!/:?]
	at net.Tehword.eidolon_origins.effect.EOEffects.init(EOEffects.java:20) ~[%23196!/:?]
	at net.Tehword.eidolon_origins.effect.EOEffects.init(EOEffects.java:20) ~[%23196!/:?]
	at net.Tehword.eidolon_origins.effect.EOEffects.init(EOEffects.java:20) ~[%23196!/:?]
	at net.Tehword.eidolon_origins.effect.EOEffects.init(EOEffects.java:20) ~[%23196!/:?]
	at net.Tehword.eidolon_origins.effect.EOEffects.init(EOEffects.java:20) ~[%23196!/:?]
	at net.Tehword.eidolon_origins.effect.EOEffects.init(EOEffects.java:20) ~[%23196!/:?]
	at net.Tehword.eidolon_origins.effect.EOEffects.init(EOEffects.java:20) ~[%23196!/:?]
	at net.Tehword.eidolon_origins.effect.EOEffects.init(EOEffects.java:20) ~[%23196!/:?]
	at net.Tehword.eidolon_origins.effect.EOEffects.init(EOEffects.java:20) ~[%23196!/:?]
	at net.Tehword.eidolon_origins.effect.EOEffects.init(EOEffects.java:20) ~[%23196!/:?]
	at net.Tehword.eidolon_origins.effect.EOEffects.init(EOEffects.java:20) ~[%23196!/:?]
	at net.Tehword.eidolon_origins.effect.EOEffects.init(EOEffects.java:20) ~[%23196!/:?]
	at net.Tehword.eidolon_origins.effect.EOEffects.init(EOEffects.java:20) ~[%23196!/:?]
	at net.Tehword.eidolon_origins.effect.EOEffects.init(EOEffects.java:20) ~[%23196!/:?]
	at net.Tehword.eidolon_origins.effect.EOEffects.init(EOEffects.java:20) ~[%23196!/:?]
	at net.Tehword.eidolon_origins.effect.EOEffects.init(EOEffects.java:20) ~[%23196!/:?]
	at net.Tehword.eidolon_origins.effect.EOEffects.init(EOEffects.java:20) ~[%23196!/:?]
	at net.Tehword.eidolon_origins.effect.EOEffects.init(EOEffects.java:20) ~[%23196!/:?]
	at net.Tehword.eidolon_origins.effect.EOEffects.init(EOEffects.java:20) ~[%23196!/:?]
	at net.Tehword.eidolon_origins.effect.EOEffects.init(EOEffects.java:20) ~[%23196!/:?]
	at net.Tehword.eidolon_origins.effect.EOEffects.init(EOEffects.java:20) ~[%23196!/:?]
	at net.Tehword.eidolon_origins.effect.EOEffects.init(EOEffects.java:20) ~[%23196!/:?]
	at net.Tehword.eidolon_origins.effect.EOEffects.init(EOEffects.java:20) ~[%23196!/:?]
	at net.Tehword.eidolon_origins.effect.EOEffects.init(EOEffects.java:20) ~[%23196!/:?]
	at net.Tehword.eidolon_origins.effect.EOEffects.init(EOEffects.java:20) ~[%23196!/:?]
	at net.Tehword.eidolon_origins.effect.EOEffects.init(EOEffects.java:20) ~[%23196!/:?]
	at net.Tehword.eidolon_origins.effect.EOEffects.init(EOEffects.java:20) ~[%23196!/:?]
	at net.Tehword.eidolon_origins.effect.EOEffects.init(EOEffects.java:20) ~[%23196!/:?]
	at net.Tehword.eidolon_origins.effect.EOEffects.init(EOEffects.java:20) ~[%23196!/:?]
	at net.Tehword.eidolon_origins.effect.EOEffects.init(EOEffects.java:20) ~[%23196!/:?]
	at net.Tehword.eidolon_origins.effect.EOEffects.init(EOEffects.java:20) ~[%23196!/:?]
	at net.Tehword.eidolon_origins.effect.EOEffects.init(EOEffects.java:20) ~[%23196!/:?]
	at net.Tehword.eidolon_origins.effect.EOEffects.init(EOEffects.java:20) ~[%23196!/:?]
	at net.Tehword.eidolon_origins.effect.EOEffects.init(EOEffects.java:20) ~[%23196!/:?]
	at net.Tehword.eidolon_origins.effect.EOEffects.init(EOEffects.java:20) ~[%23196!/:?]
	at net.Tehword.eidolon_origins.effect.EOEffects.init(EOEffects.java:20) ~[%23196!/:?]
	at net.Tehword.eidolon_origins.effect.EOEffects.init(EOEffects.java:20) ~[%23196!/:?]
	at net.Tehword.eidolon_origins.effect.EOEffects.init(EOEffects.java:20) ~[%23196!/:?]
	at net.Tehword.eidolon_origins.effect.EOEffects.init(EOEffects.java:20) ~[%23196!/:?]
	at net.Tehword.eidolon_origins.effect.EOEffects.init(EOEffects.java:20) ~[%23196!/:?]
	at net.Tehword.eidolon_origins.effect.EOEffects.init(EOEffects.java:20) ~[%23196!/:?]
	at net.Tehword.eidolon_origins.effect.EOEffects.init(EOEffects.java:20) ~[%23196!/:?]
	at net.Tehword.eidolon_origins.effect.EOEffects.init(EOEffects.java:20) ~[%23196!/:?]
	at net.Tehword.eidolon_origins.effect.EOEffects.init(EOEffects.java:20) ~[%23196!/:?]
	at net.Tehword.eidolon_origins.effect.EOEffects.init(EOEffects.java:20) ~[%23196!/:?]
	at net.Tehword.eidolon_origins.effect.EOEffects.init(EOEffects.java:20) ~[%23196!/:?]
	at net.Tehword.eidolon_origins.effect.EOEffects.init(EOEffects.java:20) ~[%23196!/:?]
	at net.Tehword.eidolon_origins.effect.EOEffects.init(EOEffects.java:20) ~[%23196!/:?]
	at net.Tehword.eidolon_origins.effect.EOEffects.init(EOEffects.java:20) ~[%23196!/:?]
	at net.Tehword.eidolon_origins.effect.EOEffects.init(EOEffects.java:20) ~[%23196!/:?]
	at net.Tehword.eidolon_origins.effect.EOEffects.init(EOEffects.java:20) ~[%23196!/:?]
	at net.Tehword.eidolon_origins.effect.EOEffects.init(EOEffects.java:20) ~[%23196!/:?]
	at net.Tehword.eidolon_origins.effect.EOEffects.init(EOEffects.java:20) ~[%23196!/:?]
	at net.Tehword.eidolon_origins.effect.EOEffects.init(EOEffects.java:20) ~[%23196!/:?]
	at net.Tehword.eidolon_origins.effect.EOEffects.init(EOEffects.java:20) ~[%23196!/:?]
	at net.Tehword.eidolon_origins.effect.EOEffects.init(EOEffects.java:20) ~[%23196!/:?]
	at net.Tehword.eidolon_origins.effect.EOEffects.init(EOEffects.java:20) ~[%23196!/:?]
	at net.Tehword.eidolon_origins.effect.EOEffects.init(EOEffects.java:20) ~[%23196!/:?]
	at net.Tehword.eidolon_origins.effect.EOEffects.init(EOEffects.java:20) ~[%23196!/:?]
	at net.Tehword.eidolon_origins.effect.EOEffects.init(EOEffects.java:20) ~[%23196!/:?]
	at net.Tehword.eidolon_origins.effect.EOEffects.init(EOEffects.java:20) ~[%23196!/:?]
	at net.Tehword.eidolon_origins.effect.EOEffects.init(EOEffects.java:20) ~[%23196!/:?]
	at net.Tehword.eidolon_origins.effect.EOEffects.init(EOEffects.java:20) ~[%23196!/:?]
	at net.Tehword.eidolon_origins.effect.EOEffects.init(EOEffects.java:20) ~[%23196!/:?]
	at net.Tehword.eidolon_origins.effect.EOEffects.init(EOEffects.java:20) ~[%23196!/:?]
	at net.Tehword.eidolon_origins.effect.EOEffects.init(EOEffects.java:20) ~[%23196!/:?]
	at net.Tehword.eidolon_origins.effect.EOEffects.init(EOEffects.java:20) ~[%23196!/:?]
	at net.Tehword.eidolon_origins.effect.EOEffects.init(EOEffects.java:20) ~[%23196!/:?]
	at net.Tehword.eidolon_origins.effect.EOEffects.init(EOEffects.java:20) ~[%23196!/:?]
	at net.Tehword.eidolon_origins.effect.EOEffects.init(EOEffects.java:20) ~[%23196!/:?]
	at net.Tehword.eidolon_origins.effect.EOEffects.init(EOEffects.java:20) ~[%23196!/:?]
	at net.Tehword.eidolon_origins.effect.EOEffects.init(EOEffects.java:20) ~[%23196!/:?]
	at net.Tehword.eidolon_origins.effect.EOEffects.init(EOEffects.java:20) ~[%23196!/:?]
	at net.Tehword.eidolon_origins.effect.EOEffects.init(EOEffects.java:20) ~[%23196!/:?]
	at net.Tehword.eidolon_origins.effect.EOEffects.init(EOEffects.java:20) ~[%23196!/:?]
	at net.Tehword.eidolon_origins.effect.EOEffects.init(EOEffects.java:20) ~[%23196!/:?]
	at net.Tehword.eidolon_origins.effect.EOEffects.init(EOEffects.java:20) ~[%23196!/:?]
	at net.Tehword.eidolon_origins.effect.EOEffects.init(EOEffects.java:20) ~[%23196!/:?]
	at net.Tehword.eidolon_origins.effect.EOEffects.init(EOEffects.java:20) ~[%23196!/:?]
	at net.Tehword.eidolon_origins.effect.EOEffects.init(EOEffects.java:20) ~[%23196!/:?]
	at net.Tehword.eidolon_origins.effect.EOEffects.init(EOEffects.java:20) ~[%23196!/:?]
	at net.Tehword.eidolon_origins.effect.EOEffects.init(EOEffects.java:20) ~[%23196!/:?]
	at net.Tehword.eidolon_origins.effect.EOEffects.init(EOEffects.java:20) ~[%23196!/:?]
	at net.Tehword.eidolon_origins.effect.EOEffects.init(EOEffects.java:20) ~[%23196!/:?]
	at net.Tehword.eidolon_origins.effect.EOEffects.init(EOEffects.java:20) ~[%23196!/:?]
	at net.Tehword.eidolon_origins.effect.EOEffects.init(EOEffects.java:20) ~[%23196!/:?]
	at net.Tehword.eidolon_origins.effect.EOEffects.init(EOEffects.java:20) ~[%23196!/:?]
	at net.Tehword.eidolon_origins.effect.EOEffects.init(EOEffects.java:20) ~[%23196!/:?]
	at net.Tehword.eidolon_origins.effect.EOEffects.init(EOEffects.java:20) ~[%23196!/:?]
	at net.Tehword.eidolon_origins.effect.EOEffects.init(EOEffects.java:20) ~[%23196!/:?]
	at net.Tehword.eidolon_origins.effect.EOEffects.init(EOEffects.java:20) ~[%23196!/:?]
	at net.Tehword.eidolon_origins.effect.EOEffects.init(EOEffects.java:20) ~[%23196!/:?]
	at net.Tehword.eidolon_origins.effect.EOEffects.init(EOEffects.java:20) ~[%23196!/:?]
	at net.Tehword.eidolon_origins.effect.EOEffects.init(EOEffects.java:20) ~[%23196!/:?]
	at net.Tehword.eidolon_origins.effect.EOEffects.init(EOEffects.java:20) ~[%23196!/:?]
	at net.Tehword.eidolon_origins.effect.EOEffects.init(EOEffects.java:20) ~[%23196!/:?]
	at net.Tehword.eidolon_origins.effect.EOEffects.init(EOEffects.java:20) ~[%23196!/:?]
	at net.Tehword.eidolon_origins.effect.EOEffects.init(EOEffects.java:20) ~[%23196!/:?]
	at net.Tehword.eidolon_origins.effect.EOEffects.init(EOEffects.java:20) ~[%23196!/:?]
	at net.Tehword.eidolon_origins.effect.EOEffects.init(EOEffects.java:20) ~[%23196!/:?]
	at net.Tehword.eidolon_origins.effect.EOEffects.init(EOEffects.java:20) ~[%23196!/:?]
	at net.Tehword.eidolon_origins.effect.EOEffects.init(EOEffects.java:20) ~[%23196!/:?]
	at net.Tehword.eidolon_origins.effect.EOEffects.init(EOEffects.java:20) ~[%23196!/:?]
	at net.Tehword.eidolon_origins.effect.EOEffects.init(EOEffects.java:20) ~[%23196!/:?]
	at net.Tehword.eidolon_origins.effect.EOEffects.init(EOEffects.java:20) ~[%23196!/:?]
	at net.Tehword.eidolon_origins.effect.EOEffects.init(EOEffects.java:20) ~[%23196!/:?]
	at net.Tehword.eidolon_origins.effect.EOEffects.init(EOEffects.java:20) ~[%23196!/:?]
	at net.Tehword.eidolon_origins.effect.EOEffects.init(EOEffects.java:20) ~[%23196!/:?]
	at net.Tehword.eidolon_origins.effect.EOEffects.init(EOEffects.java:20) ~[%23196!/:?]
	at net.Tehword.eidolon_origins.effect.EOEffects.init(EOEffects.java:20) ~[%23196!/:?]
	at net.Tehword.eidolon_origins.effect.EOEffects.init(EOEffects.java:20) ~[%23196!/:?]
	at net.Tehword.eidolon_origins.effect.EOEffects.init(EOEffects.java:20) ~[%23196!/:?]
	at net.Tehword.eidolon_origins.effect.EOEffects.init(EOEffects.java:20) ~[%23196!/:?]
	at net.Tehword.eidolon_origins.effect.EOEffects.init(EOEffects.java:20) ~[%23196!/:?]
	at net.Tehword.eidolon_origins.effect.EOEffects.init(EOEffects.java:20) ~[%23196!/:?]
	at net.Tehword.eidolon_origins.effect.EOEffects.init(EOEffects.java:20) ~[%23196!/:?]
	at net.Tehword.eidolon_origins.effect.EOEffects.init(EOEffects.java:20) ~[%23196!/:?]
	at net.Tehword.eidolon_origins.effect.EOEffects.init(EOEffects.java:20) ~[%23196!/:?]
	at net.Tehword.eidolon_origins.effect.EOEffects.init(EOEffects.java:20) ~[%23196!/:?]
	at net.Tehword.eidolon_origins.effect.EOEffects.init(EOEffects.java:20) ~[%23196!/:?]
	at net.Tehword.eidolon_origins.effect.EOEffects.init(EOEffects.java:20) ~[%23196!/:?]
	at net.Tehword.eidolon_origins.effect.EOEffects.init(EOEffects.java:20) ~[%23196!/:?]
	at net.Tehword.eidolon_origins.effect.EOEffects.init(EOEffects.java:20) ~[%23196!/:?]
	at net.Tehword.eidolon_origins.effect.EOEffects.init(EOEffects.java:20) ~[%23196!/:?]
	at net.Tehword.eidolon_origins.effect.EOEffects.init(EOEffects.java:20) ~[%23196!/:?]
	at net.Tehword.eidolon_origins.effect.EOEffects.init(EOEffects.java:20) ~[%23196!/:?]
	at net.Tehword.eidolon_origins.effect.EOEffects.init(EOEffects.java:20) ~[%23196!/:?]
	at net.Tehword.eidolon_origins.effect.EOEffects.init(EOEffects.java:20) ~[%23196!/:?]
	at net.Tehword.eidolon_origins.effect.EOEffects.init(EOEffects.java:20) ~[%23196!/:?]
	at net.Tehword.eidolon_origins.effect.EOEffects.init(EOEffects.java:20) ~[%23196!/:?]
	at net.Tehword.eidolon_origins.effect.EOEffects.init(EOEffects.java:20) ~[%23196!/:?]
	at net.Tehword.eidolon_origins.effect.EOEffects.init(EOEffects.java:20) ~[%23196!/:?]
	at net.Tehword.eidolon_origins.effect.EOEffects.init(EOEffects.java:20) ~[%23196!/:?]
	at net.Tehword.eidolon_origins.effect.EOEffects.init(EOEffects.java:20) ~[%23196!/:?]
	at net.Tehword.eidolon_origins.effect.EOEffects.init(EOEffects.java:20) ~[%23196!/:?]
	at net.Tehword.eidolon_origins.effect.EOEffects.init(EOEffects.java:20) ~[%23196!/:?]
	at net.Tehword.eidolon_origins.effect.EOEffects.init(EOEffects.java:20) ~[%23196!/:?]
	at net.Tehword.eidolon_origins.effect.EOEffects.init(EOEffects.java:20) ~[%23196!/:?]
	at net.Tehword.eidolon_origins.effect.EOEffects.init(EOEffects.java:20) ~[%23196!/:?]
	at net.Tehword.eidolon_origins.effect.EOEffects.init(EOEffects.java:20) ~[%23196!/:?]
	at net.Tehword.eidolon_origins.effect.EOEffects.init(EOEffects.java:20) ~[%23196!/:?]
	at net.Tehword.eidolon_origins.effect.EOEffects.init(EOEffects.java:20) ~[%23196!/:?]
	at net.Tehword.eidolon_origins.effect.EOEffects.init(EOEffects.java:20) ~[%23196!/:?]
	at net.Tehword.eidolon_origins.effect.EOEffects.init(EOEffects.java:20) ~[%23196!/:?]
	at net.Tehword.eidolon_origins.effect.EOEffects.init(EOEffects.java:20) ~[%23196!/:?]
	at net.Tehword.eidolon_origins.effect.EOEffects.init(EOEffects.java:20) ~[%23196!/:?]
	at net.Tehword.eidolon_origins.effect.EOEffects.init(EOEffects.java:20) ~[%23196!/:?]
	at net.Tehword.eidolon_origins.effect.EOEffects.init(EOEffects.java:20) ~[%23196!/:?]
	at net.Tehword.eidolon_origins.effect.EOEffects.init(EOEffects.java:20) ~[%23196!/:?]
	at net.Tehword.eidolon_origins.effect.EOEffects.init(EOEffects.java:20) ~[%23196!/:?]
	at net.Tehword.eidolon_origins.effect.EOEffects.init(EOEffects.java:20) ~[%23196!/:?]
	at net.Tehword.eidolon_origins.effect.EOEffects.init(EOEffects.java:20) ~[%23196!/:?]
	at net.Tehword.eidolon_origins.effect.EOEffects.init(EOEffects.java:20) ~[%23196!/:?]
	at net.Tehword.eidolon_origins.effect.EOEffects.init(EOEffects.java:20) ~[%23196!/:?]
	at net.Tehword.eidolon_origins.effect.EOEffects.init(EOEffects.java:20) ~[%23196!/:?]
	at net.Tehword.eidolon_origins.effect.EOEffects.init(EOEffects.java:20) ~[%23196!/:?]
	at net.Tehword.eidolon_origins.effect.EOEffects.init(EOEffects.java:20) ~[%23196!/:?]
	at net.Tehword.eidolon_origins.effect.EOEffects.init(EOEffects.java:20) ~[%23196!/:?]
	at net.Tehword.eidolon_origins.effect.EOEffects.init(EOEffects.java:20) ~[%23196!/:?]
	at net.Tehword.eidolon_origins.effect.EOEffects.init(EOEffects.java:20) ~[%23196!/:?]
	at net.Tehword.eidolon_origins.effect.EOEffects.init(EOEffects.java:20) ~[%23196!/:?]
	at net.Tehword.eidolon_origins.effect.EOEffects.init(EOEffects.java:20) ~[%23196!/:?]
	at net.Tehword.eidolon_origins.effect.EOEffects.init(EOEffects.java:20) ~[%23196!/:?]
	at net.Tehword.eidolon_origins.effect.EOEffects.init(EOEffects.java:20) ~[%23196!/:?]
	at net.Tehword.eidolon_origins.effect.EOEffects.init(EOEffects.java:20) ~[%23196!/:?]
	at net.Tehword.eidolon_origins.effect.EOEffects.init(EOEffects.java:20) ~[%23196!/:?]
	at net.Tehword.eidolon_origins.effect.EOEffects.init(EOEffects.java:20) ~[%23196!/:?]
	at net.Tehword.eidolon_origins.effect.EOEffects.init(EOEffects.java:20) ~[%23196!/:?]
	at net.Tehword.eidolon_origins.effect.EOEffects.init(EOEffects.java:20) ~[%23196!/:?]
	at net.Tehword.eidolon_origins.effect.EOEffects.init(EOEffects.java:20) ~[%23196!/:?]
	at net.Tehword.eidolon_origins.effect.EOEffects.init(EOEffects.java:20) ~[%23196!/:?]
	at net.Tehword.eidolon_origins.effect.EOEffects.init(EOEffects.java:20) ~[%23196!/:?]
	at net.Tehword.eidolon_origins.effect.EOEffects.init(EOEffects.java:20) ~[%23196!/:?]
	at net.Tehword.eidolon_origins.effect.EOEffects.init(EOEffects.java:20) ~[%23196!/:?]
	at net.Tehword.eidolon_origins.effect.EOEffects.init(EOEffects.java:20) ~[%23196!/:?]
	at net.Tehword.eidolon_origins.effect.EOEffects.init(EOEffects.java:20) ~[%23196!/:?]
	at net.Tehword.eidolon_origins.effect.EOEffects.init(EOEffects.java:20) ~[%23196!/:?]
	at net.Tehword.eidolon_origins.effect.EOEffects.init(EOEffects.java:20) ~[%23196!/:?]
	at net.Tehword.eidolon_origins.effect.EOEffects.init(EOEffects.java:20) ~[%23196!/:?]
	at net.Tehword.eidolon_origins.effect.EOEffects.init(EOEffects.java:20) ~[%23196!/:?]
	at net.Tehword.eidolon_origins.effect.EOEffects.init(EOEffects.java:20) ~[%23196!/:?]
	at net.Tehword.eidolon_origins.effect.EOEffects.init(EOEffects.java:20) ~[%23196!/:?]
	at net.Tehword.eidolon_origins.effect.EOEffects.init(EOEffects.java:20) ~[%23196!/:?]
	at net.Tehword.eidolon_origins.effect.EOEffects.init(EOEffects.java:20) ~[%23196!/:?]
	at net.Tehword.eidolon_origins.effect.EOEffects.init(EOEffects.java:20) ~[%23196!/:?]
	at net.Tehword.eidolon_origins.effect.EOEffects.init(EOEffects.java:20) ~[%23196!/:?]
	at net.Tehword.eidolon_origins.effect.EOEffects.init(EOEffects.java:20) ~[%23196!/:?]
	at net.Tehword.eidolon_origins.effect.EOEffects.init(EOEffects.java:20) ~[%23196!/:?]
	at net.Tehword.eidolon_origins.effect.EOEffects.init(EOEffects.java:20) ~[%23196!/:?]
	at net.Tehword.eidolon_origins.effect.EOEffects.init(EOEffects.java:20) ~[%23196!/:?]
	at net.Tehword.eidolon_origins.effect.EOEffects.init(EOEffects.java:20) ~[%23196!/:?]
	at net.Tehword.eidolon_origins.effect.EOEffects.init(EOEffects.java:20) ~[%23196!/:?]
	at net.Tehword.eidolon_origins.effect.EOEffects.init(EOEffects.java:20) ~[%23196!/:?]
	at net.Tehword.eidolon_origins.effect.EOEffects.init(EOEffects.java:20) ~[%23196!/:?]
	at net.Tehword.eidolon_origins.effect.EOEffects.init(EOEffects.java:20) ~[%23196!/:?]
	at net.Tehword.eidolon_origins.effect.EOEffects.init(EOEffects.java:20) ~[%23196!/:?]
	at net.Tehword.eidolon_origins.effect.EOEffects.init(EOEffects.java:20) ~[%23196!/:?]
	at net.Tehword.eidolon_origins.effect.EOEffects.init(EOEffects.java:20) ~[%23196!/:?]
	at net.Tehword.eidolon_origins.effect.EOEffects.init(EOEffects.java:20) ~[%23196!/:?]
	at net.Tehword.eidolon_origins.effect.EOEffects.init(EOEffects.java:20) ~[%23196!/:?]
	at net.Tehword.eidolon_origins.effect.EOEffects.init(EOEffects.java:20) ~[%23196!/:?]
	at net.Tehword.eidolon_origins.effect.EOEffects.init(EOEffects.java:20) ~[%23196!/:?]
	at net.Tehword.eidolon_origins.effect.EOEffects.init(EOEffects.java:20) ~[%23196!/:?]
	at net.Tehword.eidolon_origins.effect.EOEffects.init(EOEffects.java:20) ~[%23196!/:?]
	at net.Tehword.eidolon_origins.effect.EOEffects.init(EOEffects.java:20) ~[%23196!/:?]
	at net.Tehword.eidolon_origins.effect.EOEffects.init(EOEffects.java:20) ~[%23196!/:?]
	at net.Tehword.eidolon_origins.effect.EOEffects.init(EOEffects.java:20) ~[%23196!/:?]
	at net.Tehword.eidolon_origins.effect.EOEffects.init(EOEffects.java:20) ~[%23196!/:?]
	at net.Tehword.eidolon_origins.effect.EOEffects.init(EOEffects.java:20) ~[%23196!/:?]
	at net.Tehword.eidolon_origins.effect.EOEffects.init(EOEffects.java:20) ~[%23196!/:?]
	at net.Tehword.eidolon_origins.effect.EOEffects.init(EOEffects.java:20) ~[%23196!/:?]
	at net.Tehword.eidolon_origins.effect.EOEffects.init(EOEffects.java:20) ~[%23196!/:?]
	at net.Tehword.eidolon_origins.effect.EOEffects.init(EOEffects.java:20) ~[%23196!/:?]
	at net.Tehword.eidolon_origins.effect.EOEffects.init(EOEffects.java:20) ~[%23196!/:?]
	at net.Tehword.eidolon_origins.effect.EOEffects.init(EOEffects.java:20) ~[%23196!/:?]
	at net.Tehword.eidolon_origins.effect.EOEffects.init(EOEffects.java:20) ~[%23196!/:?]
	at net.Tehword.eidolon_origins.effect.EOEffects.init(EOEffects.java:20) ~[%23196!/:?]
	at net.Tehword.eidolon_origins.effect.EOEffects.init(EOEffects.java:20) ~[%23196!/:?]
	at net.Tehword.eidolon_origins.effect.EOEffects.init(EOEffects.java:20) ~[%23196!/:?]
	at net.Tehword.eidolon_origins.effect.EOEffects.init(EOEffects.java:20) ~[%23196!/:?]
	at net.Tehword.eidolon_origins.effect.EOEffects.init(EOEffects.java:20) ~[%23196!/:?]
	at net.Tehword.eidolon_origins.effect.EOEffects.init(EOEffects.java:20) ~[%23196!/:?]
	at net.Tehword.eidolon_origins.effect.EOEffects.init(EOEffects.java:20) ~[%23196!/:?]
	at net.Tehword.eidolon_origins.effect.EOEffects.init(EOEffects.java:20) ~[%23196!/:?]
	at net.Tehword.eidolon_origins.effect.EOEffects.init(EOEffects.java:20) ~[%23196!/:?]
	at net.Tehword.eidolon_origins.effect.EOEffects.init(EOEffects.java:20) ~[%23196!/:?]
	at net.Tehword.eidolon_origins.effect.EOEffects.init(EOEffects.java:20) ~[%23196!/:?]
	at net.Tehword.eidolon_origins.effect.EOEffects.init(EOEffects.java:20) ~[%23196!/:?]
	at net.Tehword.eidolon_origins.effect.EOEffects.init(EOEffects.java:20) ~[%23196!/:?]
	at net.Tehword.eidolon_origins.effect.EOEffects.init(EOEffects.java:20) ~[%23196!/:?]
	at net.Tehword.eidolon_origins.effect.EOEffects.init(EOEffects.java:20) ~[%23196!/:?]
	at net.Tehword.eidolon_origins.effect.EOEffects.init(EOEffects.java:20) ~[%23196!/:?]
	at net.Tehword.eidolon_origins.effect.EOEffects.init(EOEffects.java:20) ~[%23196!/:?]
	at net.Tehword.eidolon_origins.effect.EOEffects.init(EOEffects.java:20) ~[%23196!/:?]
	at net.Tehword.eidolon_origins.effect.EOEffects.init(EOEffects.java:20) ~[%23196!/:?]
	at net.Tehword.eidolon_origins.effect.EOEffects.init(EOEffects.java:20) ~[%23196!/:?]
	at net.Tehword.eidolon_origins.effect.EOEffects.init(EOEffects.java:20) ~[%23196!/:?]
	at net.Tehword.eidolon_origins.effect.EOEffects.init(EOEffects.java:20) ~[%23196!/:?]
	at net.Tehword.eidolon_origins.effect.EOEffects.init(EOEffects.java:20) ~[%23196!/:?]
	at net.Tehword.eidolon_origins.effect.EOEffects.init(EOEffects.java:20) ~[%23196!/:?]
	at net.Tehword.eidolon_origins.effect.EOEffects.init(EOEffects.java:20) ~[%23196!/:?]
	at net.Tehword.eidolon_origins.effect.EOEffects.init(EOEffects.java:20) ~[%23196!/:?]
	at net.Tehword.eidolon_origins.effect.EOEffects.init(EOEffects.java:20) ~[%23196!/:?]
	at net.Tehword.eidolon_origins.effect.EOEffects.init(EOEffects.java:20) ~[%23196!/:?]
	at net.Tehword.eidolon_origins.effect.EOEffects.init(EOEffects.java:20) ~[%23196!/:?]
	at net.Tehword.eidolon_origins.effect.EOEffects.init(EOEffects.java:20) ~[%23196!/:?]
	at net.Tehword.eidolon_origins.effect.EOEffects.init(EOEffects.java:20) ~[%23196!/:?]
	at net.Tehword.eidolon_origins.effect.EOEffects.init(EOEffects.java:20) ~[%23196!/:?]
	at net.Tehword.eidolon_origins.effect.EOEffects.init(EOEffects.java:20) ~[%23196!/:?]
	at net.Tehword.eidolon_origins.effect.EOEffects.init(EOEffects.java:20) ~[%23196!/:?]
	at net.Tehword.eidolon_origins.effect.EOEffects.init(EOEffects.java:20) ~[%23196!/:?]
	at net.Tehword.eidolon_origins.effect.EOEffects.init(EOEffects.java:20) ~[%23196!/:?]
	at net.Tehword.eidolon_origins.effect.EOEffects.init(EOEffects.java:20) ~[%23196!/:?]
	at net.Tehword.eidolon_origins.effect.EOEffects.init(EOEffects.java:20) ~[%23196!/:?]
	at net.Tehword.eidolon_origins.effect.EOEffects.init(EOEffects.java:20) ~[%23196!/:?]
	at net.Tehword.eidolon_origins.effect.EOEffects.init(EOEffects.java:20) ~[%23196!/:?]
	at net.Tehword.eidolon_origins.effect.EOEffects.init(EOEffects.java:20) ~[%23196!/:?]
	at net.Tehword.eidolon_origins.effect.EOEffects.init(EOEffects.java:20) ~[%23196!/:?]
	at net.Tehword.eidolon_origins.effect.EOEffects.init(EOEffects.java:20) ~[%23196!/:?]
	at net.Tehword.eidolon_origins.effect.EOEffects.init(EOEffects.java:20) ~[%23196!/:?]
	at net.Tehword.eidolon_origins.effect.EOEffects.init(EOEffects.java:20) ~[%23196!/:?]
	at net.Tehword.eidolon_origins.effect.EOEffects.init(EOEffects.java:20) ~[%23196!/:?]
	at net.Tehword.eidolon_origins.effect.EOEffects.init(EOEffects.java:20) ~[%23196!/:?]
	at net.Tehword.eidolon_origins.effect.EOEffects.init(EOEffects.java:20) ~[%23196!/:?]
	at net.Tehword.eidolon_origins.effect.EOEffects.init(EOEffects.java:20) ~[%23196!/:?]
	at net.Tehword.eidolon_origins.effect.EOEffects.init(EOEffects.java:20) ~[%23196!/:?]
	at net.Tehword.eidolon_origins.effect.EOEffects.init(EOEffects.java:20) ~[%23196!/:?]
	at net.Tehword.eidolon_origins.effect.EOEffects.init(EOEffects.java:20) ~[%23196!/:?]
	at net.Tehword.eidolon_origins.effect.EOEffects.init(EOEffects.java:20) ~[%23196!/:?]
	at net.Tehword.eidolon_origins.effect.EOEffects.init(EOEffects.java:20) ~[%23196!/:?]
	at net.Tehword.eidolon_origins.effect.EOEffects.init(EOEffects.java:20) ~[%23196!/:?]
	at net.Tehword.eidolon_origins.effect.EOEffects.init(EOEffects.java:20) ~[%23196!/:?]
	at net.Tehword.eidolon_origins.effect.EOEffects.init(EOEffects.java:20) ~[%23196!/:?]
	at net.Tehword.eidolon_origins.effect.EOEffects.init(EOEffects.java:20) ~[%23196!/:?]
	at net.Tehword.eidolon_origins.effect.EOEffects.init(EOEffects.java:20) ~[%23196!/:?]
	at net.Tehword.eidolon_origins.effect.EOEffects.init(EOEffects.java:20) ~[%23196!/:?]
	at net.Tehword.eidolon_origins.effect.EOEffects.init(EOEffects.java:20) ~[%23196!/:?]
	at net.Tehword.eidolon_origins.effect.EOEffects.init(EOEffects.java:20) ~[%23196!/:?]
	at net.Tehword.eidolon_origins.effect.EOEffects.init(EOEffects.java:20) ~[%23196!/:?]
	at net.Tehword.eidolon_origins.effect.EOEffects.init(EOEffects.java:20) ~[%23196!/:?]
	at net.Tehword.eidolon_origins.effect.EOEffects.init(EOEffects.java:20) ~[%23196!/:?]
	at net.Tehword.eidolon_origins.effect.EOEffects.init(EOEffects.java:20) ~[%23196!/:?]
	at net.Tehword.eidolon_origins.effect.EOEffects.init(EOEffects.java:20) ~[%23196!/:?]
	at net.Tehword.eidolon_origins.effect.EOEffects.init(EOEffects.java:20) ~[%23196!/:?]
	at net.Tehword.eidolon_origins.effect.EOEffects.init(EOEffects.java:20) ~[%23196!/:?]
	at net.Tehword.eidolon_origins.effect.EOEffects.init(EOEffects.java:20) ~[%23196!/:?]
	at net.Tehword.eidolon_origins.effect.EOEffects.init(EOEffects.java:20) ~[%23196!/:?]
	at net.Tehword.eidolon_origins.effect.EOEffects.init(EOEffects.java:20) ~[%23196!/:?]
	at net.Tehword.eidolon_origins.effect.EOEffects.init(EOEffects.java:20) ~[%23196!/:?]
	at net.Tehword.eidolon_origins.effect.EOEffects.init(EOEffects.java:20) ~[%23196!/:?]
	at net.Tehword.eidolon_origins.effect.EOEffects.init(EOEffects.java:20) ~[%23196!/:?]
	at net.Tehword.eidolon_origins.effect.EOEffects.init(EOEffects.java:20) ~[%23196!/:?]
	at net.Tehword.eidolon_origins.effect.EOEffects.init(EOEffects.java:20) ~[%23196!/:?]
	at net.Tehword.eidolon_origins.effect.EOEffects.init(EOEffects.java:20) ~[%23196!/:?]
	at net.Tehword.eidolon_origins.effect.EOEffects.init(EOEffects.java:20) ~[%23196!/:?]
	at net.Tehword.eidolon_origins.effect.EOEffects.init(EOEffects.java:20) ~[%23196!/:?]
	at net.Tehword.eidolon_origins.effect.EOEffects.init(EOEffects.java:20) ~[%23196!/:?]
	at net.Tehword.eidolon_origins.effect.EOEffects.init(EOEffects.java:20) ~[%23196!/:?]
	at net.Tehword.eidolon_origins.effect.EOEffects.init(EOEffects.java:20) ~[%23196!/:?]
	at net.Tehword.eidolon_origins.effect.EOEffects.init(EOEffects.java:20) ~[%23196!/:?]
	at net.Tehword.eidolon_origins.effect.EOEffects.init(EOEffects.java:20) ~[%23196!/:?]
	at net.Tehword.eidolon_origins.effect.EOEffects.init(EOEffects.java:20) ~[%23196!/:?]
	at net.Tehword.eidolon_origins.effect.EOEffects.init(EOEffects.java:20) ~[%23196!/:?]
	at net.Tehword.eidolon_origins.effect.EOEffects.init(EOEffects.java:20) ~[%23196!/:?]
	at net.Tehword.eidolon_origins.effect.EOEffects.init(EOEffects.java:20) ~[%23196!/:?]
	at net.Tehword.eidolon_origins.effect.EOEffects.init(EOEffects.java:20) ~[%23196!/:?]
	at net.Tehword.eidolon_origins.effect.EOEffects.init(EOEffects.java:20) ~[%23196!/:?]
	at net.Tehword.eidolon_origins.effect.EOEffects.init(EOEffects.java:20) ~[%23196!/:?]
	at net.Tehword.eidolon_origins.effect.EOEffects.init(EOEffects.java:20) ~[%23196!/:?]
	at net.Tehword.eidolon_origins.effect.EOEffects.init(EOEffects.java:20) ~[%23196!/:?]
	at net.Tehword.eidolon_origins.effect.EOEffects.init(EOEffects.java:20) ~[%23196!/:?]
	at net.Tehword.eidolon_origins.effect.EOEffects.init(EOEffects.java:20) ~[%23196!/:?]
	at net.Tehword.eidolon_origins.effect.EOEffects.init(EOEffects.java:20) ~[%23196!/:?]
	at net.Tehword.eidolon_origins.effect.EOEffects.init(EOEffects.java:20) ~[%23196!/:?]
	at net.Tehword.eidolon_origins.effect.EOEffects.init(EOEffects.java:20) ~[%23196!/:?]
	at net.Tehword.eidolon_origins.effect.EOEffects.init(EOEffects.java:20) ~[%23196!/:?]
	at net.Tehword.eidolon_origins.effect.EOEffects.init(EOEffects.java:20) ~[%23196!/:?]
	at net.Tehword.eidolon_origins.effect.EOEffects.init(EOEffects.java:20) ~[%23196!/:?]
	at net.Tehword.eidolon_origins.effect.EOEffects.init(EOEffects.java:20) ~[%23196!/:?]
	at net.Tehword.eidolon_origins.effect.EOEffects.init(EOEffects.java:20) ~[%23196!/:?]
	at net.Tehword.eidolon_origins.effect.EOEffects.init(EOEffects.java:20) ~[%23196!/:?]
	at net.Tehword.eidolon_origins.effect.EOEffects.init(EOEffects.java:20) ~[%23196!/:?]
	at net.Tehword.eidolon_origins.effect.EOEffects.init(EOEffects.java:20) ~[%23196!/:?]
	at net.Tehword.eidolon_origins.effect.EOEffects.init(EOEffects.java:20) ~[%23196!/:?]
	at net.Tehword.eidolon_origins.effect.EOEffects.init(EOEffects.java:20) ~[%23196!/:?]
	at net.Tehword.eidolon_origins.effect.EOEffects.init(EOEffects.java:20) ~[%23196!/:?]
	at net.Tehword.eidolon_origins.effect.EOEffects.init(EOEffects.java:20) ~[%23196!/:?]
	at net.Tehword.eidolon_origins.effect.EOEffects.init(EOEffects.java:20) ~[%23196!/:?]
	at net.Tehword.eidolon_origins.effect.EOEffects.init(EOEffects.java:20) ~[%23196!/:?]
	at net.Tehword.eidolon_origins.effect.EOEffects.init(EOEffects.java:20) ~[%23196!/:?]
	at net.Tehword.eidolon_origins.effect.EOEffects.init(EOEffects.java:20) ~[%23196!/:?]
	at net.Tehword.eidolon_origins.effect.EOEffects.init(EOEffects.java:20) ~[%23196!/:?]
	at net.Tehword.eidolon_origins.effect.EOEffects.init(EOEffects.java:20) ~[%23196!/:?]
	at net.Tehword.eidolon_origins.effect.EOEffects.init(EOEffects.java:20) ~[%23196!/:?]
	at net.Tehword.eidolon_origins.effect.EOEffects.init(EOEffects.java:20) ~[%23196!/:?]
	at net.Tehword.eidolon_origins.effect.EOEffects.init(EOEffects.java:20) ~[%23196!/:?]
	at net.Tehword.eidolon_origins.effect.EOEffects.init(EOEffects.java:20) ~[%23196!/:?]
	at net.Tehword.eidolon_origins.effect.EOEffects.init(EOEffects.java:20) ~[%23196!/:?]
	at net.Tehword.eidolon_origins.effect.EOEffects.init(EOEffects.java:20) ~[%23196!/:?]
	at net.Tehword.eidolon_origins.effect.EOEffects.init(EOEffects.java:20) ~[%23196!/:?]
	at net.Tehword.eidolon_origins.effect.EOEffects.init(EOEffects.java:20) ~[%23196!/:?]
	at net.Tehword.eidolon_origins.effect.EOEffects.init(EOEffects.java:20) ~[%23196!/:?]
	at net.Tehword.eidolon_origins.effect.EOEffects.init(EOEffects.java:20) ~[%23196!/:?]
	at net.Tehword.eidolon_origins.effect.EOEffects.init(EOEffects.java:20) ~[%23196!/:?]
	at net.Tehword.eidolon_origins.effect.EOEffects.init(EOEffects.java:20) ~[%23196!/:?]
	at net.Tehword.eidolon_origins.effect.EOEffects.init(EOEffects.java:20) ~[%23196!/:?]
	at net.Tehword.eidolon_origins.effect.EOEffects.init(EOEffects.java:20) ~[%23196!/:?]
	at net.Tehword.eidolon_origins.effect.EOEffects.init(EOEffects.java:20) ~[%23196!/:?]
	at net.Tehword.eidolon_origins.effect.EOEffects.init(EOEffects.java:20) ~[%23196!/:?]
	at net.Tehword.eidolon_origins.effect.EOEffects.init(EOEffects.java:20) ~[%23196!/:?]
	at net.Tehword.eidolon_origins.effect.EOEffects.init(EOEffects.java:20) ~[%23196!/:?]
	at net.Tehword.eidolon_origins.effect.EOEffects.init(EOEffects.java:20) ~[%23196!/:?]
	at net.Tehword.eidolon_origins.effect.EOEffects.init(EOEffects.java:20) ~[%23196!/:?]
	at net.Tehword.eidolon_origins.effect.EOEffects.init(EOEffects.java:20) ~[%23196!/:?]
	at net.Tehword.eidolon_origins.effect.EOEffects.init(EOEffects.java:20) ~[%23196!/:?]
	at net.Tehword.eidolon_origins.effect.EOEffects.init(EOEffects.java:20) ~[%23196!/:?]
	at net.Tehword.eidolon_origins.effect.EOEffects.init(EOEffects.java:20) ~[%23196!/:?]
	at net.Tehword.eidolon_origins.effect.EOEffects.init(EOEffects.java:20) ~[%23196!/:?]
	at net.Tehword.eidolon_origins.effect.EOEffects.init(EOEffects.java:20) ~[%23196!/:?]
	at net.Tehword.eidolon_origins.effect.EOEffects.init(EOEffects.java:20) ~[%23196!/:?]
	at net.Tehword.eidolon_origins.effect.EOEffects.init(EOEffects.java:20) ~[%23196!/:?]
	at net.Tehword.eidolon_origins.effect.EOEffects.init(EOEffects.java:20) ~[%23196!/:?]
	at net.Tehword.eidolon_origins.effect.EOEffects.init(EOEffects.java:20) ~[%23196!/:?]
	at net.Tehword.eidolon_origins.effect.EOEffects.init(EOEffects.java:20) ~[%23196!/:?]
	at net.Tehword.eidolon_origins.effect.EOEffects.init(EOEffects.java:20) ~[%23196!/:?]
	at net.Tehword.eidolon_origins.effect.EOEffects.init(EOEffects.java:20) ~[%23196!/:?]
	at net.Tehword.eidolon_origins.effect.EOEffects.init(EOEffects.java:20) ~[%23196!/:?]
	at net.Tehword.eidolon_origins.effect.EOEffects.init(EOEffects.java:20) ~[%23196!/:?]
	at net.Tehword.eidolon_origins.effect.EOEffects.init(EOEffects.java:20) ~[%23196!/:?]
	at net.Tehword.eidolon_origins.effect.EOEffects.init(EOEffects.java:20) ~[%23196!/:?]
	at net.Tehword.eidolon_origins.effect.EOEffects.init(EOEffects.java:20) ~[%23196!/:?]
	at net.Tehword.eidolon_origins.effect.EOEffects.init(EOEffects.java:20) ~[%23196!/:?]
	at net.Tehword.eidolon_origins.effect.EOEffects.init(EOEffects.java:20) ~[%23196!/:?]
	at net.Tehword.eidolon_origins.effect.EOEffects.init(EOEffects.java:20) ~[%23196!/:?]
	at net.Tehword.eidolon_origins.effect.EOEffects.init(EOEffects.java:20) ~[%23196!/:?]
	at net.Tehword.eidolon_origins.effect.EOEffects.init(EOEffects.java:20) ~[%23196!/:?]
	at net.Tehword.eidolon_origins.effect.EOEffects.init(EOEffects.java:20) ~[%23196!/:?]
	at net.Tehword.eidolon_origins.effect.EOEffects.init(EOEffects.java:20) ~[%23196!/:?]
	at net.Tehword.eidolon_origins.effect.EOEffects.init(EOEffects.java:20) ~[%23196!/:?]
	at net.Tehword.eidolon_origins.effect.EOEffects.init(EOEffects.java:20) ~[%23196!/:?]
	at net.Tehword.eidolon_origins.effect.EOEffects.init(EOEffects.java:20) ~[%23196!/:?]
	at net.Tehword.eidolon_origins.effect.EOEffects.init(EOEffects.java:20) ~[%23196!/:?]
	at net.Tehword.eidolon_origins.effect.EOEffects.init(EOEffects.java:20) ~[%23196!/:?]
	at net.Tehword.eidolon_origins.effect.EOEffects.init(EOEffects.java:20) ~[%23196!/:?]
	at net.Tehword.eidolon_origins.effect.EOEffects.init(EOEffects.java:20) ~[%23196!/:?]
	at net.Tehword.eidolon_origins.effect.EOEffects.init(EOEffects.java:20) ~[%23196!/:?]
	at net.Tehword.eidolon_origins.effect.EOEffects.init(EOEffects.java:20) ~[%23196!/:?]
	at net.Tehword.eidolon_origins.effect.EOEffects.init(EOEffects.java:20) ~[%23196!/:?]
	at net.Tehword.eidolon_origins.effect.EOEffects.init(EOEffects.java:20) ~[%23196!/:?]
	at net.Tehword.eidolon_origins.effect.EOEffects.init(EOEffects.java:20) ~[%23196!/:?]
	at net.Tehword.eidolon_origins.effect.EOEffects.init(EOEffects.java:20) ~[%23196!/:?]
	at net.Tehword.eidolon_origins.effect.EOEffects.init(EOEffects.java:20) ~[%23196!/:?]
	at net.Tehword.eidolon_origins.effect.EOEffects.init(EOEffects.java:20) ~[%23196!/:?]
	at net.Tehword.eidolon_origins.effect.EOEffects.init(EOEffects.java:20) ~[%23196!/:?]
	at net.Tehword.eidolon_origins.effect.EOEffects.init(EOEffects.java:20) ~[%23196!/:?]
	at net.Tehword.eidolon_origins.effect.EOEffects.init(EOEffects.java:20) ~[%23196!/:?]
	at net.Tehword.eidolon_origins.effect.EOEffects.init(EOEffects.java:20) ~[%23196!/:?]
	at net.Tehword.eidolon_origins.effect.EOEffects.init(EOEffects.java:20) ~[%23196!/:?]
	at net.Tehword.eidolon_origins.effect.EOEffects.init(EOEffects.java:20) ~[%23196!/:?]
	at net.Tehword.eidolon_origins.effect.EOEffects.init(EOEffects.java:20) ~[%23196!/:?]
	at net.Tehword.eidolon_origins.effect.EOEffects.init(EOEffects.java:20) ~[%23196!/:?]
	at net.Tehword.eidolon_origins.effect.EOEffects.init(EOEffects.java:20) ~[%23196!/:?]
	at net.Tehword.eidolon_origins.effect.EOEffects.init(EOEffects.java:20) ~[%23196!/:?]
	at net.Tehword.eidolon_origins.effect.EOEffects.init(EOEffects.java:20) ~[%23196!/:?]
	at net.Tehword.eidolon_origins.effect.EOEffects.init(EOEffects.java:20) ~[%23196!/:?]
	at net.Tehword.eidolon_origins.effect.EOEffects.init(EOEffects.java:20) ~[%23196!/:?]
	at net.Tehword.eidolon_origins.effect.EOEffects.init(EOEffects.java:20) ~[%23196!/:?]
	at net.Tehword.eidolon_origins.effect.EOEffects.init(EOEffects.java:20) ~[%23196!/:?]
	at net.Tehword.eidolon_origins.effect.EOEffects.init(EOEffects.java:20) ~[%23196!/:?]
	at net.Tehword.eidolon_origins.effect.EOEffects.init(EOEffects.java:20) ~[%23196!/:?]
	at net.Tehword.eidolon_origins.effect.EOEffects.init(EOEffects.java:20) ~[%23196!/:?]
	at net.Tehword.eidolon_origins.effect.EOEffects.init(EOEffects.java:20) ~[%23196!/:?]
	at net.Tehword.eidolon_origins.effect.EOEffects.init(EOEffects.java:20) ~[%23196!/:?]
	at net.Tehword.eidolon_origins.effect.EOEffects.init(EOEffects.java:20) ~[%23196!/:?]
	at net.Tehword.eidolon_origins.effect.EOEffects.init(EOEffects.java:20) ~[%23196!/:?]
	at net.Tehword.eidolon_origins.effect.EOEffects.init(EOEffects.java:20) ~[%23196!/:?]
	at net.Tehword.eidolon_origins.effect.EOEffects.init(EOEffects.java:20) ~[%23196!/:?]
	at net.Tehword.eidolon_origins.effect.EOEffects.init(EOEffects.java:20) ~[%23196!/:?]
	at net.Tehword.eidolon_origins.effect.EOEffects.init(EOEffects.java:20) ~[%23196!/:?]
	at net.Tehword.eidolon_origins.effect.EOEffects.init(EOEffects.java:20) ~[%23196!/:?]
	at net.Tehword.eidolon_origins.effect.EOEffects.init(EOEffects.java:20) ~[%23196!/:?]
	at net.Tehword.eidolon_origins.effect.EOEffects.init(EOEffects.java:20) ~[%23196!/:?]
	at net.Tehword.eidolon_origins.effect.EOEffects.init(EOEffects.java:20) ~[%23196!/:?]
	at net.Tehword.eidolon_origins.effect.EOEffects.init(EOEffects.java:20) ~[%23196!/:?]
	at net.Tehword.eidolon_origins.effect.EOEffects.init(EOEffects.java:20) ~[%23196!/:?]
	at net.Tehword.eidolon_origins.effect.EOEffects.init(EOEffects.java:20) ~[%23196!/:?]
	at net.Tehword.eidolon_origins.effect.EOEffects.init(EOEffects.java:20) ~[%23196!/:?]
	at net.Tehword.eidolon_origins.effect.EOEffects.init(EOEffects.java:20) ~[%23196!/:?]
	at net.Tehword.eidolon_origins.effect.EOEffects.init(EOEffects.java:20) ~[%23196!/:?]
	at net.Tehword.eidolon_origins.effect.EOEffects.init(EOEffects.java:20) ~[%23196!/:?]
	at net.Tehword.eidolon_origins.effect.EOEffects.init(EOEffects.java:20) ~[%23196!/:?]
	at net.Tehword.eidolon_origins.effect.EOEffects.init(EOEffects.java:20) ~[%23196!/:?]
	at net.Tehword.eidolon_origins.effect.EOEffects.init(EOEffects.java:20) ~[%23196!/:?]
	at net.Tehword.eidolon_origins.effect.EOEffects.init(EOEffects.java:20) ~[%23196!/:?]
	at net.Tehword.eidolon_origins.effect.EOEffects.init(EOEffects.java:20) ~[%23196!/:?]
	at net.Tehword.eidolon_origins.effect.EOEffects.init(EOEffects.java:20) ~[%23196!/:?]
	at net.Tehword.eidolon_origins.effect.EOEffects.init(EOEffects.java:20) ~[%23196!/:?]
	at net.Tehword.eidolon_origins.effect.EOEffects.init(EOEffects.java:20) ~[%23196!/:?]
	at net.Tehword.eidolon_origins.effect.EOEffects.init(EOEffects.java:20) ~[%23196!/:?]
	at net.Tehword.eidolon_origins.effect.EOEffects.init(EOEffects.java:20) ~[%23196!/:?]
	at net.Tehword.eidolon_origins.effect.EOEffects.init(EOEffects.java:20) ~[%23196!/:?]
	at net.Tehword.eidolon_origins.effect.EOEffects.init(EOEffects.java:20) ~[%23196!/:?]
	at net.Tehword.eidolon_origins.effect.EOEffects.init(EOEffects.java:20) ~[%23196!/:?]
	at net.Tehword.eidolon_origins.effect.EOEffects.init(EOEffects.java:20) ~[%23196!/:?]
	at net.Tehword.eidolon_origins.effect.EOEffects.init(EOEffects.java:20) ~[%23196!/:?]
	at net.Tehword.eidolon_origins.effect.EOEffects.init(EOEffects.java:20) ~[%23196!/:?]
	at net.Tehword.eidolon_origins.effect.EOEffects.init(EOEffects.java:20) ~[%23196!/:?]
	at net.Tehword.eidolon_origins.effect.EOEffects.init(EOEffects.java:20) ~[%23196!/:?]
	at net.Tehword.eidolon_origins.effect.EOEffects.init(EOEffects.java:20) ~[%23196!/:?]
	at net.Tehword.eidolon_origins.effect.EOEffects.init(EOEffects.java:20) ~[%23196!/:?]
	at net.Tehword.eidolon_origins.effect.EOEffects.init(EOEffects.java:20) ~[%23196!/:?]
	at net.Tehword.eidolon_origins.effect.EOEffects.init(EOEffects.java:20) ~[%23196!/:?]
	at net.Tehword.eidolon_origins.effect.EOEffects.init(EOEffects.java:20) ~[%23196!/:?]
	at net.Tehword.eidolon_origins.effect.EOEffects.init(EOEffects.java:20) ~[%23196!/:?]
	at net.Tehword.eidolon_origins.effect.EOEffects.init(EOEffects.java:20) ~[%23196!/:?]
	at net.Tehword.eidolon_origins.effect.EOEffects.init(EOEffects.java:20) ~[%23196!/:?]
	at net.Tehword.eidolon_origins.effect.EOEffects.init(EOEffects.java:20) ~[%23196!/:?]
	at net.Tehword.eidolon_origins.effect.EOEffects.init(EOEffects.java:20) ~[%23196!/:?]
	at net.Tehword.eidolon_origins.effect.EOEffects.init(EOEffects.java:20) ~[%23196!/:?]
	at net.Tehword.eidolon_origins.effect.EOEffects.init(EOEffects.java:20) ~[%23196!/:?]
	at net.Tehword.eidolon_origins.effect.EOEffects.init(EOEffects.java:20) ~[%23196!/:?]
	at net.Tehword.eidolon_origins.effect.EOEffects.init(EOEffects.java:20) ~[%23196!/:?]
	at net.Tehword.eidolon_origins.effect.EOEffects.init(EOEffects.java:20) ~[%23196!/:?]
	at net.Tehword.eidolon_origins.effect.EOEffects.init(EOEffects.java:20) ~[%23196!/:?]
	at net.Tehword.eidolon_origins.effect.EOEffects.init(EOEffects.java:20) ~[%23196!/:?]
	at net.Tehword.eidolon_origins.effect.EOEffects.init(EOEffects.java:20) ~[%23196!/:?]
	at net.Tehword.eidolon_origins.effect.EOEffects.init(EOEffects.java:20) ~[%23196!/:?]
	at net.Tehword.eidolon_origins.effect.EOEffects.init(EOEffects.java:20) ~[%23196!/:?]
	at net.Tehword.eidolon_origins.effect.EOEffects.init(EOEffects.java:20) ~[%23196!/:?]
	at net.Tehword.eidolon_origins.effect.EOEffects.init(EOEffects.java:20) ~[%23196!/:?]
	at net.Tehword.eidolon_origins.effect.EOEffects.init(EOEffects.java:20) ~[%23196!/:?]
	at net.Tehword.eidolon_origins.effect.EOEffects.init(EOEffects.java:20) ~[%23196!/:?]
	at net.Tehword.eidolon_origins.effect.EOEffects.init(EOEffects.java:20) ~[%23196!/:?]
	at net.Tehword.eidolon_origins.effect.EOEffects.init(EOEffects.java:20) ~[%23196!/:?]
	at net.Tehword.eidolon_origins.effect.EOEffects.init(EOEffects.java:20) ~[%23196!/:?]
	at net.Tehword.eidolon_origins.effect.EOEffects.init(EOEffects.java:20) ~[%23196!/:?]
	at net.Tehword.eidolon_origins.effect.EOEffects.init(EOEffects.java:20) ~[%23196!/:?]
	at net.Tehword.eidolon_origins.effect.EOEffects.init(EOEffects.java:20) ~[%23196!/:?]
	at net.Tehword.eidolon_origins.effect.EOEffects.init(EOEffects.java:20) ~[%23196!/:?]
	at net.Tehword.eidolon_origins.effect.EOEffects.init(EOEffects.java:20) ~[%23196!/:?]
	at net.Tehword.eidolon_origins.effect.EOEffects.init(EOEffects.java:20) ~[%23196!/:?]
	at net.Tehword.eidolon_origins.effect.EOEffects.init(EOEffects.java:20) ~[%23196!/:?]
	at net.Tehword.eidolon_origins.effect.EOEffects.init(EOEffects.java:20) ~[%23196!/:?]
	at net.Tehword.eidolon_origins.effect.EOEffects.init(EOEffects.java:20) ~[%23196!/:?]
	at net.Tehword.eidolon_origins.effect.EOEffects.init(EOEffects.java:20) ~[%23196!/:?]
	at net.Tehword.eidolon_origins.effect.EOEffects.init(EOEffects.java:20) ~[%23196!/:?]
	at net.Tehword.eidolon_origins.effect.EOEffects.init(EOEffects.java:20) ~[%23196!/:?]
	at net.Tehword.eidolon_origins.effect.EOEffects.init(EOEffects.java:20) ~[%23196!/:?]
	at net.Tehword.eidolon_origins.effect.EOEffects.init(EOEffects.java:20) ~[%23196!/:?]
	at net.Tehword.eidolon_origins.effect.EOEffects.init(EOEffects.java:20) ~[%23196!/:?]
	at net.Tehword.eidolon_origins.effect.EOEffects.init(EOEffects.java:20) ~[%23196!/:?]
	at net.Tehword.eidolon_origins.effect.EOEffects.init(EOEffects.java:20) ~[%23196!/:?]
	at net.Tehword.eidolon_origins.effect.EOEffects.init(EOEffects.java:20) ~[%23196!/:?]
	at net.Tehword.eidolon_origins.effect.EOEffects.init(EOEffects.java:20) ~[%23196!/:?]
	at net.Tehword.eidolon_origins.effect.EOEffects.init(EOEffects.java:20) ~[%23196!/:?]
	at net.Tehword.eidolon_origins.effect.EOEffects.init(EOEffects.java:20) ~[%23196!/:?]
	at net.Tehword.eidolon_origins.effect.EOEffects.init(EOEffects.java:20) ~[%23196!/:?]
	at net.Tehword.eidolon_origins.effect.EOEffects.init(EOEffects.java:20) ~[%23196!/:?]
	at net.Tehword.eidolon_origins.effect.EOEffects.init(EOEffects.java:20) ~[%23196!/:?]
	at net.Tehword.eidolon_origins.effect.EOEffects.init(EOEffects.java:20) ~[%23196!/:?]
	at net.Tehword.eidolon_origins.effect.EOEffects.init(EOEffects.java:20) ~[%23196!/:?]
	at net.Tehword.eidolon_origins.effect.EOEffects.init(EOEffects.java:20) ~[%23196!/:?]
	at net.Tehword.eidolon_origins.effect.EOEffects.init(EOEffects.java:20) ~[%23196!/:?]
	at net.Tehword.eidolon_origins.effect.EOEffects.init(EOEffects.java:20) ~[%23196!/:?]
	at net.Tehword.eidolon_origins.effect.EOEffects.init(EOEffects.java:20) ~[%23196!/:?]
	at net.Tehword.eidolon_origins.effect.EOEffects.init(EOEffects.java:20) ~[%23196!/:?]
	at net.Tehword.eidolon_origins.effect.EOEffects.init(EOEffects.java:20) ~[%23196!/:?]
	at net.Tehword.eidolon_origins.effect.EOEffects.init(EOEffects.java:20) ~[%23196!/:?]
	at net.Tehword.eidolon_origins.effect.EOEffects.init(EOEffects.java:20) ~[%23196!/:?]
	at net.Tehword.eidolon_origins.effect.EOEffects.init(EOEffects.java:20) ~[%23196!/:?]
	at net.Tehword.eidolon_origins.effect.EOEffects.init(EOEffects.java:20) ~[%23196!/:?]
	at net.Tehword.eidolon_origins.effect.EOEffects.init(EOEffects.java:20) ~[%23196!/:?]
	at net.Tehword.eidolon_origins.effect.EOEffects.init(EOEffects.java:20) ~[%23196!/:?]
	at net.Tehword.eidolon_origins.effect.EOEffects.init(EOEffects.java:20) ~[%23196!/:?]
	at net.Tehword.eidolon_origins.effect.EOEffects.init(EOEffects.java:20) ~[%23196!/:?]
	at net.Tehword.eidolon_origins.effect.EOEffects.init(EOEffects.java:20) ~[%23196!/:?]
	at net.Tehword.eidolon_origins.effect.EOEffects.init(EOEffects.java:20) ~[%23196!/:?]
	at net.Tehword.eidolon_origins.effect.EOEffects.init(EOEffects.java:20) ~[%23196!/:?]
	at net.Tehword.eidolon_origins.effect.EOEffects.init(EOEffects.java:20) ~[%23196!/:?]
	at net.Tehword.eidolon_origins.effect.EOEffects.init(EOEffects.java:20) ~[%23196!/:?]
	at net.Tehword.eidolon_origins.effect.EOEffects.init(EOEffects.java:20) ~[%23196!/:?]
	at net.Tehword.eidolon_origins.effect.EOEffects.init(EOEffects.java:20) ~[%23196!/:?]
	at net.Tehword.eidolon_origins.effect.EOEffects.init(EOEffects.java:20) ~[%23196!/:?]
	at net.Tehword.eidolon_origins.effect.EOEffects.init(EOEffects.java:20) ~[%23196!/:?]
	at net.Tehword.eidolon_origins.effect.EOEffects.init(EOEffects.java:20) ~[%23196!/:?]
	at net.Tehword.eidolon_origins.effect.EOEffects.init(EOEffects.java:20) ~[%23196!/:?]
	at net.Tehword.eidolon_origins.effect.EOEffects.init(EOEffects.java:20) ~[%23196!/:?]
	at net.Tehword.eidolon_origins.effect.EOEffects.init(EOEffects.java:20) ~[%23196!/:?]
	at net.Tehword.eidolon_origins.effect.EOEffects.init(EOEffects.java:20) ~[%23196!/:?]
	at net.Tehword.eidolon_origins.effect.EOEffects.init(EOEffects.java:20) ~[%23196!/:?]
	at net.Tehword.eidolon_origins.effect.EOEffects.init(EOEffects.java:20) ~[%23196!/:?]
	at net.Tehword.eidolon_origins.effect.EOEffects.init(EOEffects.java:20) ~[%23196!/:?]
	at net.Tehword.eidolon_origins.effect.EOEffects.init(EOEffects.java:20) ~[%23196!/:?]
	at net.Tehword.eidolon_origins.effect.EOEffects.init(EOEffects.java:20) ~[%23196!/:?]
	at net.Tehword.eidolon_origins.effect.EOEffects.init(EOEffects.java:20) ~[%23196!/:?]
	at net.Tehword.eidolon_origins.effect.EOEffects.init(EOEffects.java:20) ~[%23196!/:?]
	at net.Tehword.eidolon_origins.effect.EOEffects.init(EOEffects.java:20) ~[%23196!/:?]
	at net.Tehword.eidolon_origins.effect.EOEffects.init(EOEffects.java:20) ~[%23196!/:?]
	at net.Tehword.eidolon_origins.effect.EOEffects.init(EOEffects.java:20) ~[%23196!/:?]
	at net.Tehword.eidolon_origins.effect.EOEffects.init(EOEffects.java:20) ~[%23196!/:?]
	at net.Tehword.eidolon_origins.effect.EOEffects.init(EOEffects.java:20) ~[%23196!/:?]
	at net.Tehword.eidolon_origins.effect.EOEffects.init(EOEffects.java:20) ~[%23196!/:?]
	at net.Tehword.eidolon_origins.effect.EOEffects.init(EOEffects.java:20) ~[%23196!/:?]
	at net.Tehword.eidolon_origins.effect.EOEffects.init(EOEffects.java:20) ~[%23196!/:?]
	at net.Tehword.eidolon_origins.effect.EOEffects.init(EOEffects.java:20) ~[%23196!/:?]
	at net.Tehword.eidolon_origins.effect.EOEffects.init(EOEffects.java:20) ~[%23196!/:?]
	at net.Tehword.eidolon_origins.effect.EOEffects.init(EOEffects.java:20) ~[%23196!/:?]
	at net.Tehword.eidolon_origins.effect.EOEffects.init(EOEffects.java:20) ~[%23196!/:?]
	at net.Tehword.eidolon_origins.effect.EOEffects.init(EOEffects.java:20) ~[%23196!/:?]
	at net.Tehword.eidolon_origins.effect.EOEffects.init(EOEffects.java:20) ~[%23196!/:?]
	at net.Tehword.eidolon_origins.effect.EOEffects.init(EOEffects.java:20) ~[%23196!/:?]
	at net.Tehword.eidolon_origins.effect.EOEffects.init(EOEffects.java:20) ~[%23196!/:?]
	at net.Tehword.eidolon_origins.effect.EOEffects.init(EOEffects.java:20) ~[%23196!/:?]
	at net.Tehword.eidolon_origins.effect.EOEffects.init(EOEffects.java:20) ~[%23196!/:?]
	at net.Tehword.eidolon_origins.effect.EOEffects.init(EOEffects.java:20) ~[%23196!/:?]
	at net.Tehword.eidolon_origins.effect.EOEffects.init(EOEffects.java:20) ~[%23196!/:?]
	at net.Tehword.eidolon_origins.effect.EOEffects.init(EOEffects.java:20) ~[%23196!/:?]
	at net.Tehword.eidolon_origins.effect.EOEffects.init(EOEffects.java:20) ~[%23196!/:?]
	at net.Tehword.eidolon_origins.effect.EOEffects.init(EOEffects.java:20) ~[%23196!/:?]
	at net.Tehword.eidolon_origins.effect.EOEffects.init(EOEffects.java:20) ~[%23196!/:?]
	at net.Tehword.eidolon_origins.effect.EOEffects.init(EOEffects.java:20) ~[%23196!/:?]
	at net.Tehword.eidolon_origins.effect.EOEffects.init(EOEffects.java:20) ~[%23196!/:?]
	at net.Tehword.eidolon_origins.effect.EOEffects.init(EOEffects.java:20) ~[%23196!/:?]
	at net.Tehword.eidolon_origins.effect.EOEffects.init(EOEffects.java:20) ~[%23196!/:?]
	at net.Tehword.eidolon_origins.effect.EOEffects.init(EOEffects.java:20) ~[%23196!/:?]
	at net.Tehword.eidolon_origins.effect.EOEffects.init(EOEffects.java:20) ~[%23196!/:?]
	at net.Tehword.eidolon_origins.effect.EOEffects.init(EOEffects.java:20) ~[%23196!/:?]
	at net.Tehword.eidolon_origins.effect.EOEffects.init(EOEffects.java:20) ~[%23196!/:?]
	at net.Tehword.eidolon_origins.effect.EOEffects.init(EOEffects.java:20) ~[%23196!/:?]
	at net.Tehword.eidolon_origins.effect.EOEffects.init(EOEffects.java:20) ~[%23196!/:?]
	at net.Tehword.eidolon_origins.effect.EOEffects.init(EOEffects.java:20) ~[%23196!/:?]
	at net.Tehword.eidolon_origins.effect.EOEffects.init(EOEffects.java:20) ~[%23196!/:?]
	at net.Tehword.eidolon_origins.effect.EOEffects.init(EOEffects.java:20) ~[%23196!/:?]
	at net.Tehword.eidolon_origins.effect.EOEffects.init(EOEffects.java:20) ~[%23196!/:?]
	at net.Tehword.eidolon_origins.effect.EOEffects.init(EOEffects.java:20) ~[%23196!/:?]
	at net.Tehword.eidolon_origins.effect.EOEffects.init(EOEffects.java:20) ~[%23196!/:?]
	at net.Tehword.eidolon_origins.effect.EOEffects.init(EOEffects.java:20) ~[%23196!/:?]
	at net.Tehword.eidolon_origins.effect.EOEffects.init(EOEffects.java:20) ~[%23196!/:?]
	at net.Tehword.eidolon_origins.effect.EOEffects.init(EOEffects.java:20) ~[%23196!/:?]
	at net.Tehword.eidolon_origins.effect.EOEffects.init(EOEffects.java:20) ~[%23196!/:?]
	at net.Tehword.eidolon_origins.effect.EOEffects.init(EOEffects.java:20) ~[%23196!/:?]
	at net.Tehword.eidolon_origins.effect.EOEffects.init(EOEffects.java:20) ~[%23196!/:?]
	at net.Tehword.eidolon_origins.effect.EOEffects.init(EOEffects.java:20) ~[%23196!/:?]
	at net.Tehword.eidolon_origins.effect.EOEffects.init(EOEffects.java:20) ~[%23196!/:?]
	at net.Tehword.eidolon_origins.effect.EOEffects.init(EOEffects.java:20) ~[%23196!/:?]
	at net.Tehword.eidolon_origins.effect.EOEffects.init(EOEffects.java:20) ~[%23196!/:?]
	at net.Tehword.eidolon_origins.effect.EOEffects.init(EOEffects.java:20) ~[%23196!/:?]
	at net.Tehword.eidolon_origins.effect.EOEffects.init(EOEffects.java:20) ~[%23196!/:?]
	at net.Tehword.eidolon_origins.effect.EOEffects.init(EOEffects.java:20) ~[%23196!/:?]
	at net.Tehword.eidolon_origins.effect.EOEffects.init(EOEffects.java:20) ~[%23196!/:?]
	at net.Tehword.eidolon_origins.effect.EOEffects.init(EOEffects.java:20) ~[%23196!/:?]
	at net.Tehword.eidolon_origins.effect.EOEffects.init(EOEffects.java:20) ~[%23196!/:?]
	at net.Tehword.eidolon_origins.effect.EOEffects.init(EOEffects.java:20) ~[%23196!/:?]
	at net.Tehword.eidolon_origins.effect.EOEffects.init(EOEffects.java:20) ~[%23196!/:?]
	at net.Tehword.eidolon_origins.effect.EOEffects.init(EOEffects.java:20) ~[%23196!/:?]
	at net.Tehword.eidolon_origins.effect.EOEffects.init(EOEffects.java:20) ~[%23196!/:?]
	at net.Tehword.eidolon_origins.effect.EOEffects.init(EOEffects.java:20) ~[%23196!/:?]
	at net.Tehword.eidolon_origins.effect.EOEffects.init(EOEffects.java:20) ~[%23196!/:?]
	at net.Tehword.eidolon_origins.effect.EOEffects.init(EOEffects.java:20) ~[%23196!/:?]
	at net.Tehword.eidolon_origins.effect.EOEffects.init(EOEffects.java:20) ~[%23196!/:?]
	at net.Tehword.eidolon_origins.effect.EOEffects.init(EOEffects.java:20) ~[%23196!/:?]
	at net.Tehword.eidolon_origins.effect.EOEffects.init(EOEffects.java:20) ~[%23196!/:?]
	at net.Tehword.eidolon_origins.effect.EOEffects.init(EOEffects.java:20) ~[%23196!/:?]
	at net.Tehword.eidolon_origins.effect.EOEffects.init(EOEffects.java:20) ~[%23196!/:?]
	at net.Tehword.eidolon_origins.effect.EOEffects.init(EOEffects.java:20) ~[%23196!/:?]
	at net.Tehword.eidolon_origins.effect.EOEffects.init(EOEffects.java:20) ~[%23196!/:?]
	at net.Tehword.eidolon_origins.effect.EOEffects.init(EOEffects.java:20) ~[%23196!/:?]
	at net.Tehword.eidolon_origins.effect.EOEffects.init(EOEffects.java:20) ~[%23196!/:?]
	at net.Tehword.eidolon_origins.effect.EOEffects.init(EOEffects.java:20) ~[%23196!/:?]
	at net.Tehword.eidolon_origins.effect.EOEffects.init(EOEffects.java:20) ~[%23196!/:?]
	at net.Tehword.eidolon_origins.effect.EOEffects.init(EOEffects.java:20) ~[%23196!/:?]
	at net.Tehword.eidolon_origins.effect.EOEffects.init(EOEffects.java:20) ~[%23196!/:?]
	at net.Tehword.eidolon_origins.effect.EOEffects.init(EOEffects.java:20) ~[%23196!/:?]
	at net.Tehword.eidolon_origins.effect.EOEffects.init(EOEffects.java:20) ~[%23196!/:?]
	at net.Tehword.eidolon_origins.effect.EOEffects.init(EOEffects.java:20) ~[%23196!/:?]
	at net.Tehword.eidolon_origins.effect.EOEffects.init(EOEffects.java:20) ~[%23196!/:?]
	at net.Tehword.eidolon_origins.effect.EOEffects.init(EOEffects.java:20) ~[%23196!/:?]
	at net.Tehword.eidolon_origins.effect.EOEffects.init(EOEffects.java:20) ~[%23196!/:?]
	at net.Tehword.eidolon_origins.effect.EOEffects.init(EOEffects.java:20) ~[%23196!/:?]
	at net.Tehword.eidolon_origins.effect.EOEffects.init(EOEffects.java:20) ~[%23196!/:?]
	at net.Tehword.eidolon_origins.effect.EOEffects.init(EOEffects.java:20) ~[%23196!/:?]
	at net.Tehword.eidolon_origins.effect.EOEffects.init(EOEffects.java:20) ~[%23196!/:?]
	at net.Tehword.eidolon_origins.effect.EOEffects.init(EOEffects.java:20) ~[%23196!/:?]
	at net.Tehword.eidolon_origins.effect.EOEffects.init(EOEffects.java:20) ~[%23196!/:?]
	at net.Tehword.eidolon_origins.effect.EOEffects.init(EOEffects.java:20) ~[%23196!/:?]
	at net.Tehword.eidolon_origins.effect.EOEffects.init(EOEffects.java:20) ~[%23196!/:?]
	at net.Tehword.eidolon_origins.effect.EOEffects.init(EOEffects.java:20) ~[%23196!/:?]
	at net.Tehword.eidolon_origins.effect.EOEffects.init(EOEffects.java:20) ~[%23196!/:?]
	at net.Tehword.eidolon_origins.effect.EOEffects.init(EOEffects.java:20) ~[%23196!/:?]
	at net.Tehword.eidolon_origins.effect.EOEffects.init(EOEffects.java:20) ~[%23196!/:?]
	at net.Tehword.eidolon_origins.effect.EOEffects.init(EOEffects.java:20) ~[%23196!/:?]
	at net.Tehword.eidolon_origins.effect.EOEffects.init(EOEffects.java:20) ~[%23196!/:?]
	at net.Tehword.eidolon_origins.effect.EOEffects.init(EOEffects.java:20) ~[%23196!/:?]
	at net.Tehword.eidolon_origins.effect.EOEffects.init(EOEffects.java:20) ~[%23196!/:?]
	at net.Tehword.eidolon_origins.effect.EOEffects.init(EOEffects.java:20) ~[%23196!/:?]
	at net.Tehword.eidolon_origins.effect.EOEffects.init(EOEffects.java:20) ~[%23196!/:?]
	at net.Tehword.eidolon_origins.effect.EOEffects.init(EOEffects.java:20) ~[%23196!/:?]
	at net.Tehword.eidolon_origins.effect.EOEffects.init(EOEffects.java:20) ~[%23196!/:?]
	at net.Tehword.eidolon_origins.effect.EOEffects.init(EOEffects.java:20) ~[%23196!/:?]
	at net.Tehword.eidolon_origins.effect.EOEffects.init(EOEffects.java:20) ~[%23196!/:?]
	at net.Tehword.eidolon_origins.effect.EOEffects.init(EOEffects.java:20) ~[%23196!/:?]
	at net.Tehword.eidolon_origins.effect.EOEffects.init(EOEffects.java:20) ~[%23196!/:?]
	at net.Tehword.eidolon_origins.effect.EOEffects.init(EOEffects.java:20) ~[%23196!/:?]
	at net.Tehword.eidolon_origins.effect.EOEffects.init(EOEffects.java:20) ~[%23196!/:?]
	at net.Tehword.eidolon_origins.effect.EOEffects.init(EOEffects.java:20) ~[%23196!/:?]
	at net.Tehword.eidolon_origins.effect.EOEffects.init(EOEffects.java:20) ~[%23196!/:?]
	at net.Tehword.eidolon_origins.effect.EOEffects.init(EOEffects.java:20) ~[%23196!/:?]
	at net.Tehword.eidolon_origins.effect.EOEffects.init(EOEffects.java:20) ~[%23196!/:?]
	at net.Tehword.eidolon_origins.effect.EOEffects.init(EOEffects.java:20) ~[%23196!/:?]
	at net.Tehword.eidolon_origins.effect.EOEffects.init(EOEffects.java:20) ~[%23196!/:?]
	at net.Tehword.eidolon_origins.effect.EOEffects.init(EOEffects.java:20) ~[%23196!/:?]
	at net.Tehword.eidolon_origins.effect.EOEffects.init(EOEffects.java:20) ~[%23196!/:?]
	at net.Tehword.eidolon_origins.effect.EOEffects.init(EOEffects.java:20) ~[%23196!/:?]
	at net.Tehword.eidolon_origins.effect.EOEffects.init(EOEffects.java:20) ~[%23196!/:?]
	at net.Tehword.eidolon_origins.effect.EOEffects.init(EOEffects.java:20) ~[%23196!/:?]
	at net.Tehword.eidolon_origins.effect.EOEffects.init(EOEffects.java:20) ~[%23196!/:?]
	at net.Tehword.eidolon_origins.effect.EOEffects.init(EOEffects.java:20) ~[%23196!/:?]
	at net.Tehword.eidolon_origins.effect.EOEffects.init(EOEffects.java:20) ~[%23196!/:?]
	at net.Tehword.eidolon_origins.effect.EOEffects.init(EOEffects.java:20) ~[%23196!/:?]
	at net.Tehword.eidolon_origins.effect.EOEffects.init(EOEffects.java:20) ~[%23196!/:?]
	at net.Tehword.eidolon_origins.effect.EOEffects.init(EOEffects.java:20) ~[%23196!/:?]
	at net.Tehword.eidolon_origins.effect.EOEffects.init(EOEffects.java:20) ~[%23196!/:?]
	at net.Tehword.eidolon_origins.effect.EOEffects.init(EOEffects.java:20) ~[%23196!/:?]
	at net.Tehword.eidolon_origins.effect.EOEffects.init(EOEffects.java:20) ~[%23196!/:?]
	at net.Tehword.eidolon_origins.effect.EOEffects.init(EOEffects.java:20) ~[%23196!/:?]
	at net.Tehword.eidolon_origins.effect.EOEffects.init(EOEffects.java:20) ~[%23196!/:?]
	at net.Tehword.eidolon_origins.effect.EOEffects.init(EOEffects.java:20) ~[%23196!/:?]
	at net.Tehword.eidolon_origins.effect.EOEffects.init(EOEffects.java:20) ~[%23196!/:?]
	at net.Tehword.eidolon_origins.effect.EOEffects.init(EOEffects.java:20) ~[%23196!/:?]
	at net.Tehword.eidolon_origins.effect.EOEffects.init(EOEffects.java:20) ~[%23196!/:?]
	at net.Tehword.eidolon_origins.effect.EOEffects.init(EOEffects.java:20) ~[%23196!/:?]
	at net.Tehword.eidolon_origins.effect.EOEffects.init(EOEffects.java:20) ~[%23196!/:?]
	at net.Tehword.eidolon_origins.effect.EOEffects.init(EOEffects.java:20) ~[%23196!/:?]
	at net.Tehword.eidolon_origins.effect.EOEffects.init(EOEffects.java:20) ~[%23196!/:?]
	at net.Tehword.eidolon_origins.effect.EOEffects.init(EOEffects.java:20) ~[%23196!/:?]
	at net.Tehword.eidolon_origins.effect.EOEffects.init(EOEffects.java:20) ~[%23196!/:?]
[03февр.2026 23:09:51.591] [modloading-worker-0/DEBUG] [net.minecraftforge.fml.javafmlmod.AutomaticEventSubscriber/LOADING]: Attempting to inject @EventBusSubscriber classes into the eventbus for calio
[03февр.2026 23:09:51.591] [modloading-worker-0/DEBUG] [net.minecraftforge.fml.javafmlmod.AutomaticEventSubscriber/LOADING]: Auto-subscribing io.github.edwinmindcraft.calio.common.CalioEventHandler to FORGE
[03февр.2026 23:09:51.600] [modloading-worker-0/DEBUG] [net.minecraftforge.fml.config.ConfigTracker/CONFIG]: Config file forge-client.toml for forge tracking
[03февр.2026 23:09:51.600] [modloading-worker-0/DEBUG] [net.minecraftforge.fml.config.ConfigTracker/CONFIG]: Config file forge-server.toml for forge tracking
[03февр.2026 23:09:51.600] [modloading-worker-0/DEBUG] [net.minecraftforge.fml.ModLoadingContext/]: Attempted to register an empty config for type COMMON on mod forge
[03февр.2026 23:09:51.608] [modloading-worker-0/DEBUG] [mixin/]: Mixing client.LevelRendererMixin from fluffy_fur.mixins.json into net.minecraft.client.renderer.LevelRenderer
[03февр.2026 23:09:51.609] [modloading-worker-0/DEBUG] [mixin/]: Mixing WorldRendererMixin from apoli.mixins.json into net.minecraft.client.renderer.LevelRenderer
[03февр.2026 23:09:51.610] [modloading-worker-0/DEBUG] [mixin/]: Mixing forge.ChangeGlowColorMixin from apoli.mixins.json into net.minecraft.client.renderer.LevelRenderer
[03февр.2026 23:09:51.611] [modloading-worker-0/DEBUG] [mixin/]: Mixing LevelRendererMixin from eidolon.mixins.json into net.minecraft.client.renderer.LevelRenderer
[03февр.2026 23:09:51.671] [modloading-worker-0/DEBUG] [net.minecraftforge.fml.javafmlmod.AutomaticEventSubscriber/LOADING]: Auto-subscribing io.github.edwinmindcraft.calio.client.CalioClientEventHandler to MOD
[03февр.2026 23:09:51.676] [modloading-worker-0/DEBUG] [mixin/]: Mixing DamageSourceMixin from apoli.mixins.json into net.minecraft.world.damagesource.DamageSource
[03февр.2026 23:09:51.688] [modloading-worker-0/DEBUG] [mixin/]: Mixing client.CameraMixin from fluffy_fur.mixins.json into net.minecraft.client.Camera
[03февр.2026 23:09:51.705] [modloading-worker-0/DEBUG] [net.minecraftforge.fml.javafmlmod.AutomaticEventSubscriber/LOADING]: Attempting to inject @EventBusSubscriber classes into the eventbus for forge
[03февр.2026 23:09:51.706] [modloading-worker-0/DEBUG] [net.minecraftforge.fml.javafmlmod.AutomaticEventSubscriber/LOADING]: Auto-subscribing net.minecraftforge.common.ForgeSpawnEggItem$CommonHandler to MOD
[03февр.2026 23:09:51.708] [modloading-worker-0/DEBUG] [net.minecraftforge.fml.javafmlmod.AutomaticEventSubscriber/LOADING]: Auto-subscribing net.minecraftforge.common.ForgeSpawnEggItem$ColorRegisterHandler to MOD
[03февр.2026 23:09:51.718] [modloading-worker-0/DEBUG] [net.minecraftforge.fml.javafmlmod.AutomaticEventSubscriber/LOADING]: Attempting to inject @EventBusSubscriber classes into the eventbus for fluffy_fur
[03февр.2026 23:09:51.718] [modloading-worker-0/DEBUG] [net.minecraftforge.fml.javafmlmod.AutomaticEventSubscriber/LOADING]: Auto-subscribing net.minecraftforge.client.model.data.ModelDataManager to FORGE
[03февр.2026 23:09:51.718] [modloading-worker-0/DEBUG] [net.minecraftforge.fml.javafmlmod.AutomaticEventSubscriber/LOADING]: Auto-subscribing mod.maxbogomol.fluffy_fur.registry.common.item.FluffyFurItemSkins$ClientRegistryEvents to MOD
[03февр.2026 23:09:51.730] [modloading-worker-0/DEBUG] [net.minecraftforge.fml.javafmlmod.AutomaticEventSubscriber/LOADING]: Auto-subscribing net.minecraftforge.client.ForgeHooksClient$ClientEvents to MOD
[03февр.2026 23:09:51.736] [modloading-worker-0/DEBUG] [net.minecraftforge.fml.javafmlmod.AutomaticEventSubscriber/LOADING]: Auto-subscribing mod.maxbogomol.fluffy_fur.registry.common.entity.FluffyFurEntities$RegistryEvents to MOD
[03февр.2026 23:09:51.738] [modloading-worker-0/DEBUG] [net.minecraftforge.fml.javafmlmod.AutomaticEventSubscriber/LOADING]: Auto-subscribing mod.maxbogomol.fluffy_fur.registry.common.block.FluffyFurBlocks$RegistryEvents to MOD
[03февр.2026 23:09:51.739] [modloading-worker-0/DEBUG] [net.minecraftforge.fml.javafmlmod.AutomaticEventSubscriber/LOADING]: Auto-subscribing mod.maxbogomol.fluffy_fur.registry.common.block.FluffyFurBlockEntities$ClientRegistryEvents to MOD
[03февр.2026 23:09:51.742] [modloading-worker-0/DEBUG] [net.minecraftforge.fml.javafmlmod.AutomaticEventSubscriber/LOADING]: Auto-subscribing mod.maxbogomol.fluffy_fur.registry.client.FluffyFurVertexFormats$ClientRegistryEvents to MOD
[03февр.2026 23:09:51.745] [modloading-worker-0/DEBUG] [net.minecraftforge.fml.javafmlmod.AutomaticEventSubscriber/LOADING]: Auto-subscribing mod.maxbogomol.fluffy_fur.registry.client.FluffyFurShaders$ClientRegistryEvents to MOD
[03февр.2026 23:09:51.747] [modloading-worker-0/DEBUG] [net.minecraftforge.fml.javafmlmod.AutomaticEventSubscriber/LOADING]: Auto-subscribing net.minecraftforge.client.ClientForgeMod to MOD
[03февр.2026 23:09:51.751] [modloading-worker-0/DEBUG] [net.minecraftforge.fml.javafmlmod.AutomaticEventSubscriber/LOADING]: Auto-subscribing mod.maxbogomol.fluffy_fur.registry.client.FluffyFurRenderTypes$ClientRegistryEvents to MOD
[03февр.2026 23:09:51.751] [modloading-worker-0/DEBUG] [mixin/]: Mixing forge.ModifyPlayerSpawnPowerMixin from origins.mixins.json into io.github.edwinmindcraft.apoli.common.power.ModifyPlayerSpawnPower
[03февр.2026 23:09:51.759] [modloading-worker-0/DEBUG] [net.minecraftforge.fml.javafmlmod.AutomaticEventSubscriber/LOADING]: Auto-subscribing mod.maxbogomol.fluffy_fur.registry.client.FluffyFurParticles$ClientRegistryEvents to MOD
[03февр.2026 23:09:51.761] [modloading-worker-0/DEBUG] [net.minecraftforge.fml.javafmlmod.AutomaticEventSubscriber/LOADING]: Auto-subscribing mod.maxbogomol.fluffy_fur.registry.client.FluffyFurMusics$ClientRegistryEvents to MOD
[03февр.2026 23:09:51.763] [modloading-worker-0/DEBUG] [net.minecraftforge.fml.javafmlmod.AutomaticEventSubscriber/LOADING]: Auto-subscribing mod.maxbogomol.fluffy_fur.registry.client.FluffyFurModels$ClientRegistryEvents to MOD
[03февр.2026 23:09:51.764] [modloading-worker-0/DEBUG] [net.minecraftforge.fml.javafmlmod.AutomaticEventSubscriber/LOADING]: Attempting to inject @EventBusSubscriber classes into the eventbus for origins
[03февр.2026 23:09:51.765] [modloading-worker-0/DEBUG] [net.minecraftforge.fml.javafmlmod.AutomaticEventSubscriber/LOADING]: Auto-subscribing io.github.edwinmindcraft.origins.common.OriginsEventHandler to FORGE
[03февр.2026 23:09:51.767] [modloading-worker-0/DEBUG] [net.minecraftforge.fml.javafmlmod.AutomaticEventSubscriber/LOADING]: Auto-subscribing mod.maxbogomol.fluffy_fur.registry.client.FluffyFurKeyMappings$ClientRegistryEvents to MOD
[03февр.2026 23:09:51.768] [modloading-worker-0/DEBUG] [net.minecraftforge.fml.javafmlmod.AutomaticEventSubscriber/LOADING]: Auto-subscribing mod.maxbogomol.fluffy_fur.client.gui.components.FluffyFurMenuButton$OpenConfigButtonHandler to FORGE
[03февр.2026 23:09:51.772] [modloading-worker-0/DEBUG] [mixin/]: Mixing forge.EntityAttributeInstanceMixin from apoli.mixins.json into net.minecraft.world.entity.ai.attributes.AttributeInstance
[03февр.2026 23:09:51.794] [modloading-worker-0/DEBUG] [net.minecraftforge.fml.javafmlmod.AutomaticEventSubscriber/LOADING]: Auto-subscribing io.github.edwinmindcraft.origins.client.OriginsClientEventHandler to FORGE
[03февр.2026 23:09:51.828] [modloading-worker-0/DEBUG] [net.minecraftforge.fml.javafmlmod.AutomaticEventSubscriber/LOADING]: Attempting to inject @EventBusSubscriber classes into the eventbus for eidolon
[03февр.2026 23:09:51.829] [modloading-worker-0/DEBUG] [net.minecraftforge.fml.javafmlmod.AutomaticEventSubscriber/LOADING]: Auto-subscribing elucent.eidolon.registries.EidolonKeybindings to MOD
[03февр.2026 23:09:51.829] [modloading-worker-0/DEBUG] [net.minecraftforge.fml.javafmlmod.AutomaticEventSubscriber/LOADING]: Auto-subscribing elucent.eidolon.registries.EidolonAttributes to MOD
[03февр.2026 23:09:51.830] [modloading-worker-0/DEBUG] [net.minecraftforge.fml.javafmlmod.AutomaticEventSubscriber/LOADING]: Auto-subscribing elucent.eidolon.event.ClientEvents to FORGE
[03февр.2026 23:09:51.839] [modloading-worker-0/DEBUG] [net.minecraftforge.fml.javafmlmod.AutomaticEventSubscriber/LOADING]: Auto-subscribing elucent.eidolon.datagen.Datagen to MOD
[03февр.2026 23:09:51.843] [modloading-worker-0/DEBUG] [net.minecraftforge.fml.javafmlmod.AutomaticEventSubscriber/LOADING]: Auto-subscribing elucent.eidolon.client.ClientRegistry to MOD
[03февр.2026 23:09:51.963] [modloading-worker-0/DEBUG] [mixin/]: Mixing ElytraFeatureRendererMixin from apoli.mixins.json into net.minecraft.client.renderer.entity.layers.ElytraLayer
[03февр.2026 23:09:51.987] [modloading-worker-0/DEBUG] [mixin/]: Mixing client.ItemInHandLayerMixin from fluffy_fur.mixins.json into net.minecraft.client.renderer.entity.layers.ItemInHandLayer
[03февр.2026 23:09:52.010] [modloading-worker-0/DEBUG] [mixin/]: Mixing MixinCapeLayer from caelus.mixins.json into net.minecraft.client.renderer.entity.layers.CapeLayer
[03февр.2026 23:09:52.010] [modloading-worker-0/DEBUG] [mixin/]: Mixing CapeFeatureRendererMixin from apoli.mixins.json into net.minecraft.client.renderer.entity.layers.CapeLayer
[03февр.2026 23:09:52.040] [modloading-worker-0/INFO] [io.github.apace100.apoli.Apoli/]: Apoli 1.20.1-2.9.0.8 has initialized. Ready to power up your game!
[03февр.2026 23:09:52.040] [modloading-worker-0/DEBUG] [net.minecraftforge.fml.javafmlmod.AutomaticEventSubscriber/LOADING]: Attempting to inject @EventBusSubscriber classes into the eventbus for apoli
[03февр.2026 23:09:52.040] [modloading-worker-0/DEBUG] [net.minecraftforge.fml.javafmlmod.AutomaticEventSubscriber/LOADING]: Auto-subscribing io.github.edwinmindcraft.apoli.common.ApoliPowerEventHandler to FORGE
[03февр.2026 23:09:52.058] [modloading-worker-0/DEBUG] [net.minecraftforge.fml.javafmlmod.AutomaticEventSubscriber/LOADING]: Auto-subscribing io.github.edwinmindcraft.apoli.common.ApoliEventHandler to FORGE
[03февр.2026 23:09:52.065] [modloading-worker-0/DEBUG] [net.minecraftforge.fml.javafmlmod.AutomaticEventSubscriber/LOADING]: Auto-subscribing io.github.edwinmindcraft.apoli.client.ApoliClientEventHandler to FORGE
[03февр.2026 23:09:52.072] [Render thread/FATAL] [net.minecraftforge.fml.ModLoader/LOADING]: Failed to complete lifecycle event CONSTRUCT, 1 errors found
[03февр.2026 23:09:52.088] [Render thread/DEBUG] [mixin/]: Mixing common.ForgeHooksMixin from fluffy_fur.mixins.json into net.minecraftforge.common.ForgeHooks
[03февр.2026 23:09:52.091] [Render thread/DEBUG] [mixin/]: Mixing forge.ForgeHooksMixin from apoli.mixins.json into net.minecraftforge.common.ForgeHooks
[03февр.2026 23:09:52.092] [Render thread/DEBUG] [mixin/]: Renaming synthetic method lambda$ladder$0(Lnet/minecraft/core/BlockPos;)V to md34eb11$lambda$ladder$0$0 in apoli.mixins.json:forge.ForgeHooksMixin
[03февр.2026 23:09:52.126] [Render thread/WARN] [net.minecraft.client.Options/]: Removed resource pack mod_resources from options because it doesn't seem to exist anymore
[03февр.2026 23:09:52.126] [Render thread/DEBUG] [mixin/]: Mixing client.LanguageManagerMixin from fluffy_fur.mixins.json into net.minecraft.client.resources.language.LanguageManager
[03февр.2026 23:09:52.189] [Render thread/ERROR] [net.minecraftforge.fml.ModLoader/]: Cowardly refusing to send event net.minecraftforge.client.event.sound.SoundEngineLoadEvent to a broken mod state
[03февр.2026 23:09:52.190] [Render thread/DEBUG] [mixin/]: Mixing client.SplashManagerMixin from fluffy_fur.mixins.json into net.minecraft.client.resources.SplashManager
[03февр.2026 23:09:52.210] [Render thread/DEBUG] [mixin/]: Mixing client.RenderStateShardMixin from fluffy_fur.mixins.json into net.minecraft.client.renderer.RenderStateShard
[03февр.2026 23:09:52.227] [Render thread/DEBUG] [mixin/]: Mixing client.GameRendererMixin from fluffy_fur.mixins.json into net.minecraft.client.renderer.GameRenderer
[03февр.2026 23:09:52.229] [Render thread/DEBUG] [mixin/]: Mixing GameRendererMixin from apoli.mixins.json into net.minecraft.client.renderer.GameRenderer
[03февр.2026 23:09:52.229] [Render thread/DEBUG] [mixin/]: Renaming synthetic method lambda$getEyePos$3(Ljava/util/HashSet;Lnet/minecraft/core/BlockPos;)V to md34eb11$lambda$getEyePos$3$0 in apoli.mixins.json:GameRendererMixin
[03февр.2026 23:09:52.229] [Render thread/DEBUG] [mixin/]: Renaming synthetic method lambda$disableShaderToggle$2(Lnet/minecraft/core/Holder;)Z to md34eb11$lambda$disableShaderToggle$2$1 in apoli.mixins.json:GameRendererMixin
[03февр.2026 23:09:52.229] [Render thread/DEBUG] [mixin/]: Renaming synthetic method lambda$loadShaderFromPower$1(Lnet/minecraft/core/Holder;)V to md34eb11$lambda$loadShaderFromPower$1$2 in apoli.mixins.json:GameRendererMixin
[03февр.2026 23:09:52.229] [Render thread/DEBUG] [mixin/]: Renaming synthetic method lambda$loadShaderFromPowerOnCameraEntity$0(Lnet/minecraft/core/Holder;)V to md34eb11$lambda$loadShaderFromPowerOnCameraEntity$0$3 in apoli.mixins.json:GameRendererMixin
[03февр.2026 23:09:52.322] [Render thread/DEBUG] [mixin/]: Mixing forge.InventoryMenuMixin from apoli.mixins.json into net.minecraft.world.inventory.InventoryMenu
[03февр.2026 23:09:52.395] [Render thread/ERROR] [net.minecraftforge.fml.ModLoader/]: Cowardly refusing to send event net.minecraftforge.client.event.RegisterColorHandlersEvent$Block to a broken mod state
[03февр.2026 23:09:52.397] [Render thread/ERROR] [net.minecraftforge.fml.ModLoader/]: Cowardly refusing to send event net.minecraftforge.client.event.RegisterColorHandlersEvent$Item to a broken mod state
[03февр.2026 23:09:52.407] [Render thread/DEBUG] [mixin/]: Mixing EntityRenderDispatcherMixin from apoli.mixins.json into net.minecraft.client.renderer.entity.EntityRenderDispatcher
[03февр.2026 23:09:52.487] [Render thread/DEBUG] [mixin/]: Mixing client.ItemInHandRendererMixin from fluffy_fur.mixins.json into net.minecraft.client.renderer.ItemInHandRenderer
[03февр.2026 23:09:52.510] [Render thread/DEBUG] [mixin/]: Mixing LightmapTextureManagerMixin from apoli.mixins.json into net.minecraft.client.renderer.LightTexture
[03февр.2026 23:09:52.511] [Render thread/DEBUG] [mixin/]: Renaming synthetic method lambda$nightVisionPowerEffect$0(FLjava/lang/Float;)Ljava/lang/Float; to md34eb11$lambda$nightVisionPowerEffect$0$0 in apoli.mixins.json:LightmapTextureManagerMixin
[03февр.2026 23:09:52.538] [Render thread/ERROR] [net.minecraftforge.fml.ModLoader/]: Cowardly refusing to send event net.minecraftforge.client.event.RenderLevelStageEvent$RegisterStageEvent to a broken mod state
[03февр.2026 23:09:52.603] [Render thread/ERROR] [net.minecraftforge.fml.ModLoader/]: Cowardly refusing to send event net.minecraftforge.client.event.RegisterParticleProvidersEvent to a broken mod state
[03февр.2026 23:09:52.649] [Render thread/ERROR] [net.minecraftforge.fml.ModLoader/]: Cowardly refusing to send event net.minecraftforge.client.event.RegisterClientReloadListenersEvent to a broken mod state
[03февр.2026 23:09:52.649] [Render thread/ERROR] [net.minecraftforge.fml.ModLoader/]: Cowardly refusing to send event net.minecraftforge.client.event.EntityRenderersEvent$RegisterLayerDefinitions to a broken mod state
[03февр.2026 23:09:52.649] [Render thread/ERROR] [net.minecraftforge.fml.ModLoader/]: Cowardly refusing to send event net.minecraftforge.client.event.EntityRenderersEvent$RegisterRenderers to a broken mod state
[03февр.2026 23:09:52.650] [Render thread/ERROR] [net.minecraftforge.fml.ModLoader/]: Cowardly refusing to send event net.minecraftforge.client.event.RegisterTextureAtlasSpriteLoadersEvent to a broken mod state
[03февр.2026 23:09:52.650] [Render thread/ERROR] [net.minecraftforge.fml.ModLoader/]: Cowardly refusing to send event net.minecraftforge.client.event.RegisterClientTooltipComponentFactoriesEvent to a broken mod state
[03февр.2026 23:09:52.651] [Render thread/ERROR] [net.minecraftforge.fml.ModLoader/]: Cowardly refusing to send event net.minecraftforge.client.event.RegisterEntitySpectatorShadersEvent to a broken mod state
[03февр.2026 23:09:52.651] [Render thread/ERROR] [net.minecraftforge.fml.ModLoader/]: Cowardly refusing to send event net.minecraftforge.client.event.RegisterKeyMappingsEvent to a broken mod state
[03февр.2026 23:09:52.653] [Render thread/ERROR] [net.minecraftforge.fml.ModLoader/]: Cowardly refusing to send event net.minecraftforge.client.event.RegisterRecipeBookCategoriesEvent to a broken mod state
[03февр.2026 23:09:52.656] [Render thread/ERROR] [net.minecraftforge.fml.ModLoader/]: Cowardly refusing to send event net.minecraftforge.client.event.RegisterGuiOverlaysEvent to a broken mod state
[03февр.2026 23:09:52.660] [Render thread/ERROR] [net.minecraftforge.fml.ModLoader/]: Cowardly refusing to send event net.minecraftforge.client.event.RegisterDimensionSpecialEffectsEvent to a broken mod state
[03февр.2026 23:09:52.661] [Render thread/ERROR] [net.minecraftforge.fml.ModLoader/]: Cowardly refusing to send event net.minecraftforge.client.event.RegisterNamedRenderTypesEvent to a broken mod state
[03февр.2026 23:09:52.662] [Render thread/ERROR] [net.minecraftforge.fml.ModLoader/]: Cowardly refusing to send event net.minecraftforge.client.event.RegisterColorHandlersEvent$ColorResolvers to a broken mod state
[03февр.2026 23:09:52.663] [Render thread/ERROR] [net.minecraftforge.fml.ModLoader/]: Cowardly refusing to send event net.minecraftforge.client.event.RegisterItemDecorationsEvent to a broken mod state
[03февр.2026 23:09:52.670] [Render thread/ERROR] [net.minecraftforge.fml.ModLoader/]: Cowardly refusing to send event net.minecraftforge.client.event.RegisterPresetEditorsEvent to a broken mod state
[03февр.2026 23:09:52.733] [Render thread/INFO] [net.minecraft.server.packs.resources.ReloadableResourceManager/]: Reloading ResourceManager: vanilla
[03февр.2026 23:09:52.767] [Render thread/ERROR] [net.minecraftforge.fml.ModLoader/]: Cowardly refusing to send event net.minecraftforge.client.event.ModelEvent$RegisterGeometryLoaders to a broken mod state
[03февр.2026 23:09:52.792] [Render thread/DEBUG] [mixin/]: Mixing client.BackgroundRendererMixin from additionalentityattributes.mixins.json into net.minecraft.client.renderer.FogRenderer
[03февр.2026 23:09:52.793] [Render thread/DEBUG] [mixin/]: Mixing BackgroundRendererMixin from apoli.mixins.json into net.minecraft.client.renderer.FogRenderer
[03февр.2026 23:09:52.850] [Worker-Main-10/INFO] [net.minecraft.client.gui.font.providers.UnihexProvider/]: Found unifont_all_no_pua-15.0.06.hex, loading
[03февр.2026 23:09:53.784] [Worker-Main-5/ERROR] [net.minecraftforge.fml.ModLoader/]: Cowardly refusing to send event net.minecraftforge.client.event.ModelEvent$RegisterAdditional to a broken mod state
[03февр.2026 23:09:54.337] [Worker-Main-5/ERROR] [net.minecraftforge.fml.ModLoader/]: Cowardly refusing to send event net.minecraftforge.client.event.ModelEvent$ModifyBakingResult to a broken mod state
[03февр.2026 23:09:54.427] [Render thread/DEBUG] [net.minecraftforge.common.ForgeI18n/CORE]: Loading I18N data entries: 7913
[03февр.2026 23:09:54.447] [Render thread/WARN] [net.minecraft.client.sounds.SoundEngine/]: Missing sound for event: minecraft:item.goat_horn.play
[03февр.2026 23:09:54.447] [Render thread/WARN] [net.minecraft.client.sounds.SoundEngine/]: Missing sound for event: minecraft:entity.goat.screaming.horn_break
[03февр.2026 23:09:54.530] [Render thread/INFO] [com.mojang.blaze3d.audio.Library/]: OpenAL initialized on device OpenAL Soft on Realtek HD Audio 2nd output (Realtek(R) Audio)
[03февр.2026 23:09:54.530] [Render thread/INFO] [net.minecraft.client.sounds.SoundEngine/SOUNDS]: Sound engine started
[03февр.2026 23:09:54.530] [Render thread/ERROR] [net.minecraftforge.fml.ModLoader/]: Cowardly refusing to send event net.minecraftforge.client.event.sound.SoundEngineLoadEvent to a broken mod state
[03февр.2026 23:09:54.639] [Render thread/INFO] [net.minecraft.client.renderer.texture.TextureAtlas/]: Created: 1024x512x4 minecraft:textures/atlas/blocks.png-atlas
[03февр.2026 23:09:54.648] [Render thread/ERROR] [net.minecraftforge.fml.ModLoader/]: Cowardly refusing to send event net.minecraftforge.client.event.TextureStitchEvent$Post to a broken mod state
[03февр.2026 23:09:54.648] [Render thread/INFO] [net.minecraft.client.renderer.texture.TextureAtlas/]: Created: 256x256x4 minecraft:textures/atlas/signs.png-atlas
[03февр.2026 23:09:54.648] [Render thread/ERROR] [net.minecraftforge.fml.ModLoader/]: Cowardly refusing to send event net.minecraftforge.client.event.TextureStitchEvent$Post to a broken mod state
[03февр.2026 23:09:54.648] [Render thread/INFO] [net.minecraft.client.renderer.texture.TextureAtlas/]: Created: 512x512x4 minecraft:textures/atlas/banner_patterns.png-atlas
[03февр.2026 23:09:54.649] [Render thread/ERROR] [net.minecraftforge.fml.ModLoader/]: Cowardly refusing to send event net.minecraftforge.client.event.TextureStitchEvent$Post to a broken mod state
[03февр.2026 23:09:54.649] [Render thread/INFO] [net.minecraft.client.renderer.texture.TextureAtlas/]: Created: 512x512x4 minecraft:textures/atlas/shield_patterns.png-atlas
[03февр.2026 23:09:54.650] [Render thread/ERROR] [net.minecraftforge.fml.ModLoader/]: Cowardly refusing to send event net.minecraftforge.client.event.TextureStitchEvent$Post to a broken mod state
[03февр.2026 23:09:54.650] [Render thread/INFO] [net.minecraft.client.renderer.texture.TextureAtlas/]: Created: 1024x1024x4 minecraft:textures/atlas/armor_trims.png-atlas
[03февр.2026 23:09:54.653] [Render thread/ERROR] [net.minecraftforge.fml.ModLoader/]: Cowardly refusing to send event net.minecraftforge.client.event.TextureStitchEvent$Post to a broken mod state
[03февр.2026 23:09:54.653] [Render thread/INFO] [net.minecraft.client.renderer.texture.TextureAtlas/]: Created: 256x256x4 minecraft:textures/atlas/chest.png-atlas
[03февр.2026 23:09:54.655] [Render thread/ERROR] [net.minecraftforge.fml.ModLoader/]: Cowardly refusing to send event net.minecraftforge.client.event.TextureStitchEvent$Post to a broken mod state
[03февр.2026 23:09:54.655] [Render thread/INFO] [net.minecraft.client.renderer.texture.TextureAtlas/]: Created: 128x64x4 minecraft:textures/atlas/decorated_pot.png-atlas
[03февр.2026 23:09:54.655] [Render thread/ERROR] [net.minecraftforge.fml.ModLoader/]: Cowardly refusing to send event net.minecraftforge.client.event.TextureStitchEvent$Post to a broken mod state
[03февр.2026 23:09:54.655] [Render thread/INFO] [net.minecraft.client.renderer.texture.TextureAtlas/]: Created: 512x256x4 minecraft:textures/atlas/beds.png-atlas
[03февр.2026 23:09:54.655] [Render thread/ERROR] [net.minecraftforge.fml.ModLoader/]: Cowardly refusing to send event net.minecraftforge.client.event.TextureStitchEvent$Post to a broken mod state
[03февр.2026 23:09:54.655] [Render thread/INFO] [net.minecraft.client.renderer.texture.TextureAtlas/]: Created: 512x256x4 minecraft:textures/atlas/shulker_boxes.png-atlas
[03февр.2026 23:09:54.656] [Render thread/ERROR] [net.minecraftforge.fml.ModLoader/]: Cowardly refusing to send event net.minecraftforge.client.event.TextureStitchEvent$Post to a broken mod state
[03февр.2026 23:09:54.656] [Render thread/ERROR] [net.minecraftforge.fml.ModLoader/]: Cowardly refusing to send event net.minecraftforge.client.event.ModelEvent$BakingCompleted to a broken mod state
[03февр.2026 23:09:54.753] [Render thread/ERROR] [net.minecraftforge.fml.ModLoader/]: Cowardly refusing to send event net.minecraftforge.client.event.EntityRenderersEvent$CreateSkullModels to a broken mod state
[03февр.2026 23:09:54.755] [Render thread/ERROR] [net.minecraftforge.fml.ModLoader/]: Cowardly refusing to send event net.minecraftforge.client.event.EntityRenderersEvent$CreateSkullModels to a broken mod state
[03февр.2026 23:09:54.760] [Render thread/DEBUG] [mixin/]: Mixing client.PlayerRendererMixin from fluffy_fur.mixins.json into net.minecraft.client.renderer.entity.player.PlayerRenderer
[03февр.2026 23:09:54.761] [Render thread/DEBUG] [mixin/]: Mixing PlayerEntityRendererMixin from apoli.mixins.json into net.minecraft.client.renderer.entity.player.PlayerRenderer
[03февр.2026 23:09:54.762] [Render thread/DEBUG] [mixin/]: Mixing PlayerRendererMixin from eidolon.mixins.json into net.minecraft.client.renderer.entity.player.PlayerRenderer
[03февр.2026 23:09:54.815] [Render thread/DEBUG] [mixin/]: Mixing client.FoxRendererMixin from fluffy_fur.mixins.json into net.minecraft.client.renderer.entity.FoxRenderer
[03февр.2026 23:09:54.835] [Render thread/DEBUG] [mixin/]: Mixing client.LightningBoltRendererMixin from fluffy_fur.mixins.json into net.minecraft.client.renderer.entity.LightningBoltRenderer
[03февр.2026 23:09:54.852] [Render thread/DEBUG] [mixin/]: Mixing client.RabbitRendererMixin from fluffy_fur.mixins.json into net.minecraft.client.renderer.entity.RabbitRenderer
[03февр.2026 23:09:54.888] [Render thread/ERROR] [net.minecraftforge.fml.ModLoader/]: Cowardly refusing to send event net.minecraftforge.client.event.EntityRenderersEvent$CreateSkullModels to a broken mod state
[03февр.2026 23:09:54.889] [Render thread/ERROR] [net.minecraftforge.fml.ModLoader/]: Cowardly refusing to send event net.minecraftforge.client.event.EntityRenderersEvent$CreateSkullModels to a broken mod state
[03февр.2026 23:09:54.892] [Render thread/ERROR] [net.minecraftforge.fml.ModLoader/]: Cowardly refusing to send event net.minecraftforge.client.event.EntityRenderersEvent$CreateSkullModels to a broken mod state
[03февр.2026 23:09:54.892] [Render thread/ERROR] [net.minecraftforge.fml.ModLoader/]: Cowardly refusing to send event net.minecraftforge.client.event.EntityRenderersEvent$CreateSkullModels to a broken mod state
[03февр.2026 23:09:54.893] [Render thread/ERROR] [net.minecraftforge.fml.ModLoader/]: Cowardly refusing to send event net.minecraftforge.client.event.EntityRenderersEvent$CreateSkullModels to a broken mod state
[03февр.2026 23:09:54.894] [Render thread/ERROR] [net.minecraftforge.fml.ModLoader/]: Cowardly refusing to send event net.minecraftforge.client.event.EntityRenderersEvent$CreateSkullModels to a broken mod state
[03февр.2026 23:09:54.894] [Render thread/ERROR] [net.minecraftforge.fml.ModLoader/]: Cowardly refusing to send event net.minecraftforge.client.event.EntityRenderersEvent$CreateSkullModels to a broken mod state
[03февр.2026 23:09:54.896] [Render thread/ERROR] [net.minecraftforge.fml.ModLoader/]: Cowardly refusing to send event net.minecraftforge.client.event.EntityRenderersEvent$CreateSkullModels to a broken mod state
[03февр.2026 23:09:54.896] [Render thread/ERROR] [net.minecraftforge.fml.ModLoader/]: Cowardly refusing to send event net.minecraftforge.client.event.EntityRenderersEvent$CreateSkullModels to a broken mod state
[03февр.2026 23:09:54.898] [Render thread/ERROR] [net.minecraftforge.fml.ModLoader/]: Cowardly refusing to send event net.minecraftforge.client.event.EntityRenderersEvent$CreateSkullModels to a broken mod state
[03февр.2026 23:09:54.898] [Render thread/ERROR] [net.minecraftforge.fml.ModLoader/]: Cowardly refusing to send event net.minecraftforge.client.event.EntityRenderersEvent$CreateSkullModels to a broken mod state
[03февр.2026 23:09:54.899] [Render thread/ERROR] [net.minecraftforge.fml.ModLoader/]: Cowardly refusing to send event net.minecraftforge.client.event.EntityRenderersEvent$CreateSkullModels to a broken mod state
[03февр.2026 23:09:54.899] [Render thread/ERROR] [net.minecraftforge.fml.ModLoader/]: Cowardly refusing to send event net.minecraftforge.client.event.EntityRenderersEvent$CreateSkullModels to a broken mod state
[03февр.2026 23:09:54.900] [Render thread/ERROR] [net.minecraftforge.fml.ModLoader/]: Cowardly refusing to send event net.minecraftforge.client.event.EntityRenderersEvent$CreateSkullModels to a broken mod state
[03февр.2026 23:09:54.902] [Render thread/ERROR] [net.minecraftforge.fml.ModLoader/]: Cowardly refusing to send event net.minecraftforge.client.event.EntityRenderersEvent$CreateSkullModels to a broken mod state
[03февр.2026 23:09:54.905] [Render thread/ERROR] [net.minecraftforge.fml.ModLoader/]: Cowardly refusing to send event net.minecraftforge.client.event.EntityRenderersEvent$CreateSkullModels to a broken mod state
[03февр.2026 23:09:54.905] [Render thread/ERROR] [net.minecraftforge.fml.ModLoader/]: Cowardly refusing to send event net.minecraftforge.client.event.EntityRenderersEvent$CreateSkullModels to a broken mod state
[03февр.2026 23:09:54.912] [Render thread/ERROR] [net.minecraftforge.fml.ModLoader/]: Cowardly refusing to send event net.minecraftforge.client.event.EntityRenderersEvent$CreateSkullModels to a broken mod state
[03февр.2026 23:09:54.913] [Render thread/ERROR] [net.minecraftforge.fml.ModLoader/]: Cowardly refusing to send event net.minecraftforge.client.event.EntityRenderersEvent$CreateSkullModels to a broken mod state
[03февр.2026 23:09:54.913] [Render thread/ERROR] [net.minecraftforge.fml.ModLoader/]: Cowardly refusing to send event net.minecraftforge.client.event.EntityRenderersEvent$AddLayers to a broken mod state
[03февр.2026 23:09:54.943] [Render thread/WARN] [net.minecraft.client.renderer.ShaderInstance/]: Shader rendertype_entity_translucent_emissive could not find sampler named Sampler2 in the specified shader program.
[03февр.2026 23:09:54.975] [Render thread/ERROR] [net.minecraftforge.fml.ModLoader/]: Cowardly refusing to send event net.minecraftforge.client.event.RegisterShadersEvent to a broken mod state
[03февр.2026 23:09:54.982] [Render thread/DEBUG] [mixin/]: Mixing client.EffectProgramMixin from fluffy_fur.mixins.json into com.mojang.blaze3d.shaders.EffectProgram
[03февр.2026 23:09:55.053] [Render thread/INFO] [net.minecraft.client.renderer.texture.TextureAtlas/]: Created: 256x256x0 minecraft:textures/atlas/particles.png-atlas
[03февр.2026 23:09:55.053] [Render thread/ERROR] [net.minecraftforge.fml.ModLoader/]: Cowardly refusing to send event net.minecraftforge.client.event.TextureStitchEvent$Post to a broken mod state
[03февр.2026 23:09:55.054] [Render thread/INFO] [net.minecraft.client.renderer.texture.TextureAtlas/]: Created: 256x256x0 minecraft:textures/atlas/paintings.png-atlas
[03февр.2026 23:09:55.055] [Render thread/ERROR] [net.minecraftforge.fml.ModLoader/]: Cowardly refusing to send event net.minecraftforge.client.event.TextureStitchEvent$Post to a broken mod state
[03февр.2026 23:09:55.055] [Render thread/INFO] [net.minecraft.client.renderer.texture.TextureAtlas/]: Created: 128x128x0 minecraft:textures/atlas/mob_effects.png-atlas
[03февр.2026 23:09:55.055] [Render thread/ERROR] [net.minecraftforge.fml.ModLoader/]: Cowardly refusing to send event net.minecraftforge.client.event.TextureStitchEvent$Post to a broken mod state
[03февр.2026 23:09:55.069] [Render thread/DEBUG] [net.minecraftforge.common.ForgeI18n/CORE]: Loading I18N data entries: 6434
[03февр.2026 23:09:55.123] [Render thread/DEBUG] [oshi.util.FileUtil/]: No oshi.architecture.properties file found from ClassLoader cpw.mods.modlauncher.TransformingClassLoader@2792b416
[03февр.2026 23:09:55.299] [Render thread/FATAL] [net.minecraftforge.common.ForgeMod/]: Preparing crash report with UUID 7487bd5f-df1d-4f82-b813-a4c7e108c80f
[03февр.2026 23:09:55.300] [Render thread/FATAL] [net.minecraftforge.client.loading.ClientModLoader/]: Crash report saved to .\crash-reports\crash-2026-02-03_23.09.55-fml.txt
[03февр.2026 23:09:55.303] [Render thread/FATAL] [net.minecraftforge.common.ForgeMod/]: Preparing crash report with UUID e6a87b10-c1b0-4ff3-91f7-6eeb3f6408e4
[03февр.2026 23:10:05.072] [Render thread/INFO] [net.minecraft.client.Minecraft/]: Stopping!
