[21янв.2026 16:34:40.852] [main/INFO] [cpw.mods.modlauncher.Launcher/MODLAUNCHER]: ModLauncher running: args [--launchTarget, forgedatauserdev, --assetIndex, 5, --assetsDir, C:\Users\Елена\.gradle\caches\forge_gradle\assets, --gameDir, ., --fml.forgeVersion, 47.4.13, --fml.mcVersion, 1.20.1, --fml.forgeGroup, net.minecraftforge, --fml.mcpVersion, 20230612.114412, --mod, eidolon_origins, --all, --output, C:\Users\Елена\IdeaProjects\eidolon_origins\src\generated\resources, --existing, C:\Users\Елена\IdeaProjects\eidolon_origins\src\main\resources, --mixin.config, eidolon_origins.mixins.json]
[21янв.2026 16:34:40.858] [main/INFO] [cpw.mods.modlauncher.Launcher/MODLAUNCHER]: ModLauncher 10.0.9+10.0.9+main.dcd20f30 starting: java version 17.0.17 by Alibaba; OS Windows 10 arch amd64 version 10.0
[21янв.2026 16:34:40.880] [main/DEBUG] [cpw.mods.modlauncher.LaunchServiceHandler/MODLAUNCHER]: Found launch services [fmlclientdev,forgeclient,minecraft,forgegametestserverdev,fmlserveruserdev,fmlclient,fmldatauserdev,forgeserverdev,forgeserveruserdev,forgeclientdev,forgeclientuserdev,forgeserver,forgedatadev,fmlserver,fmlclientuserdev,fmlserverdev,forgedatauserdev,testharness,forgegametestserveruserdev]
[21янв.2026 16:34:40.890] [main/DEBUG] [cpw.mods.modlauncher.NameMappingServiceHandler/MODLAUNCHER]: Found naming services : [srgtomcp]
[21янв.2026 16:34:40.901] [main/DEBUG] [cpw.mods.modlauncher.LaunchPluginHandler/MODLAUNCHER]: Found launch plugins: [mixin,eventbus,slf4jfixer,object_holder_definalize,runtime_enum_extender,capability_token_subclass,accesstransformer,runtimedistcleaner]
[21янв.2026 16:34:40.911] [main/DEBUG] [cpw.mods.modlauncher.TransformationServicesHandler/MODLAUNCHER]: Discovering transformation services
[21янв.2026 16:34:40.915] [main/DEBUG] [net.minecraftforge.fml.loading.FMLPaths/CORE]: Path GAMEDIR is C:\Users\Елена\IdeaProjects\eidolon_origins\run-data
[21янв.2026 16:34:40.916] [main/DEBUG] [net.minecraftforge.fml.loading.FMLPaths/CORE]: Path MODSDIR is C:\Users\Елена\IdeaProjects\eidolon_origins\run-data\mods
[21янв.2026 16:34:40.916] [main/DEBUG] [net.minecraftforge.fml.loading.FMLPaths/CORE]: Path CONFIGDIR is C:\Users\Елена\IdeaProjects\eidolon_origins\run-data\config
[21янв.2026 16:34:40.916] [main/DEBUG] [net.minecraftforge.fml.loading.FMLPaths/CORE]: Path FMLCONFIG is C:\Users\Елена\IdeaProjects\eidolon_origins\run-data\config\fml.toml
[21янв.2026 16:34:40.967] [main/DEBUG] [cpw.mods.modlauncher.TransformationServicesHandler/MODLAUNCHER]: Found additional transformation services from discovery services: 
[21янв.2026 16:34:40.972] [main/INFO] [net.minecraftforge.fml.loading.ImmediateWindowHandler/]: ImmediateWindowProvider not loading because launch target is forgedatauserdev
[21янв.2026 16:34:40.979] [main/DEBUG] [cpw.mods.modlauncher.TransformationServicesHandler/MODLAUNCHER]: Found transformer services : [mixin,fml]
[21янв.2026 16:34:40.979] [main/DEBUG] [cpw.mods.modlauncher.TransformationServicesHandler/MODLAUNCHER]: Transformation services loading
[21янв.2026 16:34:40.980] [main/DEBUG] [cpw.mods.modlauncher.TransformationServiceDecorator/MODLAUNCHER]: Loading service mixin
[21янв.2026 16:34:40.980] [main/DEBUG] [cpw.mods.modlauncher.TransformationServiceDecorator/MODLAUNCHER]: Loaded service mixin
[21янв.2026 16:34:40.980] [main/DEBUG] [cpw.mods.modlauncher.TransformationServiceDecorator/MODLAUNCHER]: Loading service fml
[21янв.2026 16:34:40.981] [main/DEBUG] [net.minecraftforge.fml.loading.LauncherVersion/CORE]: Found FMLLauncher version 1.0
[21янв.2026 16:34:40.982] [main/DEBUG] [net.minecraftforge.fml.loading.FMLLoader/CORE]: FML 1.0 loading
[21янв.2026 16:34:40.982] [main/DEBUG] [net.minecraftforge.fml.loading.FMLLoader/CORE]: FML found ModLauncher version : 10.0.9+10.0.9+main.dcd20f30
[21янв.2026 16:34:40.982] [main/DEBUG] [net.minecraftforge.fml.loading.FMLLoader/CORE]: Requesting CoreMods to not apply the fix for ASMAPI.findFirstInstructionBefore by default
[21янв.2026 16:34:40.983] [main/DEBUG] [net.minecraftforge.fml.loading.FMLLoader/CORE]: FML found AccessTransformer version : 8.0.4+66+master.c09db6d7
[21янв.2026 16:34:40.983] [main/DEBUG] [net.minecraftforge.fml.loading.FMLLoader/CORE]: FML found EventBus version : 6.0.5+6.0.5+master.eb8e549b
[21янв.2026 16:34:40.983] [main/DEBUG] [net.minecraftforge.fml.loading.FMLLoader/CORE]: Found Runtime Dist Cleaner
[21янв.2026 16:34:40.985] [main/DEBUG] [net.minecraftforge.coremod.CoreModEngine/]: CoreMods will preserve legacy behavior of ASMAPI.findFirstInstructionBefore for backwards-compatibility
[21янв.2026 16:34:40.985] [main/DEBUG] [net.minecraftforge.fml.loading.FMLLoader/CORE]: FML found CoreMod version : 5.2.4
[21янв.2026 16:34:40.986] [main/DEBUG] [net.minecraftforge.fml.loading.FMLLoader/CORE]: Found ForgeSPI package implementation version 7.0.1+7.0.1+master.d2b38bf6
[21янв.2026 16:34:40.986] [main/DEBUG] [net.minecraftforge.fml.loading.FMLLoader/CORE]: Found ForgeSPI package specification 5
[21янв.2026 16:34:40.986] [main/DEBUG] [cpw.mods.modlauncher.TransformationServiceDecorator/MODLAUNCHER]: Loaded service fml
[21янв.2026 16:34:40.987] [main/DEBUG] [cpw.mods.modlauncher.TransformationServicesHandler/MODLAUNCHER]: Configuring option handling for services
[21янв.2026 16:34:40.991] [main/DEBUG] [cpw.mods.modlauncher.TransformationServicesHandler/MODLAUNCHER]: Transformation services initializing
[21янв.2026 16:34:40.992] [main/DEBUG] [cpw.mods.modlauncher.TransformationServiceDecorator/MODLAUNCHER]: Initializing transformation service mixin
[21янв.2026 16:34:41.003] [main/DEBUG] [mixin/]: MixinService [ModLauncher] was successfully booted in cpw.mods.cl.ModuleClassLoader@6580cfdd
[21янв.2026 16:34:41.015] [main/INFO] [mixin/]: SpongePowered MIXIN Subsystem Version=0.8.5 Source=union:/C:/Users/Елена/.gradle/caches/modules-2/files-2.1/org.spongepowered/mixin/0.8.5/9d1c0c3a304ae6697ecd477218fa61b850bf57fc/mixin-0.8.5.jar%23128!/ Service=ModLauncher Env=CLIENT
[21янв.2026 16:34:41.018] [main/DEBUG] [mixin/]: Initialising Mixin Platform Manager
[21янв.2026 16:34:41.019] [main/DEBUG] [mixin/]: Adding mixin platform agents for container ModLauncher Root Container(ModLauncher:4f56a0a2)
[21янв.2026 16:34:41.019] [main/DEBUG] [mixin/]: Instancing new MixinPlatformAgentMinecraftForge for ModLauncher Root Container(ModLauncher:4f56a0a2)
[21янв.2026 16:34:41.020] [main/DEBUG] [mixin/]: MixinPlatformAgentMinecraftForge rejected container ModLauncher Root Container(ModLauncher:4f56a0a2)
[21янв.2026 16:34:41.020] [main/DEBUG] [mixin/]: Instancing new MixinPlatformAgentDefault for ModLauncher Root Container(ModLauncher:4f56a0a2)
[21янв.2026 16:34:41.020] [main/DEBUG] [mixin/]: MixinPlatformAgentDefault accepted container ModLauncher Root Container(ModLauncher:4f56a0a2)
[21янв.2026 16:34:41.022] [main/DEBUG] [cpw.mods.modlauncher.TransformationServiceDecorator/MODLAUNCHER]: Initialized transformation service mixin
[21янв.2026 16:34:41.022] [main/DEBUG] [cpw.mods.modlauncher.TransformationServiceDecorator/MODLAUNCHER]: Initializing transformation service fml
[21янв.2026 16:34:41.022] [main/DEBUG] [net.minecraftforge.fml.loading.FMLServiceProvider/CORE]: Setting up basic FML game directories
[21янв.2026 16:34:41.023] [main/DEBUG] [net.minecraftforge.fml.loading.FMLPaths/CORE]: Path GAMEDIR is C:\Users\Елена\IdeaProjects\eidolon_origins\run-data
[21янв.2026 16:34:41.023] [main/DEBUG] [net.minecraftforge.fml.loading.FMLPaths/CORE]: Path MODSDIR is C:\Users\Елена\IdeaProjects\eidolon_origins\run-data\mods
[21янв.2026 16:34:41.023] [main/DEBUG] [net.minecraftforge.fml.loading.FMLPaths/CORE]: Path CONFIGDIR is C:\Users\Елена\IdeaProjects\eidolon_origins\run-data\config
[21янв.2026 16:34:41.023] [main/DEBUG] [net.minecraftforge.fml.loading.FMLPaths/CORE]: Path FMLCONFIG is C:\Users\Елена\IdeaProjects\eidolon_origins\run-data\config\fml.toml
[21янв.2026 16:34:41.023] [main/DEBUG] [net.minecraftforge.fml.loading.FMLServiceProvider/CORE]: Loading configuration
[21янв.2026 16:34:41.027] [main/DEBUG] [net.minecraftforge.fml.loading.FMLServiceProvider/CORE]: Preparing ModFile
[21янв.2026 16:34:41.029] [main/DEBUG] [net.minecraftforge.fml.loading.FMLServiceProvider/CORE]: Preparing launch handler
[21янв.2026 16:34:41.029] [main/DEBUG] [net.minecraftforge.fml.loading.FMLLoader/CORE]: Using forgedatauserdev as launch service
[21янв.2026 16:34:41.039] [main/DEBUG] [net.minecraftforge.fml.loading.FMLLoader/CORE]: Received command line version data  : VersionInfo[forgeVersion=47.4.13, mcVersion=1.20.1, mcpVersion=20230612.114412, forgeGroup=net.minecraftforge]
[21янв.2026 16:34:41.040] [main/DEBUG] [cpw.mods.modlauncher.TransformationServiceDecorator/MODLAUNCHER]: Initialized transformation service fml
[21янв.2026 16:34:41.041] [main/DEBUG] [cpw.mods.modlauncher.NameMappingServiceHandler/MODLAUNCHER]: Current naming domain is 'mcp'
[21янв.2026 16:34:41.042] [main/DEBUG] [cpw.mods.modlauncher.NameMappingServiceHandler/MODLAUNCHER]: Identified name mapping providers {srg=srgtomcp:1234}
[21янв.2026 16:34:41.042] [main/DEBUG] [cpw.mods.modlauncher.TransformationServicesHandler/MODLAUNCHER]: Transformation services begin scanning
[21янв.2026 16:34:41.043] [main/DEBUG] [cpw.mods.modlauncher.TransformationServiceDecorator/MODLAUNCHER]: Beginning scan trigger - transformation service mixin
[21янв.2026 16:34:41.043] [main/DEBUG] [cpw.mods.modlauncher.TransformationServiceDecorator/MODLAUNCHER]: End scan trigger - transformation service mixin
[21янв.2026 16:34:41.043] [main/DEBUG] [cpw.mods.modlauncher.TransformationServiceDecorator/MODLAUNCHER]: Beginning scan trigger - transformation service fml
[21янв.2026 16:34:41.043] [main/DEBUG] [net.minecraftforge.fml.loading.FMLServiceProvider/CORE]: Initiating mod scan
[21янв.2026 16:34:41.055] [main/DEBUG] [net.minecraftforge.fml.loading.moddiscovery.ModListHandler/CORE]: Found mod coordinates from lists: []
[21янв.2026 16:34:41.058] [main/DEBUG] [net.minecraftforge.fml.loading.moddiscovery.ModDiscoverer/CORE]: Found Mod Locators : (mods folder:null),(maven libs:null),(exploded directory:null),(minecraft:null),(userdev classpath:null)
[21янв.2026 16:34:41.059] [main/DEBUG] [net.minecraftforge.fml.loading.moddiscovery.ModDiscoverer/CORE]: Found Dependency Locators : (JarInJar:null)
[21янв.2026 16:34:41.064] [main/DEBUG] [net.minecraftforge.fml.loading.targets.CommonLaunchHandler/CORE]: Got mod coordinates eidolon_origins%%C:\Users\Елена\IdeaProjects\eidolon_origins\build\resources\main;eidolon_origins%%C:\Users\Елена\IdeaProjects\eidolon_origins\build\classes\java\main from env
[21янв.2026 16:34:41.065] [main/DEBUG] [net.minecraftforge.fml.loading.targets.CommonLaunchHandler/CORE]: Found supplied mod coordinates [{eidolon_origins=[C:\Users\Елена\IdeaProjects\eidolon_origins\build\resources\main, C:\Users\Елена\IdeaProjects\eidolon_origins\build\classes\java\main]}]
[21янв.2026 16:34:41.286] [main/DEBUG] [net.minecraftforge.fml.loading.moddiscovery.ModFileInfo/LOADING]: Found valid mod file forge-1.20.1-47.4.13_mapped_official_1.20.1.jar with {minecraft} mods - versions {1.20.1}
[21янв.2026 16:34:41.290] [main/DEBUG] [net.minecraftforge.fml.loading.moddiscovery.ModFileParser/LOADING]: Considering mod file candidate C:\Users\Елена\.gradle\caches\modules-2\files-2.1\net.minecraftforge\javafmllanguage\1.20.1-47.4.13\cf01e2179f72bd2829c65f5226d7dd0cfb6c686\javafmllanguage-1.20.1-47.4.13.jar
[21янв.2026 16:34:41.290] [main/WARN] [net.minecraftforge.fml.loading.moddiscovery.ModFileParser/LOADING]: Mod file C:\Users\Елена\.gradle\caches\modules-2\files-2.1\net.minecraftforge\javafmllanguage\1.20.1-47.4.13\cf01e2179f72bd2829c65f5226d7dd0cfb6c686\javafmllanguage-1.20.1-47.4.13.jar is missing mods.toml file
[21янв.2026 16:34:41.293] [main/DEBUG] [net.minecraftforge.fml.loading.moddiscovery.ModFileParser/LOADING]: Considering mod file candidate C:\Users\Елена\.gradle\caches\modules-2\files-2.1\net.minecraftforge\lowcodelanguage\1.20.1-47.4.13\e3f96129ea14eba84316f2d69816253e228e6e4c\lowcodelanguage-1.20.1-47.4.13.jar
[21янв.2026 16:34:41.293] [main/WARN] [net.minecraftforge.fml.loading.moddiscovery.ModFileParser/LOADING]: Mod file C:\Users\Елена\.gradle\caches\modules-2\files-2.1\net.minecraftforge\lowcodelanguage\1.20.1-47.4.13\e3f96129ea14eba84316f2d69816253e228e6e4c\lowcodelanguage-1.20.1-47.4.13.jar is missing mods.toml file
[21янв.2026 16:34:41.296] [main/DEBUG] [net.minecraftforge.fml.loading.moddiscovery.ModFileParser/LOADING]: Considering mod file candidate C:\Users\Елена\.gradle\caches\modules-2\files-2.1\net.minecraftforge\mclanguage\1.20.1-47.4.13\85796906112d9b621a7b2996f8bfda49da991ef0\mclanguage-1.20.1-47.4.13.jar
[21янв.2026 16:34:41.296] [main/WARN] [net.minecraftforge.fml.loading.moddiscovery.ModFileParser/LOADING]: Mod file C:\Users\Елена\.gradle\caches\modules-2\files-2.1\net.minecraftforge\mclanguage\1.20.1-47.4.13\85796906112d9b621a7b2996f8bfda49da991ef0\mclanguage-1.20.1-47.4.13.jar is missing mods.toml file
[21янв.2026 16:34:41.299] [main/DEBUG] [net.minecraftforge.fml.loading.moddiscovery.ModFileParser/LOADING]: Considering mod file candidate C:\Users\Елена\.gradle\caches\modules-2\files-2.1\net.minecraftforge\fmlcore\1.20.1-47.4.13\f77e3021d1eb31d61f8d1b92d18ed4fb3c2806e5\fmlcore-1.20.1-47.4.13.jar
[21янв.2026 16:34:41.299] [main/WARN] [net.minecraftforge.fml.loading.moddiscovery.ModFileParser/LOADING]: Mod file C:\Users\Елена\.gradle\caches\modules-2\files-2.1\net.minecraftforge\fmlcore\1.20.1-47.4.13\f77e3021d1eb31d61f8d1b92d18ed4fb3c2806e5\fmlcore-1.20.1-47.4.13.jar is missing mods.toml file
[21янв.2026 16:34:41.302] [main/DEBUG] [net.minecraftforge.fml.loading.moddiscovery.ModFileParser/LOADING]: Considering mod file candidate C:\Users\Елена\IdeaProjects\eidolon_origins\build\resources\main
[21янв.2026 16:34:41.307] [main/DEBUG] [net.minecraftforge.fml.loading.moddiscovery.ModFileInfo/LOADING]: Found valid mod file main with {eidolon_origins} mods - versions {1.0}
[21янв.2026 16:34:41.308] [main/DEBUG] [net.minecraftforge.fml.loading.moddiscovery.ModFileParser/LOADING]: Considering mod file candidate /
[21янв.2026 16:34:41.310] [main/DEBUG] [net.minecraftforge.fml.loading.moddiscovery.ModFileInfo/LOADING]: Found valid mod file  with {forge} mods - versions {47.4.13}
[21янв.2026 16:34:41.326] [main/DEBUG] [net.minecraftforge.fml.loading.moddiscovery.ModFileParser/LOADING]: Considering mod file candidate C:\Users\Елена\.gradle\caches\forge_gradle\deobf_dependencies\lib\curios-forge\5.14.1+1.20.1_mapped_official_1.20.1\curios-forge-5.14.1+1.20.1_mapped_official_1.20.1.jar
[21янв.2026 16:34:41.329] [main/DEBUG] [net.minecraftforge.fml.loading.moddiscovery.ModFileInfo/LOADING]: Found valid mod file curios-forge-5.14.1+1.20.1_mapped_official_1.20.1.jar with {curios} mods - versions {5.14.1+1.20.1}
[21янв.2026 16:34:41.333] [main/DEBUG] [net.minecraftforge.fml.loading.moddiscovery.ModFileParser/LOADING]: Considering mod file candidate C:\Users\Елена\.gradle\caches\forge_gradle\deobf_dependencies\lib\eidolon_repraised-1.20.1\0.3.9.6_mapped_official_1.20.1\eidolon_repraised-1.20.1-0.3.9.6_mapped_official_1.20.1.jar
[21янв.2026 16:34:41.334] [main/DEBUG] [net.minecraftforge.fml.loading.moddiscovery.ModFileInfo/LOADING]: Found valid mod file eidolon_repraised-1.20.1-0.3.9.6_mapped_official_1.20.1.jar with {eidolon} mods - versions {0.3.9.6}
[21янв.2026 16:34:41.337] [main/DEBUG] [net.minecraftforge.fml.loading.moddiscovery.ModFileParser/LOADING]: Considering mod file candidate C:\Users\Елена\.gradle\caches\forge_gradle\deobf_dependencies\curse\maven\origins-forge-474438\5314209_mapped_official_1.20.1\origins-forge-474438-5314209_mapped_official_1.20.1.jar
[21янв.2026 16:34:41.339] [main/DEBUG] [net.minecraftforge.fml.loading.moddiscovery.ModFileInfo/LOADING]: Found valid mod file origins-forge-474438-5314209_mapped_official_1.20.1.jar with {origins} mods - versions {1.20.1-1.10.0.9}
[21янв.2026 16:34:41.341] [main/DEBUG] [net.minecraftforge.fml.loading.moddiscovery.ModFileParser/LOADING]: Considering mod file candidate C:\Users\Елена\.gradle\caches\forge_gradle\deobf_dependencies\curse\maven\caelus-308989\5281700_mapped_official_1.20.1\caelus-308989-5281700_mapped_official_1.20.1.jar
[21янв.2026 16:34:41.342] [main/DEBUG] [net.minecraftforge.fml.loading.moddiscovery.ModFileInfo/LOADING]: Found valid mod file caelus-308989-5281700_mapped_official_1.20.1.jar with {caelus} mods - versions {3.2.0+1.20.1}
[21янв.2026 16:34:41.345] [main/DEBUG] [net.minecraftforge.fml.loading.moddiscovery.ModFileParser/LOADING]: Considering mod file candidate C:\Users\Елена\.gradle\caches\forge_gradle\deobf_dependencies\curse\maven\fluffy-fur-1097456\7361893_mapped_official_1.20.1\fluffy-fur-1097456-7361893_mapped_official_1.20.1.jar
[21янв.2026 16:34:41.346] [main/DEBUG] [net.minecraftforge.fml.loading.moddiscovery.ModFileInfo/LOADING]: Found valid mod file fluffy-fur-1097456-7361893_mapped_official_1.20.1.jar with {fluffy_fur} mods - versions {1.20.1-0.2.4}
[21янв.2026 16:34:41.349] [main/DEBUG] [net.minecraftforge.fml.loading.moddiscovery.ModFileParser/LOADING]: Considering mod file candidate C:\Users\Елена\.gradle\caches\forge_gradle\deobf_dependencies\lib\curios-forge\5.14.1+1.20.1_mapped_official_1.20.1\curios-forge-5.14.1+1.20.1_mapped_official_1.20.1.jar
[21янв.2026 16:34:41.349] [main/DEBUG] [net.minecraftforge.fml.loading.moddiscovery.ModFileInfo/LOADING]: Found valid mod file curios-forge-5.14.1+1.20.1_mapped_official_1.20.1.jar with {curios} mods - versions {5.14.1+1.20.1}
[21янв.2026 16:34:41.353] [main/DEBUG] [net.minecraftforge.fml.loading.moddiscovery.ModFileParser/LOADING]: Considering mod file candidate C:\Users\Елена\.gradle\caches\forge_gradle\deobf_dependencies\lib\eidolon_repraised-1.20.1\0.3.9.6_mapped_official_1.20.1\eidolon_repraised-1.20.1-0.3.9.6_mapped_official_1.20.1.jar
[21янв.2026 16:34:41.354] [main/DEBUG] [net.minecraftforge.fml.loading.moddiscovery.ModFileInfo/LOADING]: Found valid mod file eidolon_repraised-1.20.1-0.3.9.6_mapped_official_1.20.1.jar with {eidolon} mods - versions {0.3.9.6}
[21янв.2026 16:34:41.356] [main/DEBUG] [net.minecraftforge.fml.loading.moddiscovery.ModFileParser/LOADING]: Considering mod file candidate C:\Users\Елена\.gradle\caches\forge_gradle\deobf_dependencies\curse\maven\origins-forge-474438\5314209_mapped_official_1.20.1\origins-forge-474438-5314209_mapped_official_1.20.1.jar
[21янв.2026 16:34:41.357] [main/DEBUG] [net.minecraftforge.fml.loading.moddiscovery.ModFileInfo/LOADING]: Found valid mod file origins-forge-474438-5314209_mapped_official_1.20.1.jar with {origins} mods - versions {1.20.1-1.10.0.9}
[21янв.2026 16:34:41.359] [main/DEBUG] [net.minecraftforge.fml.loading.moddiscovery.ModFileParser/LOADING]: Considering mod file candidate C:\Users\Елена\.gradle\caches\forge_gradle\deobf_dependencies\curse\maven\caelus-308989\5281700_mapped_official_1.20.1\caelus-308989-5281700_mapped_official_1.20.1.jar
[21янв.2026 16:34:41.360] [main/DEBUG] [net.minecraftforge.fml.loading.moddiscovery.ModFileInfo/LOADING]: Found valid mod file caelus-308989-5281700_mapped_official_1.20.1.jar with {caelus} mods - versions {3.2.0+1.20.1}
[21янв.2026 16:34:41.363] [main/DEBUG] [net.minecraftforge.fml.loading.moddiscovery.ModFileParser/LOADING]: Considering mod file candidate C:\Users\Елена\.gradle\caches\forge_gradle\deobf_dependencies\curse\maven\fluffy-fur-1097456\7361893_mapped_official_1.20.1\fluffy-fur-1097456-7361893_mapped_official_1.20.1.jar
[21янв.2026 16:34:41.364] [main/DEBUG] [net.minecraftforge.fml.loading.moddiscovery.ModFileInfo/LOADING]: Found valid mod file fluffy-fur-1097456-7361893_mapped_official_1.20.1.jar with {fluffy_fur} mods - versions {1.20.1-0.2.4}
[21янв.2026 16:34:41.371] [main/DEBUG] [net.minecraftforge.fml.loading.UniqueModListBuilder/]: Found 2 mods for first modid fluffy_fur, selecting most recent based on version data
[21янв.2026 16:34:41.371] [main/DEBUG] [net.minecraftforge.fml.loading.UniqueModListBuilder/]: Selected file fluffy-fur-1097456-7361893_mapped_official_1.20.1.jar for modid fluffy_fur with version 1.20.1-0.2.4
[21янв.2026 16:34:41.371] [main/DEBUG] [net.minecraftforge.fml.loading.UniqueModListBuilder/]: Found 2 mods for first modid caelus, selecting most recent based on version data
[21янв.2026 16:34:41.372] [main/DEBUG] [net.minecraftforge.fml.loading.UniqueModListBuilder/]: Selected file caelus-308989-5281700_mapped_official_1.20.1.jar for modid caelus with version 3.2.0+1.20.1
[21янв.2026 16:34:41.372] [main/DEBUG] [net.minecraftforge.fml.loading.UniqueModListBuilder/]: Found 2 mods for first modid curios, selecting most recent based on version data
[21янв.2026 16:34:41.372] [main/DEBUG] [net.minecraftforge.fml.loading.UniqueModListBuilder/]: Selected file curios-forge-5.14.1+1.20.1_mapped_official_1.20.1.jar for modid curios with version 5.14.1+1.20.1
[21янв.2026 16:34:41.372] [main/DEBUG] [net.minecraftforge.fml.loading.UniqueModListBuilder/]: Found 2 mods for first modid origins, selecting most recent based on version data
[21янв.2026 16:34:41.372] [main/DEBUG] [net.minecraftforge.fml.loading.UniqueModListBuilder/]: Selected file origins-forge-474438-5314209_mapped_official_1.20.1.jar for modid origins with version 1.20.1-1.10.0.9
[21янв.2026 16:34:41.372] [main/DEBUG] [net.minecraftforge.fml.loading.UniqueModListBuilder/]: Found 2 mods for first modid eidolon, selecting most recent based on version data
[21янв.2026 16:34:41.372] [main/DEBUG] [net.minecraftforge.fml.loading.UniqueModListBuilder/]: Selected file eidolon_repraised-1.20.1-0.3.9.6_mapped_official_1.20.1.jar for modid eidolon with version 0.3.9.6
[21янв.2026 16:34:41.377] [main/DEBUG] [net.minecraftforge.fml.loading.moddiscovery.AbstractJarFileDependencyLocator/]: Failed to load resource META-INF\jarjar\metadata.json from forge-1.20.1-47.4.13_mapped_official_1.20.1.jar, it does not contain dependency information.
[21янв.2026 16:34:41.377] [main/DEBUG] [net.minecraftforge.fml.loading.moddiscovery.AbstractJarFileDependencyLocator/]: Failed to load resource META-INF\jarjar\metadata.json from fluffy-fur-1097456-7361893_mapped_official_1.20.1.jar, it does not contain dependency information.
[21янв.2026 16:34:41.378] [main/DEBUG] [net.minecraftforge.fml.loading.moddiscovery.AbstractJarFileDependencyLocator/]: Failed to load resource META-INF\jarjar\metadata.json from caelus-308989-5281700_mapped_official_1.20.1.jar, it does not contain dependency information.
[21янв.2026 16:34:41.378] [main/DEBUG] [net.minecraftforge.fml.loading.moddiscovery.AbstractJarFileDependencyLocator/]: Failed to load resource META-INF\jarjar\metadata.json from , it does not contain dependency information.
[21янв.2026 16:34:41.378] [main/DEBUG] [net.minecraftforge.fml.loading.moddiscovery.AbstractJarFileDependencyLocator/]: Failed to load resource META-INF\jarjar\metadata.json from main, it does not contain dependency information.
[21янв.2026 16:34:41.378] [main/DEBUG] [net.minecraftforge.fml.loading.moddiscovery.AbstractJarFileDependencyLocator/]: Failed to load resource META-INF\jarjar\metadata.json from curios-forge-5.14.1+1.20.1_mapped_official_1.20.1.jar, it does not contain dependency information.
[21янв.2026 16:34:41.379] [main/DEBUG] [net.minecraftforge.fml.loading.moddiscovery.AbstractJarFileDependencyLocator/]: Failed to load resource META-INF\jarjar\metadata.json from eidolon_repraised-1.20.1-0.3.9.6_mapped_official_1.20.1.jar, it does not contain dependency information.
[21янв.2026 16:34:41.379] [main/DEBUG] [net.minecraftforge.fml.loading.moddiscovery.AbstractJarFileDependencyLocator/]: Failed to load resource META-INF\jarjar\metadata.json from mclanguage-1.20.1-47.4.13.jar, it does not contain dependency information.
[21янв.2026 16:34:41.379] [main/DEBUG] [net.minecraftforge.fml.loading.moddiscovery.AbstractJarFileDependencyLocator/]: Failed to load resource META-INF\jarjar\metadata.json from javafmllanguage-1.20.1-47.4.13.jar, it does not contain dependency information.
[21янв.2026 16:34:41.379] [main/DEBUG] [net.minecraftforge.fml.loading.moddiscovery.AbstractJarFileDependencyLocator/]: Failed to load resource META-INF\jarjar\metadata.json from fmlcore-1.20.1-47.4.13.jar, it does not contain dependency information.
[21янв.2026 16:34:41.379] [main/DEBUG] [net.minecraftforge.fml.loading.moddiscovery.AbstractJarFileDependencyLocator/]: Failed to load resource META-INF\jarjar\metadata.json from lowcodelanguage-1.20.1-47.4.13.jar, it does not contain dependency information.
[21янв.2026 16:34:41.426] [main/DEBUG] [net.minecraftforge.fml.loading.moddiscovery.ModFileParser/LOADING]: Considering mod file candidate 
[21янв.2026 16:34:41.427] [main/DEBUG] [net.minecraftforge.fml.loading.moddiscovery.ModFileInfo/LOADING]: Found valid mod file additionalentityattributes-forge-1.4.0.5+1.20.1.jar with {additionalentityattributes} mods - versions {1.4.0.5+1.20.1}
[21янв.2026 16:34:41.432] [main/DEBUG] [net.minecraftforge.fml.loading.moddiscovery.ModFileParser/LOADING]: Considering mod file candidate 
[21янв.2026 16:34:41.432] [main/DEBUG] [net.minecraftforge.fml.loading.moddiscovery.ModFileInfo/LOADING]: Found valid mod file calio-forge-1.20.1-1.11.0.5.jar with {calio} mods - versions {1.20.1-1.11.0.5}
[21янв.2026 16:34:41.452] [main/DEBUG] [net.minecraftforge.fml.loading.moddiscovery.ModFileParser/LOADING]: Considering mod file candidate 
[21янв.2026 16:34:41.453] [main/DEBUG] [net.minecraftforge.fml.loading.moddiscovery.ModFileInfo/LOADING]: Found valid mod file apoli-forge-1.20.1-2.9.0.8.jar with {apoli} mods - versions {1.20.1-2.9.0.8}
[21янв.2026 16:34:41.456] [main/DEBUG] [net.minecraftforge.fml.loading.moddiscovery.ModFileParser/LOADING]: Considering mod file candidate 
[21янв.2026 16:34:41.456] [main/DEBUG] [net.minecraftforge.fml.loading.moddiscovery.ModFileInfo/LOADING]: Found valid mod file mixinextras-forge-0.2.0-beta.8.jar with {mixinextras} mods - versions {0.2.0-beta.8}
[21янв.2026 16:34:41.456] [main/DEBUG] [net.minecraftforge.fml.loading.moddiscovery.AbstractJarFileDependencyLocator/]: Failed to load resource META-INF\jarjar\metadata.json from calio-forge-1.20.1-1.11.0.5.jar, it does not contain dependency information.
[21янв.2026 16:34:41.456] [main/DEBUG] [net.minecraftforge.fml.loading.moddiscovery.AbstractJarFileDependencyLocator/]: Failed to load resource META-INF\jarjar\metadata.json from apoli-forge-1.20.1-2.9.0.8.jar, it does not contain dependency information.
[21янв.2026 16:34:41.460] [main/DEBUG] [net.minecraftforge.fml.loading.moddiscovery.AbstractJarFileDependencyLocator/]: Failed to load resource META-INF\jarjar\metadata.json from MixinExtras-0.2.0-beta.8.jar, it does not contain dependency information.
[21янв.2026 16:34:41.484] [main/DEBUG] [net.minecraftforge.fml.loading.moddiscovery.ModFileParser/LOADING]: Considering mod file candidate 
[21янв.2026 16:34:41.484] [main/DEBUG] [net.minecraftforge.fml.loading.moddiscovery.ModFileInfo/LOADING]: Found valid mod file additionalentityattributes-forge-1.4.0.5+1.20.1.jar with {additionalentityattributes} mods - versions {1.4.0.5+1.20.1}
[21янв.2026 16:34:41.498] [main/DEBUG] [net.minecraftforge.fml.loading.moddiscovery.ModFileParser/LOADING]: Considering mod file candidate 
[21янв.2026 16:34:41.499] [main/DEBUG] [net.minecraftforge.fml.loading.moddiscovery.ModFileInfo/LOADING]: Found valid mod file apoli-forge-1.20.1-2.9.0.8.jar with {apoli} mods - versions {1.20.1-2.9.0.8}
[21янв.2026 16:34:41.500] [main/DEBUG] [net.minecraftforge.fml.loading.moddiscovery.ModFileParser/LOADING]: Considering mod file candidate 
[21янв.2026 16:34:41.500] [main/DEBUG] [net.minecraftforge.fml.loading.moddiscovery.ModFileInfo/LOADING]: Found valid mod file mixinextras-forge-0.2.0-beta.8.jar with {mixinextras} mods - versions {0.2.0-beta.8}
[21янв.2026 16:34:41.502] [main/DEBUG] [net.minecraftforge.fml.loading.moddiscovery.ModFileParser/LOADING]: Considering mod file candidate 
[21янв.2026 16:34:41.503] [main/DEBUG] [net.minecraftforge.fml.loading.moddiscovery.ModFileInfo/LOADING]: Found valid mod file calio-forge-1.20.1-1.11.0.5.jar with {calio} mods - versions {1.20.1-1.11.0.5}
[21янв.2026 16:34:41.504] [main/INFO] [net.minecraftforge.fml.loading.moddiscovery.JarInJarDependencyLocator/]: Found 5 dependencies adding them to mods collection
[21янв.2026 16:34:41.506] [main/DEBUG] [net.minecraftforge.fml.loading.moddiscovery.ModFileInfo/LOADING]: Found valid mod file forge-1.20.1-47.4.13_mapped_official_1.20.1.jar with {minecraft} mods - versions {1.20.1}
[21янв.2026 16:34:41.507] [main/DEBUG] [net.minecraftforge.fml.loading.moddiscovery.ModFile/LOADING]: Loading mod file C:\Users\Елена\.gradle\caches\forge_gradle\minecraft_user_repo\net\minecraftforge\forge\1.20.1-47.4.13_mapped_official_1.20.1\forge-1.20.1-47.4.13_mapped_official_1.20.1.jar with languages [LanguageSpec[languageName=minecraft, acceptedVersions=1]]
[21янв.2026 16:34:41.508] [main/DEBUG] [net.minecraftforge.fml.loading.moddiscovery.ModFileParser/LOADING]: Considering mod file candidate 
[21янв.2026 16:34:41.508] [main/DEBUG] [net.minecraftforge.fml.loading.moddiscovery.ModFileInfo/LOADING]: Found valid mod file calio-forge-1.20.1-1.11.0.5.jar with {calio} mods - versions {1.20.1-1.11.0.5}
[21янв.2026 16:34:41.509] [main/DEBUG] [net.minecraftforge.fml.loading.moddiscovery.ModFile/LOADING]: Loading mod file  with languages [LanguageSpec[languageName=javafml, acceptedVersions=[47,)]]
[21янв.2026 16:34:41.510] [main/DEBUG] [net.minecraftforge.fml.loading.moddiscovery.ModFileParser/LOADING]: Found coremod accessors with Javascript path coremods/accessors.js
[21янв.2026 16:34:41.510] [main/DEBUG] [net.minecraftforge.fml.loading.moddiscovery.ModFileParser/LOADING]: Found coremod tooltip with Javascript path coremods/tooltip.js
[21янв.2026 16:34:41.510] [main/DEBUG] [net.minecraftforge.fml.loading.moddiscovery.ModFile/LOADING]: Found coremod coremods/accessors.js
[21янв.2026 16:34:41.510] [main/DEBUG] [net.minecraftforge.fml.loading.moddiscovery.ModFile/LOADING]: Found coremod coremods/tooltip.js
[21янв.2026 16:34:41.510] [main/DEBUG] [net.minecraftforge.fml.loading.moddiscovery.ModFileParser/LOADING]: Considering mod file candidate C:\Users\Елена\.gradle\caches\forge_gradle\deobf_dependencies\curse\maven\caelus-308989\5281700_mapped_official_1.20.1\caelus-308989-5281700_mapped_official_1.20.1.jar
[21янв.2026 16:34:41.511] [main/DEBUG] [net.minecraftforge.fml.loading.moddiscovery.ModFileInfo/LOADING]: Found valid mod file caelus-308989-5281700_mapped_official_1.20.1.jar with {caelus} mods - versions {3.2.0+1.20.1}
[21янв.2026 16:34:41.511] [main/DEBUG] [net.minecraftforge.fml.loading.moddiscovery.ModFile/LOADING]: Loading mod file C:\Users\Елена\.gradle\caches\forge_gradle\deobf_dependencies\curse\maven\caelus-308989\5281700_mapped_official_1.20.1\caelus-308989-5281700_mapped_official_1.20.1.jar with languages [LanguageSpec[languageName=javafml, acceptedVersions=[46,)]]
[21янв.2026 16:34:41.511] [main/DEBUG] [net.minecraftforge.fml.loading.moddiscovery.ModFileParser/LOADING]: Considering mod file candidate C:\Users\Елена\.gradle\caches\forge_gradle\deobf_dependencies\curse\maven\fluffy-fur-1097456\7361893_mapped_official_1.20.1\fluffy-fur-1097456-7361893_mapped_official_1.20.1.jar
[21янв.2026 16:34:41.512] [main/DEBUG] [net.minecraftforge.fml.loading.moddiscovery.ModFileInfo/LOADING]: Found valid mod file fluffy-fur-1097456-7361893_mapped_official_1.20.1.jar with {fluffy_fur} mods - versions {1.20.1-0.2.4}
[21янв.2026 16:34:41.512] [main/DEBUG] [net.minecraftforge.fml.loading.moddiscovery.ModFile/LOADING]: Loading mod file C:\Users\Елена\.gradle\caches\forge_gradle\deobf_dependencies\curse\maven\fluffy-fur-1097456\7361893_mapped_official_1.20.1\fluffy-fur-1097456-7361893_mapped_official_1.20.1.jar with languages [LanguageSpec[languageName=javafml, acceptedVersions=[47,)]]
[21янв.2026 16:34:41.512] [main/DEBUG] [net.minecraftforge.fml.loading.moddiscovery.ModFileParser/LOADING]: Considering mod file candidate 
[21янв.2026 16:34:41.512] [main/DEBUG] [net.minecraftforge.fml.loading.moddiscovery.ModFileInfo/LOADING]: Found valid mod file apoli-forge-1.20.1-2.9.0.8.jar with {apoli} mods - versions {1.20.1-2.9.0.8}
[21янв.2026 16:34:41.513] [main/DEBUG] [net.minecraftforge.fml.loading.moddiscovery.ModFile/LOADING]: Loading mod file  with languages [LanguageSpec[languageName=javafml, acceptedVersions=[47,)]]
[21янв.2026 16:34:41.513] [main/DEBUG] [net.minecraftforge.fml.loading.moddiscovery.ModFileParser/LOADING]: Found coremod prevent_armor_equip with Javascript path coremods/apoli.js
[21янв.2026 16:34:41.513] [main/DEBUG] [net.minecraftforge.fml.loading.moddiscovery.ModFile/LOADING]: Found coremod coremods/apoli.js
[21янв.2026 16:34:41.513] [main/DEBUG] [net.minecraftforge.fml.loading.moddiscovery.ModFileParser/LOADING]: Considering mod file candidate C:\Users\Елена\IdeaProjects\eidolon_origins\build\resources\main
[21янв.2026 16:34:41.515] [main/DEBUG] [net.minecraftforge.fml.loading.moddiscovery.ModFileInfo/LOADING]: Found valid mod file main with {eidolon_origins} mods - versions {1.0}
[21янв.2026 16:34:41.515] [main/DEBUG] [net.minecraftforge.fml.loading.moddiscovery.ModFile/LOADING]: Loading mod file C:\Users\Елена\IdeaProjects\eidolon_origins\build\resources\main with languages [LanguageSpec[languageName=javafml, acceptedVersions=[47,)]]
[21янв.2026 16:34:41.515] [main/DEBUG] [net.minecraftforge.fml.loading.moddiscovery.ModFileParser/LOADING]: Considering mod file candidate /
[21янв.2026 16:34:41.515] [main/DEBUG] [net.minecraftforge.fml.loading.moddiscovery.ModFileInfo/LOADING]: Found valid mod file  with {forge} mods - versions {47.4.13}
[21янв.2026 16:34:41.516] [main/DEBUG] [net.minecraftforge.fml.loading.moddiscovery.ModFile/LOADING]: Loading mod file / with languages [LanguageSpec[languageName=javafml, acceptedVersions=[24,]]]
[21янв.2026 16:34:41.516] [main/DEBUG] [net.minecraftforge.fml.loading.moddiscovery.ModFileParser/LOADING]: Found coremod field_to_method with Javascript path coremods/field_to_method.js
[21янв.2026 16:34:41.516] [main/DEBUG] [net.minecraftforge.fml.loading.moddiscovery.ModFileParser/LOADING]: Found coremod field_to_instanceof with Javascript path coremods/field_to_instanceof.js
[21янв.2026 16:34:41.516] [main/DEBUG] [net.minecraftforge.fml.loading.moddiscovery.ModFileParser/LOADING]: Found coremod add_bouncer_method with Javascript path coremods/add_bouncer_method.js
[21янв.2026 16:34:41.516] [main/DEBUG] [net.minecraftforge.fml.loading.moddiscovery.ModFileParser/LOADING]: Found coremod method_redirector with Javascript path coremods/method_redirector.js
[21янв.2026 16:34:41.516] [main/DEBUG] [net.minecraftforge.fml.loading.moddiscovery.ModFile/LOADING]: Found coremod coremods/field_to_method.js
[21янв.2026 16:34:41.517] [main/DEBUG] [net.minecraftforge.fml.loading.moddiscovery.ModFile/LOADING]: Found coremod coremods/field_to_instanceof.js
[21янв.2026 16:34:41.517] [main/DEBUG] [net.minecraftforge.fml.loading.moddiscovery.ModFile/LOADING]: Found coremod coremods/add_bouncer_method.js
[21янв.2026 16:34:41.517] [main/DEBUG] [net.minecraftforge.fml.loading.moddiscovery.ModFile/LOADING]: Found coremod coremods/method_redirector.js
[21янв.2026 16:34:41.517] [main/DEBUG] [net.minecraftforge.fml.loading.moddiscovery.ModFileParser/LOADING]: Considering mod file candidate C:\Users\Елена\.gradle\caches\forge_gradle\deobf_dependencies\lib\curios-forge\5.14.1+1.20.1_mapped_official_1.20.1\curios-forge-5.14.1+1.20.1_mapped_official_1.20.1.jar
[21янв.2026 16:34:41.517] [main/DEBUG] [net.minecraftforge.fml.loading.moddiscovery.ModFileInfo/LOADING]: Found valid mod file curios-forge-5.14.1+1.20.1_mapped_official_1.20.1.jar with {curios} mods - versions {5.14.1+1.20.1}
[21янв.2026 16:34:41.517] [main/DEBUG] [net.minecraftforge.fml.loading.moddiscovery.ModFile/LOADING]: Loading mod file C:\Users\Елена\.gradle\caches\forge_gradle\deobf_dependencies\lib\curios-forge\5.14.1+1.20.1_mapped_official_1.20.1\curios-forge-5.14.1+1.20.1_mapped_official_1.20.1.jar with languages [LanguageSpec[languageName=javafml, acceptedVersions=[41,)]]
[21янв.2026 16:34:41.518] [main/DEBUG] [net.minecraftforge.fml.loading.moddiscovery.ModFileParser/LOADING]: Considering mod file candidate 
[21янв.2026 16:34:41.518] [main/DEBUG] [net.minecraftforge.fml.loading.moddiscovery.ModFileInfo/LOADING]: Found valid mod file additionalentityattributes-forge-1.4.0.5+1.20.1.jar with {additionalentityattributes} mods - versions {1.4.0.5+1.20.1}
[21янв.2026 16:34:41.518] [main/DEBUG] [net.minecraftforge.fml.loading.moddiscovery.ModFile/LOADING]: Loading mod file  with languages [LanguageSpec[languageName=javafml, acceptedVersions=[41,)]]
[21янв.2026 16:34:41.518] [main/DEBUG] [net.minecraftforge.fml.loading.moddiscovery.ModFileParser/LOADING]: Found coremod aea_water_speed with Javascript path coremods/aea_water_speed.js
[21янв.2026 16:34:41.518] [main/DEBUG] [net.minecraftforge.fml.loading.moddiscovery.ModFile/LOADING]: Found coremod coremods/aea_water_speed.js
[21янв.2026 16:34:41.519] [main/DEBUG] [net.minecraftforge.fml.loading.moddiscovery.ModFileParser/LOADING]: Considering mod file candidate C:\Users\Елена\.gradle\caches\forge_gradle\deobf_dependencies\curse\maven\origins-forge-474438\5314209_mapped_official_1.20.1\origins-forge-474438-5314209_mapped_official_1.20.1.jar
[21янв.2026 16:34:41.519] [main/DEBUG] [net.minecraftforge.fml.loading.moddiscovery.ModFileInfo/LOADING]: Found valid mod file origins-forge-474438-5314209_mapped_official_1.20.1.jar with {origins} mods - versions {1.20.1-1.10.0.9}
[21янв.2026 16:34:41.519] [main/DEBUG] [net.minecraftforge.fml.loading.moddiscovery.ModFile/LOADING]: Loading mod file C:\Users\Елена\.gradle\caches\forge_gradle\deobf_dependencies\curse\maven\origins-forge-474438\5314209_mapped_official_1.20.1\origins-forge-474438-5314209_mapped_official_1.20.1.jar with languages [LanguageSpec[languageName=javafml, acceptedVersions=[47,)]]
[21янв.2026 16:34:41.519] [main/DEBUG] [net.minecraftforge.fml.loading.moddiscovery.ModFileParser/LOADING]: Considering mod file candidate C:\Users\Елена\.gradle\caches\forge_gradle\deobf_dependencies\lib\eidolon_repraised-1.20.1\0.3.9.6_mapped_official_1.20.1\eidolon_repraised-1.20.1-0.3.9.6_mapped_official_1.20.1.jar
[21янв.2026 16:34:41.520] [main/DEBUG] [net.minecraftforge.fml.loading.moddiscovery.ModFileInfo/LOADING]: Found valid mod file eidolon_repraised-1.20.1-0.3.9.6_mapped_official_1.20.1.jar with {eidolon} mods - versions {0.3.9.6}
[21янв.2026 16:34:41.520] [main/DEBUG] [net.minecraftforge.fml.loading.moddiscovery.ModFile/LOADING]: Loading mod file C:\Users\Елена\.gradle\caches\forge_gradle\deobf_dependencies\lib\eidolon_repraised-1.20.1\0.3.9.6_mapped_official_1.20.1\eidolon_repraised-1.20.1-0.3.9.6_mapped_official_1.20.1.jar with languages [LanguageSpec[languageName=javafml, acceptedVersions=[42,)]]
[21янв.2026 16:34:41.520] [main/DEBUG] [net.minecraftforge.fml.loading.moddiscovery.ModFile/LOADING]: Loading mod file  with languages []
[21янв.2026 16:34:41.520] [main/DEBUG] [net.minecraftforge.fml.loading.moddiscovery.ModFileParser/LOADING]: Considering mod file candidate 
[21янв.2026 16:34:41.520] [main/DEBUG] [net.minecraftforge.fml.loading.moddiscovery.ModFileInfo/LOADING]: Found valid mod file mixinextras-forge-0.2.0-beta.8.jar with {mixinextras} mods - versions {0.2.0-beta.8}
[21янв.2026 16:34:41.521] [main/DEBUG] [net.minecraftforge.fml.loading.moddiscovery.ModFile/LOADING]: Loading mod file  with languages [LanguageSpec[languageName=javafml, acceptedVersions=*]]
[21янв.2026 16:34:41.521] [main/DEBUG] [net.minecraftforge.fml.loading.moddiscovery.ModFile/LOADING]: Loading mod file  with languages []
[21янв.2026 16:34:41.521] [main/DEBUG] [net.minecraftforge.fml.loading.moddiscovery.ModFileParser/LOADING]: Considering mod file candidate 
[21янв.2026 16:34:41.521] [main/DEBUG] [net.minecraftforge.fml.loading.moddiscovery.ModFileInfo/LOADING]: Found valid mod file mixinextras-forge-0.2.0-beta.8.jar with {mixinextras} mods - versions {0.2.0-beta.8}
[21янв.2026 16:34:41.521] [main/DEBUG] [net.minecraftforge.fml.loading.moddiscovery.ModFile/LOADING]: Loading mod file  with languages [LanguageSpec[languageName=javafml, acceptedVersions=*]]
[21янв.2026 16:34:41.522] [main/DEBUG] [cpw.mods.modlauncher.TransformationServiceDecorator/MODLAUNCHER]: End scan trigger - transformation service fml
[21янв.2026 16:34:41.529] [main/DEBUG] [net.minecraftforge.fml.loading.LanguageLoadingProvider/CORE]: Found 3 language providers
[21янв.2026 16:34:41.530] [main/DEBUG] [net.minecraftforge.fml.loading.LanguageLoadingProvider/CORE]: Found language provider minecraft, version 1.0
[21янв.2026 16:34:41.530] [main/DEBUG] [net.minecraftforge.fml.loading.LanguageLoadingProvider/CORE]: Found language provider lowcodefml, version 47
[21янв.2026 16:34:41.530] [main/DEBUG] [net.minecraftforge.fml.loading.LanguageLoadingProvider/CORE]: Found language provider javafml, version 47
[21янв.2026 16:34:41.533] [main/DEBUG] [net.minecraftforge.fml.loading.UniqueModListBuilder/]: Found 2 mods for first modid MixinExtras.beta._8, selecting most recent based on version data
[21янв.2026 16:34:41.533] [main/DEBUG] [net.minecraftforge.fml.loading.UniqueModListBuilder/]: Selected file MixinExtras-0.2.0-beta.8.jar for modid MixinExtras.beta._8 with version 0.0NONE
[21янв.2026 16:34:41.533] [main/DEBUG] [net.minecraftforge.fml.loading.UniqueModListBuilder/]: Found 2 mods for first modid mixinextras, selecting most recent based on version data
[21янв.2026 16:34:41.533] [main/DEBUG] [net.minecraftforge.fml.loading.UniqueModListBuilder/]: Selected file mixinextras-forge-0.2.0-beta.8.jar for modid mixinextras with version 0.2.0-beta.8
[21янв.2026 16:34:41.534] [main/DEBUG] [net.minecraftforge.fml.loading.ModSorter/]: Configured system mods: [minecraft, forge]
[21янв.2026 16:34:41.534] [main/DEBUG] [net.minecraftforge.fml.loading.ModSorter/]: Found system mod: minecraft
[21янв.2026 16:34:41.534] [main/DEBUG] [net.minecraftforge.fml.loading.ModSorter/]: Found system mod: forge
[21янв.2026 16:34:41.536] [main/DEBUG] [net.minecraftforge.fml.loading.ModSorter/LOADING]: Found 23 mod requirements (21 mandatory, 2 optional)
[21янв.2026 16:34:41.537] [main/DEBUG] [net.minecraftforge.fml.loading.ModSorter/LOADING]: Found 0 mod requirements missing (0 mandatory, 0 optional)
[21янв.2026 16:34:41.874] [main/DEBUG] [net.minecraftforge.fml.loading.MCPNamingService/CORE]: Loaded 33222 method mappings from methods.csv
[21янв.2026 16:34:41.899] [main/DEBUG] [net.minecraftforge.fml.loading.MCPNamingService/CORE]: Loaded 31003 field mappings from fields.csv
[21янв.2026 16:34:41.952] [main/DEBUG] [cpw.mods.modlauncher.TransformationServicesHandler/MODLAUNCHER]: Transformation services loading transformers
[21янв.2026 16:34:41.952] [main/DEBUG] [cpw.mods.modlauncher.TransformationServiceDecorator/MODLAUNCHER]: Initializing transformers for transformation service mixin
[21янв.2026 16:34:41.953] [main/DEBUG] [cpw.mods.modlauncher.TransformationServiceDecorator/MODLAUNCHER]: Initialized transformers for transformation service mixin
[21янв.2026 16:34:41.953] [main/DEBUG] [cpw.mods.modlauncher.TransformationServiceDecorator/MODLAUNCHER]: Initializing transformers for transformation service fml
[21янв.2026 16:34:41.953] [main/DEBUG] [net.minecraftforge.fml.loading.FMLServiceProvider/CORE]: Loading coremod transformers
[21янв.2026 16:34:41.953] [main/DEBUG] [net.minecraftforge.coremod.CoreModEngine/COREMOD]: Loading CoreMod from coremods/aea_water_speed.js
[21янв.2026 16:34:42.091] [main/DEBUG] [net.minecraftforge.coremod.CoreModEngine/COREMOD]: CoreMod loaded successfully
[21янв.2026 16:34:42.091] [main/DEBUG] [net.minecraftforge.coremod.CoreModEngine/COREMOD]: Loading CoreMod from coremods/accessors.js
[21янв.2026 16:34:42.104] [main/DEBUG] [net.minecraftforge.coremod.CoreModEngine/COREMOD]: CoreMod loaded successfully
[21янв.2026 16:34:42.104] [main/DEBUG] [net.minecraftforge.coremod.CoreModEngine/COREMOD]: Loading CoreMod from coremods/tooltip.js
[21янв.2026 16:34:42.142] [main/DEBUG] [net.minecraftforge.coremod.CoreModEngine/COREMOD]: CoreMod loaded successfully
[21янв.2026 16:34:42.143] [main/DEBUG] [net.minecraftforge.coremod.CoreModEngine/COREMOD]: Loading CoreMod from coremods/field_to_method.js
[21янв.2026 16:34:42.157] [main/DEBUG] [net.minecraftforge.coremod.CoreModEngine/COREMOD]: CoreMod loaded successfully
[21янв.2026 16:34:42.157] [main/DEBUG] [net.minecraftforge.coremod.CoreModEngine/COREMOD]: Loading CoreMod from coremods/field_to_instanceof.js
[21янв.2026 16:34:42.179] [main/DEBUG] [net.minecraftforge.coremod.CoreModEngine/COREMOD]: CoreMod loaded successfully
[21янв.2026 16:34:42.180] [main/DEBUG] [net.minecraftforge.coremod.CoreModEngine/COREMOD]: Loading CoreMod from coremods/add_bouncer_method.js
[21янв.2026 16:34:42.198] [main/DEBUG] [net.minecraftforge.coremod.CoreModEngine/COREMOD]: CoreMod loaded successfully
[21янв.2026 16:34:42.198] [main/DEBUG] [net.minecraftforge.coremod.CoreModEngine/COREMOD]: Loading CoreMod from coremods/method_redirector.js
[21янв.2026 16:34:42.237] [main/DEBUG] [net.minecraftforge.coremod.CoreModEngine/COREMOD]: CoreMod loaded successfully
[21янв.2026 16:34:42.237] [main/DEBUG] [net.minecraftforge.coremod.CoreModEngine/COREMOD]: Loading CoreMod from coremods/apoli.js
[21янв.2026 16:34:42.254] [main/DEBUG] [net.minecraftforge.coremod.CoreModEngine/COREMOD]: CoreMod loaded successfully
[21янв.2026 16:34:42.264] [main/DEBUG] [cpw.mods.modlauncher.TransformStore/MODLAUNCHER]: Adding transformer net.minecraftforge.coremod.transformer.CoreModClassTransformer@70721c12 to Target : CLASS {Lnet/minecraft/client/gui/screens/inventory/AbstractContainerScreen;} {} {V}
[21янв.2026 16:34:42.265] [main/DEBUG] [cpw.mods.modlauncher.TransformStore/MODLAUNCHER]: Adding transformer net.minecraftforge.coremod.transformer.CoreModClassTransformer@13e5d243 to Target : CLASS {Lnet/minecraft/world/level/biome/Biome;} {} {V}
[21янв.2026 16:34:42.265] [main/DEBUG] [cpw.mods.modlauncher.TransformStore/MODLAUNCHER]: Adding transformer net.minecraftforge.coremod.transformer.CoreModClassTransformer@35ef439e to Target : CLASS {Lnet/minecraft/world/level/levelgen/structure/Structure;} {} {V}
[21янв.2026 16:34:42.266] [main/DEBUG] [cpw.mods.modlauncher.TransformStore/MODLAUNCHER]: Adding transformer net.minecraftforge.coremod.transformer.CoreModClassTransformer@4997552e to Target : CLASS {Lnet/minecraft/world/effect/MobEffectInstance;} {} {V}
[21янв.2026 16:34:42.266] [main/DEBUG] [cpw.mods.modlauncher.TransformStore/MODLAUNCHER]: Adding transformer net.minecraftforge.coremod.transformer.CoreModClassTransformer@7bcecef6 to Target : CLASS {Lnet/minecraft/world/level/block/LiquidBlock;} {} {V}
[21янв.2026 16:34:42.266] [main/DEBUG] [cpw.mods.modlauncher.TransformStore/MODLAUNCHER]: Adding transformer net.minecraftforge.coremod.transformer.CoreModClassTransformer@46046c06 to Target : CLASS {Lnet/minecraft/world/item/BucketItem;} {} {V}
[21янв.2026 16:34:42.266] [main/DEBUG] [cpw.mods.modlauncher.TransformStore/MODLAUNCHER]: Adding transformer net.minecraftforge.coremod.transformer.CoreModClassTransformer@93824eb to Target : CLASS {Lnet/minecraft/world/level/block/StairBlock;} {} {V}
[21янв.2026 16:34:42.266] [main/DEBUG] [cpw.mods.modlauncher.TransformStore/MODLAUNCHER]: Adding transformer net.minecraftforge.coremod.transformer.CoreModClassTransformer@7af52ec7 to Target : CLASS {Lnet/minecraft/world/level/block/FlowerPotBlock;} {} {V}
[21янв.2026 16:34:42.266] [main/DEBUG] [cpw.mods.modlauncher.TransformStore/MODLAUNCHER]: Adding transformer net.minecraftforge.coremod.transformer.CoreModClassTransformer@77c1e611 to Target : CLASS {Lnet/minecraft/world/item/ItemStack;} {} {V}
[21янв.2026 16:34:42.266] [main/DEBUG] [cpw.mods.modlauncher.TransformStore/MODLAUNCHER]: Adding transformer net.minecraftforge.coremod.transformer.CoreModClassTransformer@12c0c0b3 to Target : CLASS {Lnet/minecraft/network/play/client/CClientSettingsPacket;} {} {V}
[21янв.2026 16:34:42.266] [main/DEBUG] [cpw.mods.modlauncher.TransformStore/MODLAUNCHER]: Adding transformer net.minecraftforge.coremod.transformer.CoreModClassTransformer@5a97b17c to Target : CLASS {Lnet/minecraft/world/level/levelgen/PhantomSpawner;} {} {V}
[21янв.2026 16:34:42.266] [main/DEBUG] [cpw.mods.modlauncher.TransformStore/MODLAUNCHER]: Adding transformer net.minecraftforge.coremod.transformer.CoreModClassTransformer@5a97b17c to Target : CLASS {Lnet/minecraft/world/level/levelgen/structure/templatesystem/StructureTemplate;} {} {V}
[21янв.2026 16:34:42.267] [main/DEBUG] [cpw.mods.modlauncher.TransformStore/MODLAUNCHER]: Adding transformer net.minecraftforge.coremod.transformer.CoreModClassTransformer@5a97b17c to Target : CLASS {Lnet/minecraft/world/entity/monster/Evoker$EvokerSummonSpellGoal;} {} {V}
[21янв.2026 16:34:42.267] [main/DEBUG] [cpw.mods.modlauncher.TransformStore/MODLAUNCHER]: Adding transformer net.minecraftforge.coremod.transformer.CoreModClassTransformer@5a97b17c to Target : CLASS {Lnet/minecraft/world/level/levelgen/structure/structures/SwampHutPiece;} {} {V}
[21янв.2026 16:34:42.267] [main/DEBUG] [cpw.mods.modlauncher.TransformStore/MODLAUNCHER]: Adding transformer net.minecraftforge.coremod.transformer.CoreModClassTransformer@5a97b17c to Target : CLASS {Lnet/minecraft/server/commands/RaidCommand;} {} {V}
[21янв.2026 16:34:42.267] [main/DEBUG] [cpw.mods.modlauncher.TransformStore/MODLAUNCHER]: Adding transformer net.minecraftforge.coremod.transformer.CoreModClassTransformer@5a97b17c to Target : CLASS {Lnet/minecraft/world/entity/EntityType;} {} {V}
[21янв.2026 16:34:42.267] [main/DEBUG] [cpw.mods.modlauncher.TransformStore/MODLAUNCHER]: Adding transformer net.minecraftforge.coremod.transformer.CoreModClassTransformer@5a97b17c to Target : CLASS {Lnet/minecraft/world/level/NaturalSpawner;} {} {V}
[21янв.2026 16:34:42.267] [main/DEBUG] [cpw.mods.modlauncher.TransformStore/MODLAUNCHER]: Adding transformer net.minecraftforge.coremod.transformer.CoreModClassTransformer@5a97b17c to Target : CLASS {Lnet/minecraft/world/entity/monster/Spider;} {} {V}
[21янв.2026 16:34:42.267] [main/DEBUG] [cpw.mods.modlauncher.TransformStore/MODLAUNCHER]: Adding transformer net.minecraftforge.coremod.transformer.CoreModClassTransformer@5a97b17c to Target : CLASS {Lnet/minecraft/server/commands/SummonCommand;} {} {V}
[21янв.2026 16:34:42.267] [main/DEBUG] [cpw.mods.modlauncher.TransformStore/MODLAUNCHER]: Adding transformer net.minecraftforge.coremod.transformer.CoreModClassTransformer@5a97b17c to Target : CLASS {Lnet/minecraft/world/entity/monster/ZombieVillager;} {} {V}
[21янв.2026 16:34:42.267] [main/DEBUG] [cpw.mods.modlauncher.TransformStore/MODLAUNCHER]: Adding transformer net.minecraftforge.coremod.transformer.CoreModClassTransformer@5a97b17c to Target : CLASS {Lnet/minecraft/world/entity/animal/horse/SkeletonTrapGoal;} {} {V}
[21янв.2026 16:34:42.267] [main/DEBUG] [cpw.mods.modlauncher.TransformStore/MODLAUNCHER]: Adding transformer net.minecraftforge.coremod.transformer.CoreModClassTransformer@5a97b17c to Target : CLASS {Lnet/minecraft/world/level/levelgen/PatrolSpawner;} {} {V}
[21янв.2026 16:34:42.268] [main/DEBUG] [cpw.mods.modlauncher.TransformStore/MODLAUNCHER]: Adding transformer net.minecraftforge.coremod.transformer.CoreModClassTransformer@5a97b17c to Target : CLASS {Lnet/minecraft/world/entity/animal/frog/Tadpole;} {} {V}
[21янв.2026 16:34:42.268] [main/DEBUG] [cpw.mods.modlauncher.TransformStore/MODLAUNCHER]: Adding transformer net.minecraftforge.coremod.transformer.CoreModClassTransformer@5a97b17c to Target : CLASS {Lnet/minecraft/world/entity/raid/Raid;} {} {V}
[21янв.2026 16:34:42.268] [main/DEBUG] [cpw.mods.modlauncher.TransformStore/MODLAUNCHER]: Adding transformer net.minecraftforge.coremod.transformer.CoreModClassTransformer@5a97b17c to Target : CLASS {Lnet/minecraft/world/entity/monster/Strider;} {} {V}
[21янв.2026 16:34:42.268] [main/DEBUG] [cpw.mods.modlauncher.TransformStore/MODLAUNCHER]: Adding transformer net.minecraftforge.coremod.transformer.CoreModClassTransformer@5a97b17c to Target : CLASS {Lnet/minecraft/world/entity/ai/village/VillageSiege;} {} {V}
[21янв.2026 16:34:42.268] [main/DEBUG] [cpw.mods.modlauncher.TransformStore/MODLAUNCHER]: Adding transformer net.minecraftforge.coremod.transformer.CoreModClassTransformer@5a97b17c to Target : CLASS {Lnet/minecraft/world/level/levelgen/structure/structures/OceanMonumentPieces$OceanMonumentPiece;} {} {V}
[21янв.2026 16:34:42.268] [main/DEBUG] [cpw.mods.modlauncher.TransformStore/MODLAUNCHER]: Adding transformer net.minecraftforge.coremod.transformer.CoreModClassTransformer@5a97b17c to Target : CLASS {Lnet/minecraft/world/entity/npc/Villager;} {} {V}
[21янв.2026 16:34:42.268] [main/DEBUG] [cpw.mods.modlauncher.TransformStore/MODLAUNCHER]: Adding transformer net.minecraftforge.coremod.transformer.CoreModClassTransformer@5a97b17c to Target : CLASS {Lnet/minecraft/world/level/levelgen/structure/structures/OceanRuinPieces$OceanRuinPiece;} {} {V}
[21янв.2026 16:34:42.268] [main/DEBUG] [cpw.mods.modlauncher.TransformStore/MODLAUNCHER]: Adding transformer net.minecraftforge.coremod.transformer.CoreModClassTransformer@5a97b17c to Target : CLASS {Lnet/minecraft/world/level/levelgen/structure/structures/WoodlandMansionPieces$WoodlandMansionPiece;} {} {V}
[21янв.2026 16:34:42.268] [main/DEBUG] [cpw.mods.modlauncher.TransformStore/MODLAUNCHER]: Adding transformer net.minecraftforge.coremod.transformer.CoreModClassTransformer@5a97b17c to Target : CLASS {Lnet/minecraft/world/entity/monster/Zombie;} {} {V}
[21янв.2026 16:34:42.268] [main/DEBUG] [cpw.mods.modlauncher.TransformStore/MODLAUNCHER]: Adding transformer net.minecraftforge.coremod.transformer.CoreModClassTransformer@5a97b17c to Target : CLASS {Lnet/minecraft/world/entity/npc/CatSpawner;} {} {V}
[21янв.2026 16:34:42.269] [main/DEBUG] [cpw.mods.modlauncher.TransformStore/MODLAUNCHER]: Adding transformer net.minecraftforge.coremod.transformer.CoreModClassTransformer@9c73fff to Target : CLASS {Lnet/minecraft/world/entity/Entity;} {} {V}
[21янв.2026 16:34:42.269] [main/DEBUG] [cpw.mods.modlauncher.TransformStore/MODLAUNCHER]: Adding transformer net.minecraftforge.coremod.transformer.CoreModMethodTransformer@659f226a to Target : METHOD {Lnet/minecraftforge/common/extensions/IForgeLivingEntity;} {jumpInFluid} {(Lnet/minecraftforge/fluids/FluidType;)V}
[21янв.2026 16:34:42.269] [main/DEBUG] [cpw.mods.modlauncher.TransformStore/MODLAUNCHER]: Adding transformer net.minecraftforge.coremod.transformer.CoreModMethodTransformer@2e463f4 to Target : METHOD {Lnet/minecraftforge/common/extensions/IForgeLivingEntity;} {sinkInFluid} {(Lnet/minecraftforge/fluids/FluidType;)V}
[21янв.2026 16:34:42.269] [main/DEBUG] [cpw.mods.modlauncher.TransformStore/MODLAUNCHER]: Adding transformer net.minecraftforge.coremod.transformer.CoreModMethodTransformer@32ec9c90 to Target : METHOD {Lnet/minecraftforge/common/extensions/IForgeItemStack;} {getHighlightTip} {(Lnet/minecraft/network/chat/Component;)Lnet/minecraft/network/chat/Component;}
[21янв.2026 16:34:42.269] [main/DEBUG] [cpw.mods.modlauncher.TransformStore/MODLAUNCHER]: Adding transformer net.minecraftforge.coremod.transformer.CoreModMethodTransformer@36ab3814 to Target : METHOD {Lnet/minecraft/world/item/ItemStack;} {resetHoverName} {()V}
[21янв.2026 16:34:42.269] [main/DEBUG] [cpw.mods.modlauncher.TransformStore/MODLAUNCHER]: Adding transformer net.minecraftforge.coremod.transformer.CoreModMethodTransformer@2abbd0d9 to Target : METHOD {Lnet/minecraftforge/common/extensions/IForgeItemStack;} {canEquip} {(Lnet/minecraft/world/entity/EquipmentSlot;Lnet/minecraft/world/entity/Entity;)Z}
[21янв.2026 16:34:42.269] [main/DEBUG] [cpw.mods.modlauncher.TransformStore/MODLAUNCHER]: Adding transformer net.minecraftforge.coremod.transformer.CoreModMethodTransformer@b61edb9 to Target : METHOD {Lnet/minecraftforge/common/extensions/IForgeItemStack;} {getFoodProperties} {(Lnet/minecraft/world/entity/LivingEntity;)Lnet/minecraft/world/food/FoodProperties;}
[21янв.2026 16:34:42.269] [main/DEBUG] [cpw.mods.modlauncher.TransformStore/MODLAUNCHER]: Adding transformer net.minecraftforge.coremod.transformer.CoreModMethodTransformer@5d3ff859 to Target : METHOD {Lnet/minecraftforge/common/extensions/IForgeBlockState;} {getFriction} {(Lnet/minecraft/world/level/LevelReader;Lnet/minecraft/core/BlockPos;Lnet/minecraft/world/entity/Entity;)F}
[21янв.2026 16:34:42.270] [main/DEBUG] [cpw.mods.modlauncher.TransformStore/MODLAUNCHER]: Adding transformer net.minecraftforge.coremod.transformer.CoreModMethodTransformer@32bb0072 to Target : METHOD {Lnet/minecraftforge/common/extensions/IForgeBlockState;} {canHarvestBlock} {(Lnet/minecraft/world/level/BlockGetter;Lnet/minecraft/core/BlockPos;Lnet/minecraft/world/entity/player/Player;)Z}
[21янв.2026 16:34:42.270] [main/DEBUG] [cpw.mods.modlauncher.TransformationServiceDecorator/MODLAUNCHER]: Initialized transformers for transformation service fml
[21янв.2026 16:34:42.689] [main/DEBUG] [mixin/]: Processing prepare() for PlatformAgent[MixinPlatformAgentDefault:ModLauncher Root Container(ModLauncher:4f56a0a2)]
[21янв.2026 16:34:42.689] [main/DEBUG] [mixin/]: Registering mixin config: eidolon_origins.mixins.json
[21янв.2026 16:34:42.699] [main/DEBUG] [mixin/]: Compatibility level JAVA_8 specified by eidolon_origins.mixins.json is lower than the default level supported by the current mixin service (JAVA_16).
[21янв.2026 16:34:42.700] [main/DEBUG] [mixin/]: Processing launch tasks for PlatformAgent[MixinPlatformAgentDefault:ModLauncher Root Container(ModLauncher:4f56a0a2)]
[21янв.2026 16:34:42.700] [main/DEBUG] [mixin/]: Adding mixin platform agents for container SecureJarResource(minecraft)
[21янв.2026 16:34:42.701] [main/DEBUG] [mixin/]: Instancing new MixinPlatformAgentMinecraftForge for SecureJarResource(minecraft)
[21янв.2026 16:34:42.701] [main/DEBUG] [mixin/]: MixinPlatformAgentMinecraftForge rejected container SecureJarResource(minecraft)
[21янв.2026 16:34:42.701] [main/DEBUG] [mixin/]: Instancing new MixinPlatformAgentDefault for SecureJarResource(minecraft)
[21янв.2026 16:34:42.701] [main/DEBUG] [mixin/]: MixinPlatformAgentDefault accepted container SecureJarResource(minecraft)
[21янв.2026 16:34:42.701] [main/DEBUG] [mixin/]: Processing prepare() for PlatformAgent[MixinPlatformAgentDefault:SecureJarResource(minecraft)]
[21янв.2026 16:34:42.701] [main/DEBUG] [mixin/]: Adding mixin platform agents for container SecureJarResource(mixinextras)
[21янв.2026 16:34:42.701] [main/DEBUG] [mixin/]: Instancing new MixinPlatformAgentMinecraftForge for SecureJarResource(mixinextras)
[21янв.2026 16:34:42.701] [main/DEBUG] [mixin/]: MixinPlatformAgentMinecraftForge rejected container SecureJarResource(mixinextras)
[21янв.2026 16:34:42.701] [main/DEBUG] [mixin/]: Instancing new MixinPlatformAgentDefault for SecureJarResource(mixinextras)
[21янв.2026 16:34:42.701] [main/DEBUG] [mixin/]: MixinPlatformAgentDefault accepted container SecureJarResource(mixinextras)
[21янв.2026 16:34:42.701] [main/DEBUG] [mixin/]: Processing prepare() for PlatformAgent[MixinPlatformAgentDefault:SecureJarResource(mixinextras)]
[21янв.2026 16:34:42.702] [main/DEBUG] [mixin/]: Registering mixin config: mixinextras.init.mixins.json
[21янв.2026 16:34:42.703] [main/DEBUG] [mixin/]: Adding mixin platform agents for container SecureJarResource(fluffy_fur)
[21янв.2026 16:34:42.703] [main/DEBUG] [mixin/]: Instancing new MixinPlatformAgentMinecraftForge for SecureJarResource(fluffy_fur)
[21янв.2026 16:34:42.704] [main/DEBUG] [mixin/]: MixinPlatformAgentMinecraftForge rejected container SecureJarResource(fluffy_fur)
[21янв.2026 16:34:42.704] [main/DEBUG] [mixin/]: Instancing new MixinPlatformAgentDefault for SecureJarResource(fluffy_fur)
[21янв.2026 16:34:42.704] [main/DEBUG] [mixin/]: MixinPlatformAgentDefault accepted container SecureJarResource(fluffy_fur)
[21янв.2026 16:34:42.704] [main/DEBUG] [mixin/]: Processing prepare() for PlatformAgent[MixinPlatformAgentDefault:SecureJarResource(fluffy_fur)]
[21янв.2026 16:34:42.704] [main/DEBUG] [mixin/]: Registering mixin config: fluffy_fur.mixins.json
[21янв.2026 16:34:42.706] [main/DEBUG] [mixin/]: Compatibility level JAVA_17 specified by fluffy_fur.mixins.json is higher than the maximum level supported by this version of mixin (JAVA_13).
[21янв.2026 16:34:42.708] [main/INFO] [mixin/]: Compatibility level set to JAVA_17
[21янв.2026 16:34:42.709] [main/DEBUG] [mixin/]: Adding mixin platform agents for container SecureJarResource(additionalentityattributes)
[21янв.2026 16:34:42.709] [main/DEBUG] [mixin/]: Instancing new MixinPlatformAgentMinecraftForge for SecureJarResource(additionalentityattributes)
[21янв.2026 16:34:42.709] [main/DEBUG] [mixin/]: MixinPlatformAgentMinecraftForge rejected container SecureJarResource(additionalentityattributes)
[21янв.2026 16:34:42.709] [main/DEBUG] [mixin/]: Instancing new MixinPlatformAgentDefault for SecureJarResource(additionalentityattributes)
[21янв.2026 16:34:42.709] [main/DEBUG] [mixin/]: MixinPlatformAgentDefault accepted container SecureJarResource(additionalentityattributes)
[21янв.2026 16:34:42.709] [main/DEBUG] [mixin/]: Processing prepare() for PlatformAgent[MixinPlatformAgentDefault:SecureJarResource(additionalentityattributes)]
[21янв.2026 16:34:42.710] [main/DEBUG] [mixin/]: Registering mixin config: additionalentityattributes.mixins.json
[21янв.2026 16:34:42.711] [main/DEBUG] [mixin/]: Adding mixin platform agents for container SecureJarResource(calio)
[21янв.2026 16:34:42.711] [main/DEBUG] [mixin/]: Instancing new MixinPlatformAgentMinecraftForge for SecureJarResource(calio)
[21янв.2026 16:34:42.711] [main/DEBUG] [mixin/]: MixinPlatformAgentMinecraftForge rejected container SecureJarResource(calio)
[21янв.2026 16:34:42.711] [main/DEBUG] [mixin/]: Instancing new MixinPlatformAgentDefault for SecureJarResource(calio)
[21янв.2026 16:34:42.712] [main/DEBUG] [mixin/]: MixinPlatformAgentDefault accepted container SecureJarResource(calio)
[21янв.2026 16:34:42.712] [main/DEBUG] [mixin/]: Processing prepare() for PlatformAgent[MixinPlatformAgentDefault:SecureJarResource(calio)]
[21янв.2026 16:34:42.712] [main/DEBUG] [mixin/]: Registering mixin config: calio.mixins.json
[21янв.2026 16:34:42.713] [main/DEBUG] [mixin/]: Adding mixin platform agents for container SecureJarResource(caelus)
[21янв.2026 16:34:42.713] [main/DEBUG] [mixin/]: Instancing new MixinPlatformAgentMinecraftForge for SecureJarResource(caelus)
[21янв.2026 16:34:42.713] [main/DEBUG] [mixin/]: MixinPlatformAgentMinecraftForge rejected container SecureJarResource(caelus)
[21янв.2026 16:34:42.713] [main/DEBUG] [mixin/]: Instancing new MixinPlatformAgentDefault for SecureJarResource(caelus)
[21янв.2026 16:34:42.713] [main/DEBUG] [mixin/]: MixinPlatformAgentDefault accepted container SecureJarResource(caelus)
[21янв.2026 16:34:42.713] [main/DEBUG] [mixin/]: Processing prepare() for PlatformAgent[MixinPlatformAgentDefault:SecureJarResource(caelus)]
[21янв.2026 16:34:42.713] [main/DEBUG] [mixin/]: Registering mixin config: caelus.mixins.json
[21янв.2026 16:34:42.715] [main/DEBUG] [mixin/]: Adding mixin platform agents for container SecureJarResource(forge)
[21янв.2026 16:34:42.715] [main/DEBUG] [mixin/]: Instancing new MixinPlatformAgentMinecraftForge for SecureJarResource(forge)
[21янв.2026 16:34:42.715] [main/DEBUG] [mixin/]: MixinPlatformAgentMinecraftForge rejected container SecureJarResource(forge)
[21янв.2026 16:34:42.715] [main/DEBUG] [mixin/]: Instancing new MixinPlatformAgentDefault for SecureJarResource(forge)
[21янв.2026 16:34:42.715] [main/DEBUG] [mixin/]: MixinPlatformAgentDefault accepted container SecureJarResource(forge)
[21янв.2026 16:34:42.715] [main/DEBUG] [mixin/]: Processing prepare() for PlatformAgent[MixinPlatformAgentDefault:SecureJarResource(forge)]
[21янв.2026 16:34:42.715] [main/DEBUG] [mixin/]: Adding mixin platform agents for container SecureJarResource(eidolon_origins)
[21янв.2026 16:34:42.715] [main/DEBUG] [mixin/]: Instancing new MixinPlatformAgentMinecraftForge for SecureJarResource(eidolon_origins)
[21янв.2026 16:34:42.715] [main/DEBUG] [mixin/]: MixinPlatformAgentMinecraftForge rejected container SecureJarResource(eidolon_origins)
[21янв.2026 16:34:42.715] [main/DEBUG] [mixin/]: Instancing new MixinPlatformAgentDefault for SecureJarResource(eidolon_origins)
[21янв.2026 16:34:42.715] [main/DEBUG] [mixin/]: MixinPlatformAgentDefault accepted container SecureJarResource(eidolon_origins)
[21янв.2026 16:34:42.715] [main/DEBUG] [mixin/]: Processing prepare() for PlatformAgent[MixinPlatformAgentDefault:SecureJarResource(eidolon_origins)]
[21янв.2026 16:34:42.715] [main/DEBUG] [mixin/]: Adding mixin platform agents for container SecureJarResource(apoli)
[21янв.2026 16:34:42.716] [main/DEBUG] [mixin/]: Instancing new MixinPlatformAgentMinecraftForge for SecureJarResource(apoli)
[21янв.2026 16:34:42.716] [main/DEBUG] [mixin/]: MixinPlatformAgentMinecraftForge rejected container SecureJarResource(apoli)
[21янв.2026 16:34:42.716] [main/DEBUG] [mixin/]: Instancing new MixinPlatformAgentDefault for SecureJarResource(apoli)
[21янв.2026 16:34:42.716] [main/DEBUG] [mixin/]: MixinPlatformAgentDefault accepted container SecureJarResource(apoli)
[21янв.2026 16:34:42.716] [main/DEBUG] [mixin/]: Processing prepare() for PlatformAgent[MixinPlatformAgentDefault:SecureJarResource(apoli)]
[21янв.2026 16:34:42.716] [main/DEBUG] [mixin/]: Registering mixin config: apoli.mixins.json
[21янв.2026 16:34:42.717] [main/DEBUG] [mixin/]: Adding mixin platform agents for container SecureJarResource(curios)
[21янв.2026 16:34:42.717] [main/DEBUG] [mixin/]: Instancing new MixinPlatformAgentMinecraftForge for SecureJarResource(curios)
[21янв.2026 16:34:42.717] [main/DEBUG] [mixin/]: MixinPlatformAgentMinecraftForge rejected container SecureJarResource(curios)
[21янв.2026 16:34:42.717] [main/DEBUG] [mixin/]: Instancing new MixinPlatformAgentDefault for SecureJarResource(curios)
[21янв.2026 16:34:42.717] [main/DEBUG] [mixin/]: MixinPlatformAgentDefault accepted container SecureJarResource(curios)
[21янв.2026 16:34:42.718] [main/DEBUG] [mixin/]: Processing prepare() for PlatformAgent[MixinPlatformAgentDefault:SecureJarResource(curios)]
[21янв.2026 16:34:42.718] [main/DEBUG] [mixin/]: Registering mixin config: curios.mixins.json
[21янв.2026 16:34:42.719] [main/DEBUG] [mixin/]: Adding mixin platform agents for container SecureJarResource(eidolon)
[21янв.2026 16:34:42.719] [main/DEBUG] [mixin/]: Instancing new MixinPlatformAgentMinecraftForge for SecureJarResource(eidolon)
[21янв.2026 16:34:42.719] [main/DEBUG] [mixin/]: MixinPlatformAgentMinecraftForge rejected container SecureJarResource(eidolon)
[21янв.2026 16:34:42.719] [main/DEBUG] [mixin/]: Instancing new MixinPlatformAgentDefault for SecureJarResource(eidolon)
[21янв.2026 16:34:42.719] [main/DEBUG] [mixin/]: MixinPlatformAgentDefault accepted container SecureJarResource(eidolon)
[21янв.2026 16:34:42.719] [main/DEBUG] [mixin/]: Processing prepare() for PlatformAgent[MixinPlatformAgentDefault:SecureJarResource(eidolon)]
[21янв.2026 16:34:42.719] [main/DEBUG] [mixin/]: Registering mixin config: eidolon.mixins.json
[21янв.2026 16:34:42.720] [main/DEBUG] [mixin/]: Adding mixin platform agents for container SecureJarResource(origins)
[21янв.2026 16:34:42.721] [main/DEBUG] [mixin/]: Instancing new MixinPlatformAgentMinecraftForge for SecureJarResource(origins)
[21янв.2026 16:34:42.721] [main/DEBUG] [mixin/]: MixinPlatformAgentMinecraftForge rejected container SecureJarResource(origins)
[21янв.2026 16:34:42.721] [main/DEBUG] [mixin/]: Instancing new MixinPlatformAgentDefault for SecureJarResource(origins)
[21янв.2026 16:34:42.721] [main/DEBUG] [mixin/]: MixinPlatformAgentDefault accepted container SecureJarResource(origins)
[21янв.2026 16:34:42.721] [main/DEBUG] [mixin/]: Processing prepare() for PlatformAgent[MixinPlatformAgentDefault:SecureJarResource(origins)]
[21янв.2026 16:34:42.721] [main/DEBUG] [mixin/]: Registering mixin config: origins.mixins.json
[21янв.2026 16:34:42.722] [main/DEBUG] [mixin/]: Adding mixin platform agents for container SecureJarResource(MixinExtras.beta._8)
[21янв.2026 16:34:42.722] [main/DEBUG] [mixin/]: Instancing new MixinPlatformAgentMinecraftForge for SecureJarResource(MixinExtras.beta._8)
[21янв.2026 16:34:42.722] [main/DEBUG] [mixin/]: MixinPlatformAgentMinecraftForge rejected container SecureJarResource(MixinExtras.beta._8)
[21янв.2026 16:34:42.722] [main/DEBUG] [mixin/]: Instancing new MixinPlatformAgentDefault for SecureJarResource(MixinExtras.beta._8)
[21янв.2026 16:34:42.722] [main/DEBUG] [mixin/]: MixinPlatformAgentDefault accepted container SecureJarResource(MixinExtras.beta._8)
[21янв.2026 16:34:42.723] [main/DEBUG] [mixin/]: Processing prepare() for PlatformAgent[MixinPlatformAgentDefault:SecureJarResource(MixinExtras.beta._8)]
[21янв.2026 16:34:42.723] [main/DEBUG] [mixin/]: inject() running with 14 agents
[21янв.2026 16:34:42.723] [main/DEBUG] [mixin/]: Processing inject() for PlatformAgent[MixinPlatformAgentDefault:ModLauncher Root Container(ModLauncher:4f56a0a2)]
[21янв.2026 16:34:42.723] [main/DEBUG] [mixin/]: Processing inject() for PlatformAgent[MixinPlatformAgentDefault:SecureJarResource(minecraft)]
[21янв.2026 16:34:42.723] [main/DEBUG] [mixin/]: Processing inject() for PlatformAgent[MixinPlatformAgentDefault:SecureJarResource(mixinextras)]
[21янв.2026 16:34:42.723] [main/DEBUG] [mixin/]: Processing inject() for PlatformAgent[MixinPlatformAgentDefault:SecureJarResource(fluffy_fur)]
[21янв.2026 16:34:42.723] [main/DEBUG] [mixin/]: Processing inject() for PlatformAgent[MixinPlatformAgentDefault:SecureJarResource(additionalentityattributes)]
[21янв.2026 16:34:42.723] [main/DEBUG] [mixin/]: Processing inject() for PlatformAgent[MixinPlatformAgentDefault:SecureJarResource(calio)]
[21янв.2026 16:34:42.723] [main/DEBUG] [mixin/]: Processing inject() for PlatformAgent[MixinPlatformAgentDefault:SecureJarResource(caelus)]
[21янв.2026 16:34:42.723] [main/DEBUG] [mixin/]: Processing inject() for PlatformAgent[MixinPlatformAgentDefault:SecureJarResource(forge)]
[21янв.2026 16:34:42.723] [main/DEBUG] [mixin/]: Processing inject() for PlatformAgent[MixinPlatformAgentDefault:SecureJarResource(eidolon_origins)]
[21янв.2026 16:34:42.723] [main/DEBUG] [mixin/]: Processing inject() for PlatformAgent[MixinPlatformAgentDefault:SecureJarResource(apoli)]
[21янв.2026 16:34:42.723] [main/DEBUG] [mixin/]: Processing inject() for PlatformAgent[MixinPlatformAgentDefault:SecureJarResource(curios)]
[21янв.2026 16:34:42.723] [main/DEBUG] [mixin/]: Processing inject() for PlatformAgent[MixinPlatformAgentDefault:SecureJarResource(eidolon)]
[21янв.2026 16:34:42.723] [main/DEBUG] [mixin/]: Processing inject() for PlatformAgent[MixinPlatformAgentDefault:SecureJarResource(origins)]
[21янв.2026 16:34:42.723] [main/DEBUG] [mixin/]: Processing inject() for PlatformAgent[MixinPlatformAgentDefault:SecureJarResource(MixinExtras.beta._8)]
[21янв.2026 16:34:42.723] [main/INFO] [cpw.mods.modlauncher.LaunchServiceHandler/MODLAUNCHER]: Launching target 'forgedatauserdev' with arguments [--gameDir, ., --assetsDir, C:\Users\Елена\.gradle\caches\forge_gradle\assets, --assetIndex, 5, --mod, eidolon_origins, --all, --output, C:\Users\Елена\IdeaProjects\eidolon_origins\src\generated\resources, --existing, C:\Users\Елена\IdeaProjects\eidolon_origins\src\main\resources]
[21янв.2026 16:34:42.771] [main/DEBUG] [mixin/]: Error cleaning class output directory: .mixin.out
[21янв.2026 16:34:42.773] [main/DEBUG] [mixin/]: Preparing mixins for MixinEnvironment[DEFAULT]
[21янв.2026 16:34:42.773] [main/DEBUG] [mixin/]: Selecting config eidolon_origins.mixins.json
[21янв.2026 16:34:42.776] [main/WARN] [mixin/]: Reference map 'eidolon_origins.refmap.json' for eidolon_origins.mixins.json could not be read. If this is a development environment you can ignore this message
[21янв.2026 16:34:42.777] [main/DEBUG] [mixin/]: Selecting config mixinextras.init.mixins.json
[21янв.2026 16:34:42.793] [main/DEBUG] [mixin/]: Registering new injector for @Inject with org.spongepowered.asm.mixin.injection.struct.CallbackInjectionInfo
[21янв.2026 16:34:42.795] [main/DEBUG] [mixin/]: Registering new injector for @ModifyArg with org.spongepowered.asm.mixin.injection.struct.ModifyArgInjectionInfo
[21янв.2026 16:34:42.796] [main/DEBUG] [mixin/]: Registering new injector for @ModifyArgs with org.spongepowered.asm.mixin.injection.struct.ModifyArgsInjectionInfo
[21янв.2026 16:34:42.797] [main/DEBUG] [mixin/]: Registering new injector for @Redirect with org.spongepowered.asm.mixin.injection.struct.RedirectInjectionInfo
[21янв.2026 16:34:42.799] [main/DEBUG] [mixin/]: Registering new injector for @ModifyVariable with org.spongepowered.asm.mixin.injection.struct.ModifyVariableInjectionInfo
[21янв.2026 16:34:42.800] [main/DEBUG] [mixin/]: Registering new injector for @ModifyConstant with org.spongepowered.asm.mixin.injection.struct.ModifyConstantInjectionInfo
[21янв.2026 16:34:42.802] [main/DEBUG] [mixin/]: Registering new injector for @ModifyExpressionValue with com.llamalad7.mixinextras.injector.ModifyExpressionValueInjectionInfo
[21янв.2026 16:34:42.805] [main/DEBUG] [mixin/]: Registering new injector for @ModifyReceiver with com.llamalad7.mixinextras.injector.ModifyReceiverInjectionInfo
[21янв.2026 16:34:42.807] [main/DEBUG] [mixin/]: Registering new injector for @ModifyReturnValue with com.llamalad7.mixinextras.injector.ModifyReturnValueInjectionInfo
[21янв.2026 16:34:42.810] [main/DEBUG] [mixin/]: Registering new injector for @WrapOperation with com.llamalad7.mixinextras.injector.wrapoperation.WrapOperationInjectionInfo
[21янв.2026 16:34:42.812] [main/DEBUG] [mixin/]: Registering new injector for @WrapWithCondition with com.llamalad7.mixinextras.injector.WrapWithConditionInjectionInfo
[21янв.2026 16:34:42.814] [main/DEBUG] [mixin/]: Registering new injector for @SugarWrapper with com.llamalad7.mixinextras.sugar.impl.SugarWrapperInjectionInfo
[21янв.2026 16:34:42.830] [main/DEBUG] [mixin/]: Selecting config fluffy_fur.mixins.json
[21янв.2026 16:34:43.091] [main/INFO] [mixin/]: Remapping refMap fluffy_fur.refmap.json using C:\Users\Елена\IdeaProjects\eidolon_origins\build\createSrgToMcp\output.srg
[21янв.2026 16:34:43.091] [main/DEBUG] [mixin/]: Selecting config additionalentityattributes.mixins.json
[21янв.2026 16:34:43.092] [main/INFO] [mixin/]: Remapping refMap additionalentityattributes.refmap.json using C:\Users\Елена\IdeaProjects\eidolon_origins\build\createSrgToMcp\output.srg
[21янв.2026 16:34:43.092] [main/DEBUG] [mixin/]: Selecting config calio.mixins.json
[21янв.2026 16:34:43.093] [main/INFO] [mixin/]: Remapping refMap calio.refmap.json using C:\Users\Елена\IdeaProjects\eidolon_origins\build\createSrgToMcp\output.srg
[21янв.2026 16:34:43.093] [main/DEBUG] [mixin/]: Selecting config caelus.mixins.json
[21янв.2026 16:34:43.094] [main/INFO] [mixin/]: Remapping refMap caelus.refmap.json using C:\Users\Елена\IdeaProjects\eidolon_origins\build\createSrgToMcp\output.srg
[21янв.2026 16:34:43.094] [main/DEBUG] [mixin/]: Selecting config apoli.mixins.json
[21янв.2026 16:34:43.098] [main/INFO] [mixin/]: Remapping refMap apoli.refmap.json using C:\Users\Елена\IdeaProjects\eidolon_origins\build\createSrgToMcp\output.srg
[21янв.2026 16:34:43.099] [main/DEBUG] [mixin/]: Selecting config curios.mixins.json
[21янв.2026 16:34:43.100] [main/INFO] [mixin/]: Remapping refMap curios.refmap.json using C:\Users\Елена\IdeaProjects\eidolon_origins\build\createSrgToMcp\output.srg
[21янв.2026 16:34:43.100] [main/DEBUG] [mixin/]: Selecting config eidolon.mixins.json
[21янв.2026 16:34:43.102] [main/INFO] [mixin/]: Remapping refMap eidolon.refmap.json using C:\Users\Елена\IdeaProjects\eidolon_origins\build\createSrgToMcp\output.srg
[21янв.2026 16:34:43.102] [main/DEBUG] [mixin/]: Selecting config origins.mixins.json
[21янв.2026 16:34:43.103] [main/INFO] [mixin/]: Remapping refMap origins.refmap.json using C:\Users\Елена\IdeaProjects\eidolon_origins\build\createSrgToMcp\output.srg
[21янв.2026 16:34:43.103] [main/DEBUG] [mixin/]: Preparing eidolon_origins.mixins.json (0)
[21янв.2026 16:34:43.103] [main/DEBUG] [mixin/]: Preparing mixinextras.init.mixins.json (0)
[21янв.2026 16:34:43.104] [main/DEBUG] [mixin/]: Preparing fluffy_fur.mixins.json (37)
[21янв.2026 16:34:43.152] [main/DEBUG] [net.minecraftforge.coremod.transformer.CoreModBaseTransformer/COREMOD]: Transforming net/minecraft/world/entity/Entity
[21янв.2026 16:34:43.220] [main/DEBUG] [net.minecraftforge.coremod.transformer.CoreModBaseTransformer/COREMOD]: Transforming jumpInFluid with desc (Lnet/minecraftforge/fluids/FluidType;)V
[21янв.2026 16:34:43.233] [main/DEBUG] [net.minecraftforge.coremod.transformer.CoreModBaseTransformer/COREMOD]: Transforming sinkInFluid with desc (Lnet/minecraftforge/fluids/FluidType;)V
[21янв.2026 16:34:43.297] [main/DEBUG] [net.minecraftforge.coremod.transformer.CoreModBaseTransformer/COREMOD]: Transforming resetHoverName with desc ()V
[21янв.2026 16:34:43.303] [main/DEBUG] [net.minecraftforge.coremod.transformer.CoreModBaseTransformer/COREMOD]: Transforming net/minecraft/world/item/ItemStack
[21янв.2026 16:34:43.308] [main/DEBUG] [net.minecraftforge.coremod.transformer.CoreModBaseTransformer/COREMOD]: Transforming canEquip with desc (Lnet/minecraft/world/entity/EquipmentSlot;Lnet/minecraft/world/entity/Entity;)Z
[21янв.2026 16:34:43.317] [main/DEBUG] [net.minecraftforge.coremod.transformer.CoreModBaseTransformer/COREMOD]: Transforming getHighlightTip with desc (Lnet/minecraft/network/chat/Component;)Lnet/minecraft/network/chat/Component;
[21янв.2026 16:34:43.322] [main/DEBUG] [net.minecraftforge.coremod.transformer.CoreModBaseTransformer/COREMOD]: Transforming getFoodProperties with desc (Lnet/minecraft/world/entity/LivingEntity;)Lnet/minecraft/world/food/FoodProperties;
[21янв.2026 16:34:43.368] [main/DEBUG] [mixin/]: Preparing additionalentityattributes.mixins.json (9)
[21янв.2026 16:34:43.393] [main/DEBUG] [mixin/]: Preparing calio.mixins.json (1)
[21янв.2026 16:34:43.396] [main/DEBUG] [mixin/]: Preparing caelus.mixins.json (4)
[21янв.2026 16:34:43.401] [main/DEBUG] [mixin/]: Preparing apoli.mixins.json (54)
[21янв.2026 16:34:43.437] [main/DEBUG] [net.minecraftforge.coremod.transformer.CoreModBaseTransformer/COREMOD]: Transforming net/minecraft/world/level/biome/Biome
[21янв.2026 16:34:43.454] [main/DEBUG] [net.minecraftforge.coremod.transformer.CoreModBaseTransformer/COREMOD]: Transforming net/minecraft/world/level/levelgen/PhantomSpawner
[21янв.2026 16:34:43.501] [main/DEBUG] [net.minecraftforge.coremod.transformer.CoreModBaseTransformer/COREMOD]: Transforming net/minecraft/world/effect/MobEffectInstance
[21янв.2026 16:34:43.546] [main/DEBUG] [mixin/]: Preparing curios.mixins.json (13)
[21янв.2026 16:34:43.556] [main/DEBUG] [mixin/]: Preparing eidolon.mixins.json (10)
[21янв.2026 16:34:43.564] [main/DEBUG] [mixin/]: Preparing origins.mixins.json (10)
[21янв.2026 16:34:43.610] [main/DEBUG] [mixin/]: Prepared 136 mixins in 0,836 sec (6,1ms avg) (0ms load, 0ms transform, 0ms plugin)
[21янв.2026 16:34:43.728] [main/DEBUG] [io.netty.util.internal.logging.InternalLoggerFactory/]: Using SLF4J as the default logging framework
[21янв.2026 16:34:43.730] [main/DEBUG] [io.netty.util.ResourceLeakDetector/]: -Dio.netty.leakDetection.level: simple
[21янв.2026 16:34:43.731] [main/DEBUG] [io.netty.util.ResourceLeakDetector/]: -Dio.netty.leakDetection.targetRecords: 4
[21янв.2026 16:34:43.825] [main/INFO] [net.minecraftforge.data.loading.DatagenModLoader/]: Initializing Data Gatherer for mods [eidolon_origins]
[21янв.2026 16:34:43.837] [main/DEBUG] [mixin/]: Mixing MappedRegistryMixin from calio.mixins.json into net.minecraft.core.MappedRegistry
[21янв.2026 16:34:43.929] [main/DEBUG] [mixin/]: Mixing common.BlockMixin from additionalentityattributes.mixins.json into net.minecraft.world.level.block.Block
[21янв.2026 16:34:43.988] [main/DEBUG] [mixin/]: Mixing forge.BlockBehaviourMixin from apoli.mixins.json into net.minecraft.world.level.block.state.BlockBehaviour
[21янв.2026 16:34:43.988] [main/DEBUG] [mixin/]: Renaming synthetic method lambda$allowUnbreakableBreaking$1(Lnet/minecraft/world/entity/player/Player;Lnet/minecraft/core/BlockPos;Lnet/minecraft/world/level/block/state/BlockState;Lnet/minecraft/core/Holder;)Z to md37f1aa$lambda$allowUnbreakableBreaking$1$0 in apoli.mixins.json:forge.BlockBehaviourMixin
[21янв.2026 16:34:43.988] [main/DEBUG] [mixin/]: Renaming synthetic method lambda$allowUnbreakableBreaking$0(Lnet/minecraft/world/level/block/state/BlockState;)Lnet/minecraft/world/level/block/state/BlockState; to md37f1aa$lambda$allowUnbreakableBreaking$0$1 in apoli.mixins.json:forge.BlockBehaviourMixin
[21янв.2026 16:34:44.022] [main/DEBUG] [net.minecraftforge.coremod.transformer.CoreModBaseTransformer/COREMOD]: Transforming net/minecraft/world/entity/Entity
[21янв.2026 16:34:44.025] [main/DEBUG] [mixin/]: Mixing common.EntityMixin from fluffy_fur.mixins.json into net.minecraft.world.entity.Entity
[21янв.2026 16:34:44.044] [main/DEBUG] [mixin/]: Mixing common.EntityMixin from additionalentityattributes.mixins.json into net.minecraft.world.entity.Entity
[21янв.2026 16:34:44.046] [main/DEBUG] [mixin/]: Mixing EntityAccessor from apoli.mixins.json into net.minecraft.world.entity.Entity
[21янв.2026 16:34:44.054] [main/DEBUG] [mixin/]: Mixing EntityMixin from apoli.mixins.json into net.minecraft.world.entity.Entity
[21янв.2026 16:34:44.055] [main/DEBUG] [mixin/]: Renaming synthetic method lambda$modifyMovementVelocityXZ$2(Lnet/minecraft/core/Holder;)Z to md37f1aa$lambda$modifyMovementVelocityXZ$2$0 in apoli.mixins.json:EntityMixin
[21янв.2026 16:34:44.056] [main/DEBUG] [mixin/]: Renaming synthetic method lambda$modifyMovementVelocityXZ$1(Lnet/minecraft/core/Holder;)Z to md37f1aa$lambda$modifyMovementVelocityXZ$1$1 in apoli.mixins.json:EntityMixin
[21янв.2026 16:34:44.056] [main/DEBUG] [mixin/]: Renaming synthetic method lambda$modifyMovementVelocityXZ$0(Lnet/minecraft/core/Holder;)Z to md37f1aa$lambda$modifyMovementVelocityXZ$0$2 in apoli.mixins.json:EntityMixin
[21янв.2026 16:34:44.076] [main/DEBUG] [mixin/]: Mixing AccessorEntity from curios.mixins.json into net.minecraft.world.entity.Entity
[21янв.2026 16:34:44.082] [main/DEBUG] [mixin/]: Mixing EntityMixin from eidolon.mixins.json into net.minecraft.world.entity.Entity
[21янв.2026 16:34:44.085] [main/DEBUG] [mixin/]: Mixing SelectionInvulnerabilityMixin from origins.mixins.json into net.minecraft.world.entity.Entity
[21янв.2026 16:34:44.085] [main/DEBUG] [mixin/]: Renaming synthetic method lambda$makeOriginInvulnerable$3(Lorg/spongepowered/asm/mixin/injection/callback/CallbackInfoReturnable;Lnet/minecraft/world/entity/Entity;Lio/github/edwinmindcraft/origins/api/capabilities/IOriginContainer;)V to md37f1aa$lambda$makeOriginInvulnerable$3$3 in origins.mixins.json:SelectionInvulnerabilityMixin
[21янв.2026 16:34:44.086] [main/DEBUG] [mixin/]: Renaming synthetic method lambda$makeOriginInvulnerable$2(Lnet/minecraft/world/entity/Entity;Lnet/minecraft/core/Holder$Reference;)Ljava/lang/String; to md37f1aa$lambda$makeOriginInvulnerable$2$4 in origins.mixins.json:SelectionInvulnerabilityMixin
[21янв.2026 16:34:44.086] [main/DEBUG] [mixin/]: Renaming synthetic method lambda$makeOriginInvulnerable$1(Ljava/util/Optional;)Ljava/util/stream/Stream; to md37f1aa$lambda$makeOriginInvulnerable$1$5 in origins.mixins.json:SelectionInvulnerabilityMixin
[21янв.2026 16:34:44.086] [main/DEBUG] [mixin/]: Renaming synthetic method lambda$makeOriginInvulnerable$0(Lio/github/edwinmindcraft/origins/api/capabilities/IOriginContainer;Lnet/minecraft/world/entity/Entity;Lnet/minecraft/core/Holder$Reference;)Z to md37f1aa$lambda$makeOriginInvulnerable$0$6 in origins.mixins.json:SelectionInvulnerabilityMixin
[21янв.2026 16:34:44.214] [main/DEBUG] [mixin/]: Mixing common.DigSpeedMixin from additionalentityattributes.mixins.json into net.minecraft.world.entity.player.Player
[21янв.2026 16:34:44.216] [main/DEBUG] [mixin/]: Mixing common.PlayerEntityMixin from additionalentityattributes.mixins.json into net.minecraft.world.entity.player.Player
[21янв.2026 16:34:44.216] [main/DEBUG] [mixin/]: Mixing PlayerEntityMixin from apoli.mixins.json into net.minecraft.world.entity.player.Player
[21янв.2026 16:34:44.217] [main/DEBUG] [net.minecraftforge.coremod.transformer.CoreModBaseTransformer/COREMOD]: Transforming jumpInFluid with desc (Lnet/minecraftforge/fluids/FluidType;)V
[21янв.2026 16:34:44.218] [main/DEBUG] [net.minecraftforge.coremod.transformer.CoreModBaseTransformer/COREMOD]: Transforming sinkInFluid with desc (Lnet/minecraftforge/fluids/FluidType;)V
[21янв.2026 16:34:44.230] [main/DEBUG] [mixin/]: Mixing forge.PlayerMixin from apoli.mixins.json into net.minecraft.world.entity.player.Player
[21янв.2026 16:34:44.231] [main/DEBUG] [mixin/]: Mixing PlayerMixin from eidolon.mixins.json into net.minecraft.world.entity.player.Player
[21янв.2026 16:34:44.234] [main/DEBUG] [mixin/]: Mixing NoCobwebSlowdownMixin from origins.mixins.json into net.minecraft.world.entity.player.Player
[21янв.2026 16:34:44.235] [main/DEBUG] [mixin/]: Mixing WaterBreathingMixin$UpdateAir from origins.mixins.json into net.minecraft.world.entity.player.Player
[21янв.2026 16:34:44.242] [main/DEBUG] [net.minecraftforge.coremod.transformer.CoreModBaseTransformer/COREMOD]: Transforming net/minecraft/world/entity/EntityType
[21янв.2026 16:34:44.375] [main/DEBUG] [mixin/]: Mixing common.LivingEntityMixin from additionalentityattributes.mixins.json into net.minecraft.world.entity.LivingEntity
[21янв.2026 16:34:44.376] [main/DEBUG] [mixin/]: Mixing MixinLivingEntity from caelus.mixins.json into net.minecraft.world.entity.LivingEntity
[21янв.2026 16:34:44.377] [main/DEBUG] [mixin/]: Mixing LivingEntityMixin from apoli.mixins.json into net.minecraft.world.entity.LivingEntity
[21янв.2026 16:34:44.379] [main/DEBUG] [mixin/]: Renaming synthetic method lambda$preventApplyingFoodEffects$13(Lio/github/edwinmindcraft/apoli/api/power/configuration/ConfiguredPower;)Z to md37f1aa$lambda$preventApplyingFoodEffects$13$0 in apoli.mixins.json:LivingEntityMixin
[21янв.2026 16:34:44.379] [main/DEBUG] [mixin/]: Renaming synthetic method lambda$callActionOnUseFinishBefore$12(Lnet/minecraft/core/Holder;)Z to md37f1aa$lambda$callActionOnUseFinishBefore$12$1 in apoli.mixins.json:LivingEntityMixin
[21янв.2026 16:34:44.379] [main/DEBUG] [mixin/]: Renaming synthetic method lambda$callActionOnUseDuringBefore$11(Lnet/minecraft/world/item/ItemStack;Lnet/minecraft/core/Holder;)Z to md37f1aa$lambda$callActionOnUseDuringBefore$11$2 in apoli.mixins.json:LivingEntityMixin
[21янв.2026 16:34:44.380] [main/DEBUG] [mixin/]: Renaming synthetic method lambda$callActionOnUseStopBefore$10(Lnet/minecraft/core/Holder;)Z to md37f1aa$lambda$callActionOnUseStopBefore$10$3 in apoli.mixins.json:LivingEntityMixin
[21янв.2026 16:34:44.380] [main/DEBUG] [mixin/]: Renaming synthetic method lambda$modifyAttributeValue$9(Lnet/minecraft/world/entity/ai/attributes/Attribute;Lnet/minecraft/core/Holder;)Z to md37f1aa$lambda$modifyAttributeValue$9$4 in apoli.mixins.json:LivingEntityMixin
[21янв.2026 16:34:44.385] [main/DEBUG] [mixin/]: Renaming synthetic method lambda$sendPlayerDismountPacket$8(Lnet/minecraft/server/level/ServerPlayer;)Lnet/minecraft/server/level/ServerPlayer; to md37f1aa$lambda$sendPlayerDismountPacket$8$5 in apoli.mixins.json:LivingEntityMixin
[21янв.2026 16:34:44.385] [main/DEBUG] [mixin/]: Renaming synthetic method lambda$modifyWalkableFluids$7(Lnet/minecraft/world/level/material/FluidState;Lnet/minecraft/core/Holder;)Z to md37f1aa$lambda$modifyWalkableFluids$7$6 in apoli.mixins.json:LivingEntityMixin
[21янв.2026 16:34:44.385] [main/DEBUG] [mixin/]: Renaming synthetic method lambda$addEquipmentPowers$6(Ljava/util/List;Lnet/minecraft/resources/ResourceLocation;Lio/github/edwinmindcraft/apoli/api/component/IPowerContainer;)V to md37f1aa$lambda$addEquipmentPowers$6$7 in apoli.mixins.json:LivingEntityMixin
[21янв.2026 16:34:44.385] [main/DEBUG] [mixin/]: Renaming synthetic method lambda$addEquipmentPowers$5(Lio/github/edwinmindcraft/apoli/api/component/IPowerContainer;Lnet/minecraft/resources/ResourceLocation;Lio/github/apace100/apoli/util/StackPowerUtil$StackPower;)V to md37f1aa$lambda$addEquipmentPowers$5$8 in apoli.mixins.json:LivingEntityMixin
[21янв.2026 16:34:44.385] [main/DEBUG] [mixin/]: Renaming synthetic method lambda$removeEquipmentPowers$4(Ljava/util/List;Lnet/minecraft/resources/ResourceLocation;Lio/github/edwinmindcraft/apoli/api/component/IPowerContainer;)V to md37f1aa$lambda$removeEquipmentPowers$4$9 in apoli.mixins.json:LivingEntityMixin
[21янв.2026 16:34:44.386] [main/DEBUG] [mixin/]: Renaming synthetic method lambda$removeEquipmentPowers$3(Lio/github/edwinmindcraft/apoli/api/component/IPowerContainer;Lnet/minecraft/resources/ResourceLocation;Lio/github/apace100/apoli/util/StackPowerUtil$StackPower;)V to md37f1aa$lambda$removeEquipmentPowers$3$a in apoli.mixins.json:LivingEntityMixin
[21янв.2026 16:34:44.386] [main/DEBUG] [mixin/]: Renaming synthetic method lambda$syncAttacker$2()Lnet/minecraft/world/entity/Entity; to md37f1aa$lambda$syncAttacker$2$b in apoli.mixins.json:LivingEntityMixin
[21янв.2026 16:34:44.387] [main/DEBUG] [mixin/]: Renaming synthetic method lambda$modifyStatusEffect$1(Lnet/minecraft/world/effect/MobEffect;Lnet/minecraft/core/Holder;)Z to md37f1aa$lambda$modifyStatusEffect$1$c in apoli.mixins.json:LivingEntityMixin
[21янв.2026 16:34:44.387] [main/DEBUG] [mixin/]: Renaming synthetic method lambda$modifyStatusEffect$0(Lnet/minecraft/world/effect/MobEffect;Lnet/minecraft/core/Holder;)Z to md37f1aa$lambda$modifyStatusEffect$0$d in apoli.mixins.json:LivingEntityMixin
[21янв.2026 16:34:44.401] [main/DEBUG] [net.minecraftforge.coremod.transformer.CoreModBaseTransformer/COREMOD]: Transforming canEquip with desc (Lnet/minecraft/world/entity/EquipmentSlot;Lnet/minecraft/world/entity/Entity;)Z
[21янв.2026 16:34:44.401] [main/DEBUG] [net.minecraftforge.coremod.transformer.CoreModBaseTransformer/COREMOD]: Transforming getHighlightTip with desc (Lnet/minecraft/network/chat/Component;)Lnet/minecraft/network/chat/Component;
[21янв.2026 16:34:44.402] [main/DEBUG] [net.minecraftforge.coremod.transformer.CoreModBaseTransformer/COREMOD]: Transforming getFoodProperties with desc (Lnet/minecraft/world/entity/LivingEntity;)Lnet/minecraft/world/food/FoodProperties;
[21янв.2026 16:34:44.406] [main/DEBUG] [mixin/]: Mixing MixinLivingEntity from curios.mixins.json into net.minecraft.world.entity.LivingEntity
[21янв.2026 16:34:44.406] [main/DEBUG] [mixin/]: Mixing LivingEntityMixin from eidolon.mixins.json into net.minecraft.world.entity.LivingEntity
[21янв.2026 16:34:44.414] [main/DEBUG] [mixin/]: Mixing LikeWaterMixin from origins.mixins.json into net.minecraft.world.entity.LivingEntity
[21янв.2026 16:34:44.415] [main/DEBUG] [mixin/]: Mixing WaterBreathingMixin$CanBreatheInWater from origins.mixins.json into net.minecraft.world.entity.LivingEntity
[21янв.2026 16:34:44.650] [main/DEBUG] [net.minecraftforge.coremod.transformer.CoreModBaseTransformer/COREMOD]: Transforming jumpInFluid with desc (Lnet/minecraftforge/fluids/FluidType;)V
[21янв.2026 16:34:44.650] [main/DEBUG] [net.minecraftforge.coremod.transformer.CoreModBaseTransformer/COREMOD]: Transforming sinkInFluid with desc (Lnet/minecraftforge/fluids/FluidType;)V
[21янв.2026 16:34:44.656] [main/DEBUG] [mixin/]: Mixing AbstractBlockStateMixin from apoli.mixins.json into net.minecraft.world.level.block.state.BlockBehaviour$BlockStateBase
[21янв.2026 16:34:44.681] [main/DEBUG] [net.minecraftforge.coremod.transformer.CoreModBaseTransformer/COREMOD]: Transforming getFriction with desc (Lnet/minecraft/world/level/LevelReader;Lnet/minecraft/core/BlockPos;Lnet/minecraft/world/entity/Entity;)F
[21янв.2026 16:34:44.687] [main/DEBUG] [net.minecraftforge.coremod.transformer.CoreModBaseTransformer/COREMOD]: Transforming canHarvestBlock with desc (Lnet/minecraft/world/level/BlockGetter;Lnet/minecraft/core/BlockPos;Lnet/minecraft/world/entity/player/Player;)Z
[21янв.2026 16:34:44.726] [main/DEBUG] [mixin/]: Mixing common.ItemEntityMixin from fluffy_fur.mixins.json into net.minecraft.world.entity.item.ItemEntity
[21янв.2026 16:34:44.728] [main/DEBUG] [mixin/]: Mixing client.ItemEntityMixin from fluffy_fur.mixins.json into net.minecraft.world.entity.item.ItemEntity
[21янв.2026 16:34:44.763] [main/DEBUG] [mixin/]: Mixing ItemMixin from apoli.mixins.json into net.minecraft.world.item.Item
[21янв.2026 16:34:44.779] [main/DEBUG] [net.minecraftforge.coremod.transformer.CoreModBaseTransformer/COREMOD]: Transforming net/minecraft/world/entity/EntityType
[21янв.2026 16:34:44.830] [main/DEBUG] [mixin/]: Mixing BlockEntityTypeAccessor from eidolon.mixins.json into net.minecraft.world.level.block.entity.BlockEntityType
[21янв.2026 16:34:44.869] [main/DEBUG] [mixin/]: Mixing client.CreativeModeTabsMixin from fluffy_fur.mixins.json into net.minecraft.world.item.CreativeModeTabs
[21янв.2026 16:34:44.996] [main/DEBUG] [mixin/]: Mixing common.BlocksMixin from fluffy_fur.mixins.json into net.minecraft.world.level.block.Blocks
[21янв.2026 16:34:44.996] [main/DEBUG] [mixin/]: Renaming synthetic method lambda$fluffy_fur$modifyTorchflowerCrop$2(Lnet/minecraft/world/level/block/state/BlockState;)I to md37f1aa$lambda$fluffy_fur$modifyTorchflowerCrop$2$0 in fluffy_fur.mixins.json:common.BlocksMixin
[21янв.2026 16:34:44.996] [main/DEBUG] [mixin/]: Renaming synthetic method lambda$fluffy_fur$modifyPottedTorchflower$1(Lnet/minecraft/world/level/block/state/BlockState;)I to md37f1aa$lambda$fluffy_fur$modifyPottedTorchflower$1$1 in fluffy_fur.mixins.json:common.BlocksMixin
[21янв.2026 16:34:44.996] [main/DEBUG] [mixin/]: Renaming synthetic method lambda$fluffy_fur$modifyTorchflower$0(Lnet/minecraft/world/level/block/state/BlockState;)I to md37f1aa$lambda$fluffy_fur$modifyTorchflower$0$2 in fluffy_fur.mixins.json:common.BlocksMixin
[21янв.2026 16:34:45.048] [main/DEBUG] [net.minecraftforge.coremod.transformer.CoreModBaseTransformer/COREMOD]: Transforming net/minecraft/world/level/block/LiquidBlock
[21янв.2026 16:34:45.070] [main/DEBUG] [mixin/]: Mixing common.TntBlockMixin from fluffy_fur.mixins.json into net.minecraft.world.level.block.TntBlock
[21янв.2026 16:34:45.085] [main/DEBUG] [net.minecraftforge.coremod.transformer.CoreModBaseTransformer/COREMOD]: Transforming net/minecraft/world/level/block/StairBlock
[21янв.2026 16:34:45.132] [main/DEBUG] [net.minecraftforge.coremod.transformer.CoreModBaseTransformer/COREMOD]: Transforming net/minecraft/world/level/block/FlowerPotBlock
[21янв.2026 16:34:45.182] [main/DEBUG] [mixin/]: Mixing MixinPowderSnowBlock from curios.mixins.json into net.minecraft.world.level.block.PowderSnowBlock
[21янв.2026 16:34:45.406] [main/DEBUG] [mixin/]: Mixing common.AttributesMixin from fluffy_fur.mixins.json into net.minecraft.world.entity.ai.attributes.Attributes
[21янв.2026 16:34:45.522] [main/DEBUG] [mixin/]: Mixing forge.AbstractContainerMenuMixin from apoli.mixins.json into net.minecraft.world.inventory.AbstractContainerMenu
[21янв.2026 16:34:45.522] [main/DEBUG] [mixin/]: Renaming synthetic method lambda$checkForSameTagsWithNewContextGrow$9(Lnet/minecraft/world/inventory/Slot;)Z to md37f1aa$lambda$checkForSameTagsWithNewContextGrow$9$0 in apoli.mixins.json:forge.AbstractContainerMenuMixin
[21янв.2026 16:34:45.522] [main/DEBUG] [mixin/]: Renaming synthetic method lambda$checkForSameTagsWithNewContextGrow$8(Lnet/minecraft/world/inventory/Slot;)Z to md37f1aa$lambda$checkForSameTagsWithNewContextGrow$8$1 in apoli.mixins.json:forge.AbstractContainerMenuMixin
[21янв.2026 16:34:45.522] [main/DEBUG] [mixin/]: Renaming synthetic method lambda$checkForSameTagsWithNewContextInsert$7(Lnet/minecraft/world/inventory/Slot;)Z to md37f1aa$lambda$checkForSameTagsWithNewContextInsert$7$2 in apoli.mixins.json:forge.AbstractContainerMenuMixin
[21янв.2026 16:34:45.522] [main/DEBUG] [mixin/]: Renaming synthetic method lambda$checkForSameTagsWithNewContextInsert$6(Lnet/minecraft/world/inventory/Slot;)Z to md37f1aa$lambda$checkForSameTagsWithNewContextInsert$6$3 in apoli.mixins.json:forge.AbstractContainerMenuMixin
[21янв.2026 16:34:45.522] [main/DEBUG] [mixin/]: Renaming synthetic method lambda$handleGrindstoneLateActionsSwap$5(Lnet/minecraft/world/inventory/Slot;)Z to md37f1aa$lambda$handleGrindstoneLateActionsSwap$5$4 in apoli.mixins.json:forge.AbstractContainerMenuMixin
[21янв.2026 16:34:45.522] [main/DEBUG] [mixin/]: Renaming synthetic method lambda$handleGrindstoneLateActionsSwap$4(Lnet/minecraft/world/inventory/Slot;)Z to md37f1aa$lambda$handleGrindstoneLateActionsSwap$4$5 in apoli.mixins.json:forge.AbstractContainerMenuMixin
[21янв.2026 16:34:45.522] [main/DEBUG] [mixin/]: Renaming synthetic method lambda$handleGrindstoneLateActionsGrow$3(Lnet/minecraft/world/inventory/Slot;)Z to md37f1aa$lambda$handleGrindstoneLateActionsGrow$3$6 in apoli.mixins.json:forge.AbstractContainerMenuMixin
[21янв.2026 16:34:45.522] [main/DEBUG] [mixin/]: Renaming synthetic method lambda$handleGrindstoneLateActionsGrow$2(Lnet/minecraft/world/inventory/Slot;)Z to md37f1aa$lambda$handleGrindstoneLateActionsGrow$2$7 in apoli.mixins.json:forge.AbstractContainerMenuMixin
[21янв.2026 16:34:45.522] [main/DEBUG] [mixin/]: Renaming synthetic method lambda$handleGrindstoneLateActionsSet$1(Lnet/minecraft/world/inventory/Slot;)Z to md37f1aa$lambda$handleGrindstoneLateActionsSet$1$8 in apoli.mixins.json:forge.AbstractContainerMenuMixin
[21янв.2026 16:34:45.522] [main/DEBUG] [mixin/]: Renaming synthetic method lambda$handleGrindstoneLateActionsSet$0(Lnet/minecraft/world/inventory/Slot;)Z to md37f1aa$lambda$handleGrindstoneLateActionsSet$0$9 in apoli.mixins.json:forge.AbstractContainerMenuMixin
[21янв.2026 16:34:45.542] [main/DEBUG] [mixin/]: Mixing AbstractContainerMenuMixin from eidolon.mixins.json into net.minecraft.world.inventory.AbstractContainerMenu
[21янв.2026 16:34:45.593] [main/DEBUG] [mixin/]: Mixing CraftingScreenHandlerMixin from apoli.mixins.json into net.minecraft.world.inventory.CraftingMenu
[21янв.2026 16:34:45.593] [main/DEBUG] [mixin/]: Renaming synthetic method lambda$allowUsingViaPower$0(Lnet/minecraft/world/entity/player/Player;Lnet/minecraft/world/level/Level;Lnet/minecraft/core/BlockPos;)Ljava/lang/Boolean; to md37f1aa$lambda$allowUsingViaPower$0$0 in apoli.mixins.json:CraftingScreenHandlerMixin
[21янв.2026 16:34:45.658] [main/DEBUG] [mixin/]: Mixing ProjectileMixin from eidolon.mixins.json into net.minecraft.world.entity.projectile.Projectile
[21янв.2026 16:34:45.738] [main/DEBUG] [net.minecraftforge.coremod.transformer.CoreModBaseTransformer/COREMOD]: Transforming resetHoverName with desc ()V
[21янв.2026 16:34:45.738] [main/DEBUG] [net.minecraftforge.coremod.transformer.CoreModBaseTransformer/COREMOD]: Transforming net/minecraft/world/item/ItemStack
[21янв.2026 16:34:45.739] [main/DEBUG] [mixin/]: Mixing client.ItemStackMixin from fluffy_fur.mixins.json into net.minecraft.world.item.ItemStack
[21янв.2026 16:34:45.743] [main/DEBUG] [mixin/]: Mixing ItemStackMixin from apoli.mixins.json into net.minecraft.world.item.ItemStack
[21янв.2026 16:34:45.743] [main/DEBUG] [mixin/]: Renaming synthetic method lambda$callActionOnUseInstantAfter$2(Lnet/minecraft/world/entity/player/Player;Lnet/minecraft/core/Holder;)Z to md37f1aa$lambda$callActionOnUseInstantAfter$2$0 in apoli.mixins.json:ItemStackMixin
[21янв.2026 16:34:45.744] [main/DEBUG] [mixin/]: Renaming synthetic method lambda$copyNewParams$1(Lio/github/apace100/apoli/access/EntityLinkedItemStack;)V to md37f1aa$lambda$copyNewParams$1$1 in apoli.mixins.json:ItemStackMixin
[21янв.2026 16:34:45.744] [main/DEBUG] [mixin/]: Renaming synthetic method lambda$callActionOnUseInstantBefore$0(Lnet/minecraft/world/entity/player/Player;Lnet/minecraft/core/Holder;)Z to md37f1aa$lambda$callActionOnUseInstantBefore$0$2 in apoli.mixins.json:ItemStackMixin
[21янв.2026 16:34:45.795] [main/DEBUG] [net.minecraftforge.coremod.transformer.CoreModBaseTransformer/COREMOD]: Transforming canEquip with desc (Lnet/minecraft/world/entity/EquipmentSlot;Lnet/minecraft/world/entity/Entity;)Z
[21янв.2026 16:34:45.795] [main/DEBUG] [net.minecraftforge.coremod.transformer.CoreModBaseTransformer/COREMOD]: Transforming getHighlightTip with desc (Lnet/minecraft/network/chat/Component;)Lnet/minecraft/network/chat/Component;
[21янв.2026 16:34:45.795] [main/DEBUG] [net.minecraftforge.coremod.transformer.CoreModBaseTransformer/COREMOD]: Transforming getFoodProperties with desc (Lnet/minecraft/world/entity/LivingEntity;)Lnet/minecraft/world/food/FoodProperties;
[21янв.2026 16:34:45.922] [main/DEBUG] [mixin/]: Mixing ConduitOnLandMixin from origins.mixins.json into net.minecraft.world.level.block.entity.ConduitBlockEntity
[21янв.2026 16:34:46.053] [main/DEBUG] [mixin/]: Mixing GrindstoneScreenHandlerMixin from apoli.mixins.json into net.minecraft.world.inventory.GrindstoneMenu
[21янв.2026 16:34:46.053] [main/DEBUG] [mixin/]: Renaming synthetic method lambda$cachePlayer$0(Lnet/minecraft/world/level/Level;Lnet/minecraft/core/BlockPos;)Lnet/minecraft/core/BlockPos; to md37f1aa$lambda$cachePlayer$0$0 in apoli.mixins.json:GrindstoneScreenHandlerMixin
[21янв.2026 16:34:46.169] [main/DEBUG] [mixin/]: Mixing client.LightningBoltMixin from fluffy_fur.mixins.json into net.minecraft.world.entity.LightningBolt
[21янв.2026 16:34:46.223] [main/DEBUG] [net.minecraftforge.coremod.transformer.CoreModBaseTransformer/COREMOD]: Transforming net/minecraft/world/entity/animal/frog/Tadpole
[21янв.2026 16:34:46.241] [main/DEBUG] [mixin/]: Mixing common.BlockItemMixin from fluffy_fur.mixins.json into net.minecraft.world.item.BlockItem
[21янв.2026 16:34:46.242] [main/DEBUG] [mixin/]: Mixing BlockItemMixin from apoli.mixins.json into net.minecraft.world.item.BlockItem
[21янв.2026 16:34:46.267] [main/DEBUG] [mixin/]: Mixing common.HangingEntityItemMixin from fluffy_fur.mixins.json into net.minecraft.world.item.HangingEntityItem
[21янв.2026 16:34:46.291] [main/DEBUG] [net.minecraftforge.coremod.transformer.CoreModBaseTransformer/COREMOD]: Transforming net/minecraft/world/item/BucketItem
[21янв.2026 16:34:46.301] [main/DEBUG] [mixin/]: Mixing MixinShearsItem from curios.mixins.json into net.minecraft.world.item.ShearsItem
[21янв.2026 16:34:46.763] [main/DEBUG] [mixin/]: Mixing ExperienceOrbEntityMixin from apoli.mixins.json into net.minecraft.world.entity.ExperienceOrb
[21янв.2026 16:34:46.804] [main/DEBUG] [net.minecraftforge.coremod.transformer.CoreModBaseTransformer/COREMOD]: Transforming net/minecraft/world/entity/monster/Spider
[21янв.2026 16:34:46.829] [main/DEBUG] [mixin/]: Mixing common.CreeperMixin from fluffy_fur.mixins.json into net.minecraft.world.entity.monster.Creeper
[21янв.2026 16:34:46.830] [main/DEBUG] [mixin/]: Mixing ScareCreepersMixin from origins.mixins.json into net.minecraft.world.entity.monster.Creeper
[21янв.2026 16:34:46.831] [main/DEBUG] [mixin/]: Renaming synthetic method lambda$redirectTargetGoal$1(Lnet/minecraft/world/entity/LivingEntity;)Z to md37f1aa$lambda$redirectTargetGoal$1$0 in origins.mixins.json:ScareCreepersMixin
[21янв.2026 16:34:46.831] [main/DEBUG] [mixin/]: Renaming synthetic method lambda$addGoals$0(Lnet/minecraft/world/entity/LivingEntity;)Z to md37f1aa$lambda$addGoals$0$1 in origins.mixins.json:ScareCreepersMixin
[21янв.2026 16:34:46.857] [main/DEBUG] [net.minecraftforge.coremod.transformer.CoreModBaseTransformer/COREMOD]: Transforming net/minecraft/world/entity/monster/Zombie
[21янв.2026 16:34:46.887] [main/DEBUG] [net.minecraftforge.coremod.transformer.CoreModBaseTransformer/COREMOD]: Transforming net/minecraft/world/entity/monster/ZombieVillager
[21янв.2026 16:34:46.906] [main/DEBUG] [mixin/]: Mixing common.ThrownTridentMixin from fluffy_fur.mixins.json into net.minecraft.world.entity.projectile.ThrownTrident
[21янв.2026 16:34:46.937] [main/DEBUG] [net.minecraftforge.coremod.transformer.CoreModBaseTransformer/COREMOD]: Transforming net/minecraft/world/entity/monster/Evoker$EvokerSummonSpellGoal
[21янв.2026 16:34:47.010] [main/DEBUG] [mixin/]: Mixing common.PaintingMixin from fluffy_fur.mixins.json into net.minecraft.world.entity.decoration.Painting
[21янв.2026 16:34:47.078] [main/DEBUG] [net.minecraftforge.coremod.transformer.CoreModBaseTransformer/COREMOD]: Transforming net/minecraft/world/entity/animal/horse/SkeletonTrapGoal
[21янв.2026 16:34:47.090] [main/DEBUG] [net.minecraftforge.coremod.transformer.CoreModBaseTransformer/COREMOD]: Transforming net/minecraft/world/entity/monster/Strider
[21янв.2026 16:34:47.173] [main/DEBUG] [net.minecraftforge.coremod.transformer.CoreModBaseTransformer/COREMOD]: Transforming net/minecraft/world/entity/npc/Villager
[21янв.2026 16:34:47.242] [main/DEBUG] [net.minecraftforge.coremod.transformer.CoreModBaseTransformer/COREMOD]: Transforming net/minecraft/world/effect/MobEffectInstance
[21янв.2026 16:34:47.242] [main/DEBUG] [mixin/]: Mixing StatusEffectInstanceMixin from apoli.mixins.json into net.minecraft.world.effect.MobEffectInstance
[21янв.2026 16:34:47.270] [main/DEBUG] [mixin/]: Mixing ServerPlayNetworkHandlerMixin from apoli.mixins.json into net.minecraft.server.network.ServerGamePacketListenerImpl
[21янв.2026 16:34:47.302] [main/DEBUG] [mixin/]: Mixing PotionBrewingMixin from eidolon.mixins.json into net.minecraft.world.item.alchemy.PotionBrewing
[21янв.2026 16:34:47.303] [main/DEBUG] [mixin/]: Renaming @Invoker method callAddMix(Lnet/minecraft/world/item/alchemy/Potion;Lnet/minecraft/world/item/Item;Lnet/minecraft/world/item/alchemy/Potion;)V to callAddMix_$md$37f1aa$0 in eidolon.mixins.json:PotionBrewingMixin
[21янв.2026 16:34:47.410] [main/DEBUG] [mixin/]: Mixing MixinInventory from curios.mixins.json into net.minecraft.world.entity.player.Inventory
[21янв.2026 16:34:47.431] [main/DEBUG] [mixin/]: Mixing forge.ResultSlotAccessor from apoli.mixins.json into net.minecraft.world.inventory.ResultSlot
[21янв.2026 16:34:47.438] [main/DEBUG] [mixin/]: Mixing forge.GrindstoneMenuResultSlotAccessor from apoli.mixins.json into net.minecraft.world.inventory.GrindstoneMenu$4
[21янв.2026 16:34:47.486] [main/DEBUG] [mixin/]: Mixing ItemSlotArgumentTypeAccessor from apoli.mixins.json into net.minecraft.commands.arguments.SlotArgument
[21янв.2026 16:34:47.519] [main/DEBUG] [mixin/]: Mixing LootContextMixin from apoli.mixins.json into net.minecraft.world.level.storage.loot.LootContext
[21янв.2026 16:34:47.535] [main/DEBUG] [mixin/]: Mixing common.ApplyBonusLootFunctionMixin from additionalentityattributes.mixins.json into net.minecraft.world.level.storage.loot.functions.ApplyBonusCount
[21янв.2026 16:34:47.538] [main/DEBUG] [mixin/]: Mixing MixinApplyBonusCount from curios.mixins.json into net.minecraft.world.level.storage.loot.functions.ApplyBonusCount
[21янв.2026 16:34:47.778] [main/DEBUG] [net.minecraftforge.coremod.transformer.CoreModBaseTransformer/COREMOD]: Transforming net/minecraft/world/level/levelgen/structure/Structure
[21янв.2026 16:34:47.812] [main/DEBUG] [net.minecraftforge.coremod.transformer.CoreModBaseTransformer/COREMOD]: Transforming net/minecraft/world/level/levelgen/structure/structures/OceanRuinPieces$OceanRuinPiece
[21янв.2026 16:34:47.820] [main/DEBUG] [net.minecraftforge.coremod.transformer.CoreModBaseTransformer/COREMOD]: Transforming net/minecraft/world/level/levelgen/structure/structures/SwampHutPiece
[21янв.2026 16:34:47.827] [main/DEBUG] [net.minecraftforge.coremod.transformer.CoreModBaseTransformer/COREMOD]: Transforming net/minecraft/world/level/levelgen/structure/structures/OceanMonumentPieces$OceanMonumentPiece
[21янв.2026 16:34:47.840] [main/DEBUG] [net.minecraftforge.coremod.transformer.CoreModBaseTransformer/COREMOD]: Transforming net/minecraft/world/level/levelgen/structure/structures/WoodlandMansionPieces$WoodlandMansionPiece
[21янв.2026 16:34:47.918] [main/DEBUG] [net.minecraftforge.coremod.transformer.CoreModBaseTransformer/COREMOD]: Transforming net/minecraft/world/level/biome/Biome
[21янв.2026 16:34:47.919] [main/DEBUG] [mixin/]: Mixing BiomeMixin from apoli.mixins.json into net.minecraft.world.level.biome.Biome
[21янв.2026 16:34:48.051] [main/DEBUG] [net.minecraftforge.registries.GameData/REGISTRIES]: Creating vanilla freeze snapshot
[21янв.2026 16:34:48.052] [main/DEBUG] [net.minecraftforge.registries.ForgeRegistry/REGISTRIES]: Registry minecraft:block Sync: VANILLA -> ACTIVE
[21янв.2026 16:34:48.060] [main/DEBUG] [net.minecraftforge.registries.ForgeRegistry/REGISTRIES]: Registry minecraft:fluid Sync: VANILLA -> ACTIVE
[21янв.2026 16:34:48.061] [main/DEBUG] [net.minecraftforge.registries.ForgeRegistry/REGISTRIES]: Registry minecraft:item Sync: VANILLA -> ACTIVE
[21янв.2026 16:34:48.069] [main/DEBUG] [net.minecraftforge.registries.ForgeRegistry/REGISTRIES]: Registry minecraft:mob_effect Sync: VANILLA -> ACTIVE
[21янв.2026 16:34:48.069] [main/DEBUG] [net.minecraftforge.registries.ForgeRegistry/REGISTRIES]: Registry minecraft:sound_event Sync: VANILLA -> ACTIVE
[21янв.2026 16:34:48.077] [main/DEBUG] [net.minecraftforge.registries.ForgeRegistry/REGISTRIES]: Registry minecraft:potion Sync: VANILLA -> ACTIVE
[21янв.2026 16:34:48.077] [main/DEBUG] [net.minecraftforge.registries.ForgeRegistry/REGISTRIES]: Registry minecraft:enchantment Sync: VANILLA -> ACTIVE
[21янв.2026 16:34:48.077] [main/DEBUG] [net.minecraftforge.registries.ForgeRegistry/REGISTRIES]: Registry minecraft:entity_type Sync: VANILLA -> ACTIVE
[21янв.2026 16:34:48.078] [main/DEBUG] [net.minecraftforge.registries.ForgeRegistry/REGISTRIES]: Registry minecraft:block_entity_type Sync: VANILLA -> ACTIVE
[21янв.2026 16:34:48.078] [main/DEBUG] [net.minecraftforge.registries.ForgeRegistry/REGISTRIES]: Registry minecraft:particle_type Sync: VANILLA -> ACTIVE
[21янв.2026 16:34:48.079] [main/DEBUG] [net.minecraftforge.registries.ForgeRegistry/REGISTRIES]: Registry minecraft:menu Sync: VANILLA -> ACTIVE
[21янв.2026 16:34:48.079] [main/DEBUG] [net.minecraftforge.registries.ForgeRegistry/REGISTRIES]: Registry minecraft:painting_variant Sync: VANILLA -> ACTIVE
[21янв.2026 16:34:48.079] [main/DEBUG] [net.minecraftforge.registries.ForgeRegistry/REGISTRIES]: Registry minecraft:recipe_type Sync: VANILLA -> ACTIVE
[21янв.2026 16:34:48.079] [main/DEBUG] [net.minecraftforge.registries.ForgeRegistry/REGISTRIES]: Registry minecraft:recipe_serializer Sync: VANILLA -> ACTIVE
[21янв.2026 16:34:48.080] [main/DEBUG] [net.minecraftforge.registries.ForgeRegistry/REGISTRIES]: Registry minecraft:attribute Sync: VANILLA -> ACTIVE
[21янв.2026 16:34:48.080] [main/DEBUG] [net.minecraftforge.registries.ForgeRegistry/REGISTRIES]: Registry minecraft:stat_type Sync: VANILLA -> ACTIVE
[21янв.2026 16:34:48.080] [main/DEBUG] [net.minecraftforge.registries.ForgeRegistry/REGISTRIES]: Registry minecraft:command_argument_type Sync: VANILLA -> ACTIVE
[21янв.2026 16:34:48.080] [main/DEBUG] [net.minecraftforge.registries.ForgeRegistry/REGISTRIES]: Registry minecraft:villager_profession Sync: VANILLA -> ACTIVE
[21янв.2026 16:34:48.080] [main/DEBUG] [net.minecraftforge.registries.ForgeRegistry/REGISTRIES]: Registry minecraft:point_of_interest_type Sync: VANILLA -> ACTIVE
[21янв.2026 16:34:48.082] [main/DEBUG] [net.minecraftforge.registries.ForgeRegistry/REGISTRIES]: Registry minecraft:memory_module_type Sync: VANILLA -> ACTIVE
[21янв.2026 16:34:48.083] [main/DEBUG] [net.minecraftforge.registries.ForgeRegistry/REGISTRIES]: Registry minecraft:sensor_type Sync: VANILLA -> ACTIVE
[21янв.2026 16:34:48.083] [main/DEBUG] [net.minecraftforge.registries.ForgeRegistry/REGISTRIES]: Registry minecraft:schedule Sync: VANILLA -> ACTIVE
[21янв.2026 16:34:48.083] [main/DEBUG] [net.minecraftforge.registries.ForgeRegistry/REGISTRIES]: Registry minecraft:activity Sync: VANILLA -> ACTIVE
[21янв.2026 16:34:48.083] [main/DEBUG] [net.minecraftforge.registries.ForgeRegistry/REGISTRIES]: Registry minecraft:worldgen/carver Sync: VANILLA -> ACTIVE
[21янв.2026 16:34:48.083] [main/DEBUG] [net.minecraftforge.registries.ForgeRegistry/REGISTRIES]: Registry minecraft:worldgen/feature Sync: VANILLA -> ACTIVE
[21янв.2026 16:34:48.083] [main/DEBUG] [net.minecraftforge.registries.ForgeRegistry/REGISTRIES]: Registry minecraft:chunk_status Sync: VANILLA -> ACTIVE
[21янв.2026 16:34:48.084] [main/DEBUG] [net.minecraftforge.registries.ForgeRegistry/REGISTRIES]: Registry minecraft:worldgen/block_state_provider_type Sync: VANILLA -> ACTIVE
[21янв.2026 16:34:48.084] [main/DEBUG] [net.minecraftforge.registries.ForgeRegistry/REGISTRIES]: Registry minecraft:worldgen/foliage_placer_type Sync: VANILLA -> ACTIVE
[21янв.2026 16:34:48.084] [main/DEBUG] [net.minecraftforge.registries.ForgeRegistry/REGISTRIES]: Registry minecraft:worldgen/tree_decorator_type Sync: VANILLA -> ACTIVE
[21янв.2026 16:34:48.084] [main/DEBUG] [net.minecraftforge.registries.ForgeRegistry/REGISTRIES]: Registry minecraft:worldgen/biome Sync: VANILLA -> ACTIVE
[21янв.2026 16:34:48.088] [main/DEBUG] [net.minecraftforge.registries.GameData/REGISTRIES]: Vanilla freeze snapshot created
[21янв.2026 16:34:48.102] [main/DEBUG] [io.netty.util.internal.PlatformDependent0/]: -Dio.netty.noUnsafe: false
[21янв.2026 16:34:48.102] [main/DEBUG] [io.netty.util.internal.PlatformDependent0/]: Java version: 17
[21янв.2026 16:34:48.102] [main/DEBUG] [io.netty.util.internal.PlatformDependent0/]: sun.misc.Unsafe.theUnsafe: available
[21янв.2026 16:34:48.103] [main/DEBUG] [io.netty.util.internal.PlatformDependent0/]: sun.misc.Unsafe.copyMemory: available
[21янв.2026 16:34:48.103] [main/DEBUG] [io.netty.util.internal.PlatformDependent0/]: sun.misc.Unsafe.storeFence: available
[21янв.2026 16:34:48.103] [main/DEBUG] [io.netty.util.internal.PlatformDependent0/]: java.nio.Buffer.address: available
[21янв.2026 16:34:48.103] [main/DEBUG] [io.netty.util.internal.PlatformDependent0/]: direct buffer constructor: unavailable
java.lang.UnsupportedOperationException: Reflective setAccessible(true) disabled
	at io.netty.util.internal.ReflectionUtil.trySetAccessible(ReflectionUtil.java:31) ~[netty-common-4.1.82.Final.jar:4.1.82.Final]
	at io.netty.util.internal.PlatformDependent0$5.run(PlatformDependent0.java:288) ~[netty-common-4.1.82.Final.jar:4.1.82.Final]
	at java.security.AccessController.doPrivileged(AccessController.java:318) ~[?:?]
	at io.netty.util.internal.PlatformDependent0.<clinit>(PlatformDependent0.java:282) ~[netty-common-4.1.82.Final.jar:4.1.82.Final]
	at io.netty.util.internal.PlatformDependent.isAndroid(PlatformDependent.java:333) ~[netty-common-4.1.82.Final.jar:4.1.82.Final]
	at io.netty.util.internal.PlatformDependent.<clinit>(PlatformDependent.java:88) ~[netty-common-4.1.82.Final.jar:4.1.82.Final]
	at io.netty.util.ConstantPool.<init>(ConstantPool.java:34) ~[netty-common-4.1.82.Final.jar:4.1.82.Final]
	at io.netty.util.AttributeKey$1.<init>(AttributeKey.java:27) ~[netty-common-4.1.82.Final.jar:4.1.82.Final]
	at io.netty.util.AttributeKey.<clinit>(AttributeKey.java:27) ~[netty-common-4.1.82.Final.jar:4.1.82.Final]
	at net.minecraftforge.network.NetworkConstants.<clinit>(NetworkConstants.java:34) ~[forge-1.20.1-47.4.13_mapped_official_1.20.1.jar:?]
	at net.minecraftforge.network.NetworkHooks.init(NetworkHooks.java:52) ~[forge-1.20.1-47.4.13_mapped_official_1.20.1.jar:?]
	at net.minecraft.server.Bootstrap.bootStrap(Bootstrap.java:62) ~[forge-1.20.1-47.4.13_mapped_official_1.20.1.jar:?]
	at net.minecraftforge.data.loading.DatagenModLoader.begin(DatagenModLoader.java:42) ~[forge-1.20.1-47.4.13_mapped_official_1.20.1.jar:?]
	at net.minecraft.data.Main.main(Main.java:90) ~[forge-1.20.1-47.4.13_mapped_official_1.20.1.jar:?]
	at jdk.internal.reflect.NativeMethodAccessorImpl.invoke0(Native Method) ~[?:?]
	at jdk.internal.reflect.NativeMethodAccessorImpl.invoke(NativeMethodAccessorImpl.java:77) ~[?:?]
	at jdk.internal.reflect.DelegatingMethodAccessorImpl.invoke(DelegatingMethodAccessorImpl.java:43) ~[?:?]
	at java.lang.reflect.Method.invoke(Method.java:569) ~[?:?]
	at net.minecraftforge.fml.loading.targets.CommonLaunchHandler.runTarget(CommonLaunchHandler.java:111) ~[fmlloader-1.20.1-47.4.13.jar:?]
	at net.minecraftforge.fml.loading.targets.CommonLaunchHandler.dataService(CommonLaunchHandler.java:107) ~[fmlloader-1.20.1-47.4.13.jar:?]
	at net.minecraftforge.fml.loading.targets.ForgeDataUserdevLaunchHandler.devService(ForgeDataUserdevLaunchHandler.java:22) ~[fmlloader-1.20.1-47.4.13.jar:?]
	at net.minecraftforge.fml.loading.targets.CommonDevLaunchHandler.lambda$makeService$7(CommonDevLaunchHandler.java:135) ~[fmlloader-1.20.1-47.4.13.jar:?]
	at cpw.mods.modlauncher.LaunchServiceHandlerDecorator.launch(LaunchServiceHandlerDecorator.java:30) ~[modlauncher-10.0.9.jar:?]
	at cpw.mods.modlauncher.LaunchServiceHandler.launch(LaunchServiceHandler.java:53) ~[modlauncher-10.0.9.jar:?]
	at cpw.mods.modlauncher.LaunchServiceHandler.launch(LaunchServiceHandler.java:71) ~[modlauncher-10.0.9.jar:?]
	at cpw.mods.modlauncher.Launcher.run(Launcher.java:108) ~[modlauncher-10.0.9.jar:?]
	at cpw.mods.modlauncher.Launcher.main(Launcher.java:78) ~[modlauncher-10.0.9.jar:?]
	at cpw.mods.modlauncher.BootstrapLaunchConsumer.accept(BootstrapLaunchConsumer.java:26) ~[modlauncher-10.0.9.jar:?]
	at cpw.mods.modlauncher.BootstrapLaunchConsumer.accept(BootstrapLaunchConsumer.java:23) ~[modlauncher-10.0.9.jar:?]
	at cpw.mods.bootstraplauncher.BootstrapLauncher.main(BootstrapLauncher.java:141) ~[bootstraplauncher-1.1.2.jar:?]
[21янв.2026 16:34:48.118] [main/DEBUG] [io.netty.util.internal.PlatformDependent0/]: java.nio.Bits.unaligned: available, true
[21янв.2026 16:34:48.120] [main/DEBUG] [io.netty.util.internal.PlatformDependent0/]: jdk.internal.misc.Unsafe.allocateUninitializedArray(int): unavailable
java.lang.IllegalAccessException: class io.netty.util.internal.PlatformDependent0$7 (in module io.netty.common) cannot access class jdk.internal.misc.Unsafe (in module java.base) because module java.base does not export jdk.internal.misc to module io.netty.common
	at jdk.internal.reflect.Reflection.newIllegalAccessException(Reflection.java:392) ~[?:?]
	at java.lang.reflect.AccessibleObject.checkAccess(AccessibleObject.java:674) ~[?:?]
	at java.lang.reflect.Method.invoke(Method.java:561) ~[?:?]
	at io.netty.util.internal.PlatformDependent0$7.run(PlatformDependent0.java:410) ~[netty-common-4.1.82.Final.jar:4.1.82.Final]
	at java.security.AccessController.doPrivileged(AccessController.java:318) ~[?:?]
	at io.netty.util.internal.PlatformDependent0.<clinit>(PlatformDependent0.java:401) ~[netty-common-4.1.82.Final.jar:4.1.82.Final]
	at io.netty.util.internal.PlatformDependent.isAndroid(PlatformDependent.java:333) ~[netty-common-4.1.82.Final.jar:4.1.82.Final]
	at io.netty.util.internal.PlatformDependent.<clinit>(PlatformDependent.java:88) ~[netty-common-4.1.82.Final.jar:4.1.82.Final]
	at io.netty.util.ConstantPool.<init>(ConstantPool.java:34) ~[netty-common-4.1.82.Final.jar:4.1.82.Final]
	at io.netty.util.AttributeKey$1.<init>(AttributeKey.java:27) ~[netty-common-4.1.82.Final.jar:4.1.82.Final]
	at io.netty.util.AttributeKey.<clinit>(AttributeKey.java:27) ~[netty-common-4.1.82.Final.jar:4.1.82.Final]
	at net.minecraftforge.network.NetworkConstants.<clinit>(NetworkConstants.java:34) ~[forge-1.20.1-47.4.13_mapped_official_1.20.1.jar:?]
	at net.minecraftforge.network.NetworkHooks.init(NetworkHooks.java:52) ~[forge-1.20.1-47.4.13_mapped_official_1.20.1.jar:?]
	at net.minecraft.server.Bootstrap.bootStrap(Bootstrap.java:62) ~[forge-1.20.1-47.4.13_mapped_official_1.20.1.jar:?]
	at net.minecraftforge.data.loading.DatagenModLoader.begin(DatagenModLoader.java:42) ~[forge-1.20.1-47.4.13_mapped_official_1.20.1.jar:?]
	at net.minecraft.data.Main.main(Main.java:90) ~[forge-1.20.1-47.4.13_mapped_official_1.20.1.jar:?]
	at jdk.internal.reflect.NativeMethodAccessorImpl.invoke0(Native Method) ~[?:?]
	at jdk.internal.reflect.NativeMethodAccessorImpl.invoke(NativeMethodAccessorImpl.java:77) ~[?:?]
	at jdk.internal.reflect.DelegatingMethodAccessorImpl.invoke(DelegatingMethodAccessorImpl.java:43) ~[?:?]
	at java.lang.reflect.Method.invoke(Method.java:569) ~[?:?]
	at net.minecraftforge.fml.loading.targets.CommonLaunchHandler.runTarget(CommonLaunchHandler.java:111) ~[fmlloader-1.20.1-47.4.13.jar:?]
	at net.minecraftforge.fml.loading.targets.CommonLaunchHandler.dataService(CommonLaunchHandler.java:107) ~[fmlloader-1.20.1-47.4.13.jar:?]
	at net.minecraftforge.fml.loading.targets.ForgeDataUserdevLaunchHandler.devService(ForgeDataUserdevLaunchHandler.java:22) ~[fmlloader-1.20.1-47.4.13.jar:?]
	at net.minecraftforge.fml.loading.targets.CommonDevLaunchHandler.lambda$makeService$7(CommonDevLaunchHandler.java:135) ~[fmlloader-1.20.1-47.4.13.jar:?]
	at cpw.mods.modlauncher.LaunchServiceHandlerDecorator.launch(LaunchServiceHandlerDecorator.java:30) ~[modlauncher-10.0.9.jar:?]
	at cpw.mods.modlauncher.LaunchServiceHandler.launch(LaunchServiceHandler.java:53) ~[modlauncher-10.0.9.jar:?]
	at cpw.mods.modlauncher.LaunchServiceHandler.launch(LaunchServiceHandler.java:71) ~[modlauncher-10.0.9.jar:?]
	at cpw.mods.modlauncher.Launcher.run(Launcher.java:108) ~[modlauncher-10.0.9.jar:?]
	at cpw.mods.modlauncher.Launcher.main(Launcher.java:78) ~[modlauncher-10.0.9.jar:?]
	at cpw.mods.modlauncher.BootstrapLaunchConsumer.accept(BootstrapLaunchConsumer.java:26) ~[modlauncher-10.0.9.jar:?]
	at cpw.mods.modlauncher.BootstrapLaunchConsumer.accept(BootstrapLaunchConsumer.java:23) ~[modlauncher-10.0.9.jar:?]
	at cpw.mods.bootstraplauncher.BootstrapLauncher.main(BootstrapLauncher.java:141) ~[bootstraplauncher-1.1.2.jar:?]
[21янв.2026 16:34:48.120] [main/DEBUG] [io.netty.util.internal.PlatformDependent0/]: java.nio.DirectByteBuffer.<init>(long, int): unavailable
[21янв.2026 16:34:48.120] [main/DEBUG] [io.netty.util.internal.PlatformDependent/]: sun.misc.Unsafe: available
[21янв.2026 16:34:48.121] [main/DEBUG] [io.netty.util.internal.PlatformDependent/]: maxDirectMemory: 4273995776 bytes (maybe)
[21янв.2026 16:34:48.121] [main/DEBUG] [io.netty.util.internal.PlatformDependent/]: -Dio.netty.tmpdir: C:\Users\6145~1\AppData\Local\Temp (java.io.tmpdir)
[21янв.2026 16:34:48.121] [main/DEBUG] [io.netty.util.internal.PlatformDependent/]: -Dio.netty.bitMode: 64 (sun.arch.data.model)
[21янв.2026 16:34:48.121] [main/DEBUG] [io.netty.util.internal.PlatformDependent/]: Platform: Windows
[21янв.2026 16:34:48.122] [main/DEBUG] [io.netty.util.internal.PlatformDependent/]: -Dio.netty.maxDirectMemory: -1 bytes
[21янв.2026 16:34:48.122] [main/DEBUG] [io.netty.util.internal.PlatformDependent/]: -Dio.netty.uninitializedArrayAllocationThreshold: -1
[21янв.2026 16:34:48.122] [main/DEBUG] [io.netty.util.internal.CleanerJava9/]: java.nio.ByteBuffer.cleaner(): available
[21янв.2026 16:34:48.122] [main/DEBUG] [io.netty.util.internal.PlatformDependent/]: -Dio.netty.noPreferDirect: false
[21янв.2026 16:34:48.163] [main/DEBUG] [net.minecraftforge.network.NetworkHooks/]: Loading Network data for FML net version: FML3
[21янв.2026 16:34:48.176] [main/DEBUG] [net.minecraftforge.fml.ModWorkManager/LOADING]: Using 12 threads for parallel mod-loading
[21янв.2026 16:34:48.181] [main/DEBUG] [net.minecraftforge.fml.javafmlmod.FMLJavaModLanguageProvider/LOADING]: Loading FMLModContainer from classloader cpw.mods.modlauncher.TransformingClassLoader@dd4aec3 - got cpw.mods.cl.ModuleClassLoader@1bbae752
[21янв.2026 16:34:48.182] [main/DEBUG] [net.minecraftforge.fml.javafmlmod.FMLModContainer/LOADING]: Creating FMLModContainer instance for com.llamalad7.mixinextras.platform.forge.MixinExtrasMod
[21янв.2026 16:34:48.182] [main/DEBUG] [net.minecraftforge.fml.javafmlmod.FMLJavaModLanguageProvider/LOADING]: Loading FMLModContainer from classloader cpw.mods.modlauncher.TransformingClassLoader@dd4aec3 - got cpw.mods.cl.ModuleClassLoader@1bbae752
[21янв.2026 16:34:48.183] [main/DEBUG] [net.minecraftforge.fml.javafmlmod.FMLModContainer/LOADING]: Creating FMLModContainer instance for mod.maxbogomol.fluffy_fur.FluffyFur
[21янв.2026 16:34:48.183] [main/DEBUG] [net.minecraftforge.fml.javafmlmod.FMLJavaModLanguageProvider/LOADING]: Loading FMLModContainer from classloader cpw.mods.modlauncher.TransformingClassLoader@dd4aec3 - got cpw.mods.cl.ModuleClassLoader@1bbae752
[21янв.2026 16:34:48.183] [main/DEBUG] [net.minecraftforge.fml.javafmlmod.FMLModContainer/LOADING]: Creating FMLModContainer instance for de.dafuqs.additionalentityattributes.AdditionalEntityAttributesMod
[21янв.2026 16:34:48.183] [main/DEBUG] [net.minecraftforge.fml.javafmlmod.FMLJavaModLanguageProvider/LOADING]: Loading FMLModContainer from classloader cpw.mods.modlauncher.TransformingClassLoader@dd4aec3 - got cpw.mods.cl.ModuleClassLoader@1bbae752
[21янв.2026 16:34:48.184] [main/DEBUG] [net.minecraftforge.fml.javafmlmod.FMLModContainer/LOADING]: Creating FMLModContainer instance for io.github.apace100.calio.Calio
[21янв.2026 16:34:48.184] [main/DEBUG] [net.minecraftforge.fml.javafmlmod.FMLJavaModLanguageProvider/LOADING]: Loading FMLModContainer from classloader cpw.mods.modlauncher.TransformingClassLoader@dd4aec3 - got cpw.mods.cl.ModuleClassLoader@1bbae752
[21янв.2026 16:34:48.184] [main/DEBUG] [net.minecraftforge.fml.javafmlmod.FMLModContainer/LOADING]: Creating FMLModContainer instance for top.theillusivec4.caelus.Caelus
[21янв.2026 16:34:48.184] [main/DEBUG] [net.minecraftforge.fml.javafmlmod.FMLJavaModLanguageProvider/LOADING]: Loading FMLModContainer from classloader cpw.mods.modlauncher.TransformingClassLoader@dd4aec3 - got cpw.mods.cl.ModuleClassLoader@1bbae752
[21янв.2026 16:34:48.184] [main/DEBUG] [net.minecraftforge.fml.javafmlmod.FMLModContainer/LOADING]: Creating FMLModContainer instance for net.minecraftforge.common.ForgeMod
[21янв.2026 16:34:48.186] [main/DEBUG] [net.minecraftforge.fml.javafmlmod.FMLJavaModLanguageProvider/LOADING]: Loading FMLModContainer from classloader cpw.mods.modlauncher.TransformingClassLoader@dd4aec3 - got cpw.mods.cl.ModuleClassLoader@1bbae752
[21янв.2026 16:34:48.186] [main/DEBUG] [net.minecraftforge.fml.javafmlmod.FMLModContainer/LOADING]: Creating FMLModContainer instance for net.Tehword.eidolon_origins.Eidolon_origins
[21янв.2026 16:34:48.187] [main/DEBUG] [net.minecraftforge.fml.javafmlmod.FMLJavaModLanguageProvider/LOADING]: Loading FMLModContainer from classloader cpw.mods.modlauncher.TransformingClassLoader@dd4aec3 - got cpw.mods.cl.ModuleClassLoader@1bbae752
[21янв.2026 16:34:48.187] [main/DEBUG] [net.minecraftforge.fml.javafmlmod.FMLModContainer/LOADING]: Creating FMLModContainer instance for io.github.apace100.apoli.Apoli
[21янв.2026 16:34:48.188] [main/DEBUG] [net.minecraftforge.fml.javafmlmod.FMLJavaModLanguageProvider/LOADING]: Loading FMLModContainer from classloader cpw.mods.modlauncher.TransformingClassLoader@dd4aec3 - got cpw.mods.cl.ModuleClassLoader@1bbae752
[21янв.2026 16:34:48.188] [main/DEBUG] [net.minecraftforge.fml.javafmlmod.FMLModContainer/LOADING]: Creating FMLModContainer instance for top.theillusivec4.curios.Curios
[21янв.2026 16:34:48.189] [main/DEBUG] [net.minecraftforge.fml.javafmlmod.FMLJavaModLanguageProvider/LOADING]: Loading FMLModContainer from classloader cpw.mods.modlauncher.TransformingClassLoader@dd4aec3 - got cpw.mods.cl.ModuleClassLoader@1bbae752
[21янв.2026 16:34:48.189] [main/DEBUG] [net.minecraftforge.fml.javafmlmod.FMLModContainer/LOADING]: Creating FMLModContainer instance for elucent.eidolon.Eidolon
[21янв.2026 16:34:48.190] [main/DEBUG] [net.minecraftforge.fml.javafmlmod.FMLJavaModLanguageProvider/LOADING]: Loading FMLModContainer from classloader cpw.mods.modlauncher.TransformingClassLoader@dd4aec3 - got cpw.mods.cl.ModuleClassLoader@1bbae752
[21янв.2026 16:34:48.190] [main/DEBUG] [net.minecraftforge.fml.javafmlmod.FMLModContainer/LOADING]: Creating FMLModContainer instance for io.github.apace100.origins.Origins
[21янв.2026 16:34:48.198] [modloading-worker-0/DEBUG] [mixin/]: Mixing forge.CaelusMixin from apoli.mixins.json into top.theillusivec4.caelus.common.CaelusApiImpl
[21янв.2026 16:34:48.198] [modloading-worker-0/DEBUG] [net.minecraftforge.fml.javafmlmod.AutomaticEventSubscriber/LOADING]: Attempting to inject @EventBusSubscriber classes into the eventbus for mixinextras
[21янв.2026 16:34:48.204] [modloading-worker-0/DEBUG] [mixin/]: Mixing MixinCaelusApi from caelus.mixins.json into top.theillusivec4.caelus.api.CaelusApi
[21янв.2026 16:34:48.209] [modloading-worker-0/INFO] [io.github.apace100.origins.Origins/]: Origins 1.20.1-1.10.0.9 is initializing. Have fun!
[21янв.2026 16:34:48.214] [modloading-worker-0/DEBUG] [mixin/]: Mixing MixinLocalPlayer from caelus.mixins.json into net.minecraft.client.player.LocalPlayer
[21янв.2026 16:34:48.215] [modloading-worker-0/DEBUG] [mixin/]: Mixing ClientPlayerEntityMixin from apoli.mixins.json into net.minecraft.client.player.LocalPlayer
[21янв.2026 16:34:48.216] [modloading-worker-0/DEBUG] [mixin/]: Mixing WaterVisibilityMixin from origins.mixins.json into net.minecraft.client.player.LocalPlayer
[21янв.2026 16:34:48.251] [modloading-worker-0/INFO] [Calio/]: Calio 1.20.1-1.11.0.5 initializing...
[21янв.2026 16:34:48.252] [modloading-worker-0/DEBUG] [net.minecraftforge.fml.javafmlmod.AutomaticEventSubscriber/LOADING]: Attempting to inject @EventBusSubscriber classes into the eventbus for additionalentityattributes
[21янв.2026 16:34:48.253] [modloading-worker-0/DEBUG] [mixin/]: Mixing client.AbstractClientPlayerMixin from fluffy_fur.mixins.json into net.minecraft.client.player.AbstractClientPlayer
[21янв.2026 16:34:48.269] [modloading-worker-0/DEBUG] [net.minecraftforge.fml.javafmlmod.AutomaticEventSubscriber/LOADING]: Attempting to inject @EventBusSubscriber classes into the eventbus for caelus
[21янв.2026 16:34:48.271] [modloading-worker-0/DEBUG] [net.minecraftforge.versions.forge.ForgeVersion/CORE]: Forge Version package package net.minecraftforge.versions.forge, Forge, version 47.4 from cpw.mods.modlauncher.TransformingClassLoader@dd4aec3
[21янв.2026 16:34:48.271] [modloading-worker-0/DEBUG] [net.minecraftforge.versions.forge.ForgeVersion/CORE]: Found Forge version 47.4.13
[21янв.2026 16:34:48.271] [modloading-worker-0/DEBUG] [net.minecraftforge.versions.forge.ForgeVersion/CORE]: Found Forge spec 47.4
[21янв.2026 16:34:48.271] [modloading-worker-0/DEBUG] [net.minecraftforge.versions.forge.ForgeVersion/CORE]: Found Forge group net.minecraftforge
[21янв.2026 16:34:48.272] [modloading-worker-0/DEBUG] [net.minecraftforge.versions.mcp.MCPVersion/CORE]: MCP Version package package net.minecraftforge.versions.mcp, Minecraft, version 1.20.1 from cpw.mods.modlauncher.TransformingClassLoader@dd4aec3
[21янв.2026 16:34:48.272] [modloading-worker-0/DEBUG] [net.minecraftforge.versions.mcp.MCPVersion/CORE]: Found MC version information 1.20.1
[21янв.2026 16:34:48.273] [modloading-worker-0/DEBUG] [net.minecraftforge.versions.mcp.MCPVersion/CORE]: Found MCP version information 20230612.114412
[21янв.2026 16:34:48.273] [modloading-worker-0/INFO] [net.minecraftforge.common.ForgeMod/FORGEMOD]: Forge mod loading, version 47.4.13, for MC 1.20.1 with MCP 20230612.114412
[21янв.2026 16:34:48.273] [modloading-worker-0/DEBUG] [net.minecraftforge.fml.config.ConfigTracker/CONFIG]: Config file origins-common.toml for origins tracking
[21янв.2026 16:34:48.273] [modloading-worker-0/DEBUG] [net.minecraftforge.fml.ModLoadingContext/]: Attempted to register an empty config for type CLIENT on mod origins
[21янв.2026 16:34:48.273] [modloading-worker-0/DEBUG] [net.minecraftforge.fml.config.ConfigTracker/CONFIG]: Config file calio-common.toml for calio tracking
[21янв.2026 16:34:48.273] [modloading-worker-0/DEBUG] [net.minecraftforge.fml.ModLoadingContext/]: Attempted to register an empty config for type SERVER on mod origins
[21янв.2026 16:34:48.273] [modloading-worker-0/INFO] [net.minecraftforge.common.MinecraftForge/FORGE]: MinecraftForge v47.4.13 Initialized
[21янв.2026 16:34:48.278] [modloading-worker-0/DEBUG] [net.minecraftforge.fml.config.ConfigTracker/CONFIG]: Config file apoli-common.toml for apoli tracking
[21янв.2026 16:34:48.278] [modloading-worker-0/DEBUG] [net.minecraftforge.fml.config.ConfigTracker/CONFIG]: Config file apoli-client.toml for apoli tracking
[21янв.2026 16:34:48.278] [modloading-worker-0/DEBUG] [net.minecraftforge.fml.config.ConfigTracker/CONFIG]: Config file apoli-server.toml for apoli tracking
[21янв.2026 16:34:48.281] [modloading-worker-0/DEBUG] [net.minecraftforge.fml.config.ConfigTracker/CONFIG]: Config file eidolon/light3.toml for eidolon_origins tracking
[21янв.2026 16:34:48.282] [modloading-worker-0/DEBUG] [net.minecraftforge.fml.config.ConfigTracker/CONFIG]: Config file eidolon/furry.toml for eidolon_origins tracking
[21янв.2026 16:34:48.282] [modloading-worker-0/DEBUG] [net.minecraftforge.fml.config.ConfigTracker/CONFIG]: Config file eidolon-client.toml for eidolon tracking
[21янв.2026 16:34:48.282] [modloading-worker-0/DEBUG] [net.minecraftforge.fml.config.ConfigTracker/CONFIG]: Config file curios-client.toml for curios tracking
[21янв.2026 16:34:48.282] [modloading-worker-0/DEBUG] [net.minecraftforge.fml.config.ConfigTracker/CONFIG]: Config file eidolon-common.toml for eidolon tracking
[21янв.2026 16:34:48.285] [modloading-worker-0/DEBUG] [net.minecraftforge.fml.config.ConfigTracker/CONFIG]: Config file curios-common.toml for curios tracking
[21янв.2026 16:34:48.285] [modloading-worker-0/DEBUG] [net.minecraftforge.fml.config.ConfigTracker/CONFIG]: Config file curios-server.toml for curios tracking
[21янв.2026 16:34:48.285] [modloading-worker-0/DEBUG] [net.minecraftforge.fml.javafmlmod.AutomaticEventSubscriber/LOADING]: Attempting to inject @EventBusSubscriber classes into the eventbus for curios
[21янв.2026 16:34:48.287] [modloading-worker-0/DEBUG] [net.minecraftforge.fml.javafmlmod.AutomaticEventSubscriber/LOADING]: Attempting to inject @EventBusSubscriber classes into the eventbus for eidolon_origins
[21янв.2026 16:34:48.288] [modloading-worker-0/DEBUG] [net.minecraftforge.fml.javafmlmod.AutomaticEventSubscriber/LOADING]: Auto-subscribing top.theillusivec4.curios.Curios$ClientProxy to MOD
[21янв.2026 16:34:48.288] [modloading-worker-0/DEBUG] [net.minecraftforge.fml.javafmlmod.AutomaticEventSubscriber/LOADING]: Auto-subscribing net.Tehword.eidolon_origins.client.ClientEvents to FORGE
[21янв.2026 16:34:48.290] [modloading-worker-0/DEBUG] [net.minecraftforge.fml.javafmlmod.AutomaticEventSubscriber/LOADING]: Auto-subscribing net.Tehword.eidolon_origins.datagen.Datagen to MOD
[21янв.2026 16:34:48.290] [modloading-worker-0/DEBUG] [mixin/]: Mixing LivingEntityRendererMixin from apoli.mixins.json into net.minecraft.client.renderer.entity.LivingEntityRenderer
[21янв.2026 16:34:48.291] [modloading-worker-0/DEBUG] [mixin/]: Renaming synthetic method lambda$changeRenderLayerWhenTranslucent$1(Lnet/minecraft/world/entity/LivingEntity;Lio/github/edwinmindcraft/apoli/common/power/configuration/ColorConfiguration;)Lnet/minecraft/client/renderer/RenderType; to md37f1aa$lambda$changeRenderLayerWhenTranslucent$1$0 in apoli.mixins.json:LivingEntityRendererMixin
[21янв.2026 16:34:48.291] [modloading-worker-0/DEBUG] [mixin/]: Renaming synthetic method lambda$changeRenderLayerWhenTranslucent$0(Lio/github/edwinmindcraft/apoli/common/power/configuration/ColorConfiguration;)Z to md37f1aa$lambda$changeRenderLayerWhenTranslucent$0$1 in apoli.mixins.json:LivingEntityRendererMixin
[21янв.2026 16:34:48.330] [modloading-worker-0/DEBUG] [net.minecraftforge.fml.javafmlmod.AutomaticEventSubscriber/LOADING]: Auto-subscribing net.Tehword.eidolon_origins.registries.EOcodex to FORGE
[21янв.2026 16:34:48.338] [modloading-worker-0/DEBUG] [net.minecraftforge.fml.javafmlmod.AutomaticEventSubscriber/LOADING]: Auto-subscribing net.Tehword.eidolon_origins.spell.DamageSources to FORGE
[21янв.2026 16:34:48.339] [modloading-worker-0/DEBUG] [mixin/]: Mixing DamageSourceMixin from apoli.mixins.json into net.minecraft.world.damagesource.DamageSource
[21янв.2026 16:34:48.353] [modloading-worker-0/DEBUG] [net.minecraftforge.fml.config.ConfigTracker/CONFIG]: Config file forge-client.toml for forge tracking
[21янв.2026 16:34:48.353] [modloading-worker-0/DEBUG] [net.minecraftforge.fml.config.ConfigTracker/CONFIG]: Config file forge-server.toml for forge tracking
[21янв.2026 16:34:48.353] [modloading-worker-0/DEBUG] [net.minecraftforge.fml.ModLoadingContext/]: Attempted to register an empty config for type COMMON on mod forge
[21янв.2026 16:34:48.357] [modloading-worker-0/DEBUG] [mixin/]: Mixing client.HumanoidModelMixin from fluffy_fur.mixins.json into net.minecraft.client.model.HumanoidModel
[21янв.2026 16:34:48.369] [modloading-worker-0/DEBUG] [net.minecraftforge.fml.javafmlmod.AutomaticEventSubscriber/LOADING]: Attempting to inject @EventBusSubscriber classes into the eventbus for calio
[21янв.2026 16:34:48.370] [modloading-worker-0/DEBUG] [net.minecraftforge.fml.javafmlmod.AutomaticEventSubscriber/LOADING]: Auto-subscribing io.github.edwinmindcraft.calio.common.CalioEventHandler to FORGE
[21янв.2026 16:34:48.385] [modloading-worker-0/DEBUG] [net.minecraftforge.fml.config.ConfigTracker/CONFIG]: Config file fluffy_fur-client.toml for fluffy_fur tracking
[21янв.2026 16:34:48.386] [modloading-worker-0/DEBUG] [net.minecraftforge.fml.config.ConfigTracker/CONFIG]: Config file fluffy_fur-common.toml for fluffy_fur tracking
[21янв.2026 16:34:48.389] [modloading-worker-0/DEBUG] [net.minecraftforge.fml.javafmlmod.AutomaticEventSubscriber/LOADING]: Auto-subscribing io.github.edwinmindcraft.calio.client.CalioClientEventHandler to MOD
[21янв.2026 16:34:48.390] [modloading-worker-0/DEBUG] [net.minecraftforge.fml.javafmlmod.AutomaticEventSubscriber/LOADING]: Attempting to inject @EventBusSubscriber classes into the eventbus for forge
[21янв.2026 16:34:48.390] [modloading-worker-0/DEBUG] [net.minecraftforge.fml.javafmlmod.AutomaticEventSubscriber/LOADING]: Auto-subscribing net.minecraftforge.common.ForgeSpawnEggItem$CommonHandler to MOD
[21янв.2026 16:34:48.391] [modloading-worker-0/DEBUG] [net.minecraftforge.fml.javafmlmod.AutomaticEventSubscriber/LOADING]: Auto-subscribing net.minecraftforge.common.ForgeSpawnEggItem$ColorRegisterHandler to MOD
[21янв.2026 16:34:48.401] [modloading-worker-0/DEBUG] [net.minecraftforge.fml.javafmlmod.AutomaticEventSubscriber/LOADING]: Auto-subscribing net.minecraftforge.client.model.data.ModelDataManager to FORGE
[21янв.2026 16:34:48.404] [modloading-worker-0/DEBUG] [net.minecraftforge.fml.javafmlmod.AutomaticEventSubscriber/LOADING]: Auto-subscribing net.minecraftforge.client.ForgeHooksClient$ClientEvents to MOD
[21янв.2026 16:34:48.410] [modloading-worker-0/DEBUG] [mixin/]: Mixing client.LevelRendererMixin from fluffy_fur.mixins.json into net.minecraft.client.renderer.LevelRenderer
[21янв.2026 16:34:48.415] [modloading-worker-0/DEBUG] [mixin/]: Mixing WorldRendererMixin from apoli.mixins.json into net.minecraft.client.renderer.LevelRenderer
[21янв.2026 16:34:48.416] [modloading-worker-0/DEBUG] [mixin/]: Mixing forge.ChangeGlowColorMixin from apoli.mixins.json into net.minecraft.client.renderer.LevelRenderer
[21янв.2026 16:34:48.417] [modloading-worker-0/DEBUG] [mixin/]: Mixing LevelRendererMixin from eidolon.mixins.json into net.minecraft.client.renderer.LevelRenderer
[21янв.2026 16:34:48.462] [modloading-worker-0/DEBUG] [net.minecraftforge.fml.javafmlmod.AutomaticEventSubscriber/LOADING]: Auto-subscribing net.minecraftforge.client.ClientForgeMod to MOD
[21янв.2026 16:34:48.474] [modloading-worker-0/DEBUG] [mixin/]: Mixing client.CameraMixin from fluffy_fur.mixins.json into net.minecraft.client.Camera
[21янв.2026 16:34:48.481] [modloading-worker-0/DEBUG] [mixin/]: Mixing forge.ModifyPlayerSpawnPowerMixin from origins.mixins.json into io.github.edwinmindcraft.apoli.common.power.ModifyPlayerSpawnPower
[21янв.2026 16:34:48.492] [modloading-worker-0/DEBUG] [net.minecraftforge.fml.javafmlmod.AutomaticEventSubscriber/LOADING]: Attempting to inject @EventBusSubscriber classes into the eventbus for fluffy_fur
[21янв.2026 16:34:48.492] [modloading-worker-0/DEBUG] [net.minecraftforge.fml.javafmlmod.AutomaticEventSubscriber/LOADING]: Auto-subscribing mod.maxbogomol.fluffy_fur.registry.common.item.FluffyFurItemSkins$ClientRegistryEvents to MOD
[21янв.2026 16:34:48.499] [modloading-worker-0/DEBUG] [net.minecraftforge.fml.javafmlmod.AutomaticEventSubscriber/LOADING]: Auto-subscribing mod.maxbogomol.fluffy_fur.registry.common.entity.FluffyFurEntities$RegistryEvents to MOD
[21янв.2026 16:34:48.500] [modloading-worker-0/DEBUG] [net.minecraftforge.fml.javafmlmod.AutomaticEventSubscriber/LOADING]: Auto-subscribing mod.maxbogomol.fluffy_fur.registry.common.block.FluffyFurBlocks$RegistryEvents to MOD
[21янв.2026 16:34:48.501] [modloading-worker-0/DEBUG] [net.minecraftforge.fml.javafmlmod.AutomaticEventSubscriber/LOADING]: Auto-subscribing mod.maxbogomol.fluffy_fur.registry.common.block.FluffyFurBlockEntities$ClientRegistryEvents to MOD
[21янв.2026 16:34:48.502] [modloading-worker-0/DEBUG] [net.minecraftforge.fml.javafmlmod.AutomaticEventSubscriber/LOADING]: Auto-subscribing mod.maxbogomol.fluffy_fur.registry.client.FluffyFurVertexFormats$ClientRegistryEvents to MOD
[21янв.2026 16:34:48.503] [modloading-worker-0/DEBUG] [net.minecraftforge.fml.javafmlmod.AutomaticEventSubscriber/LOADING]: Auto-subscribing mod.maxbogomol.fluffy_fur.registry.client.FluffyFurShaders$ClientRegistryEvents to MOD
[21янв.2026 16:34:48.505] [modloading-worker-0/DEBUG] [net.minecraftforge.fml.javafmlmod.AutomaticEventSubscriber/LOADING]: Attempting to inject @EventBusSubscriber classes into the eventbus for origins
[21янв.2026 16:34:48.506] [modloading-worker-0/DEBUG] [net.minecraftforge.fml.javafmlmod.AutomaticEventSubscriber/LOADING]: Auto-subscribing io.github.edwinmindcraft.origins.common.OriginsEventHandler to FORGE
[21янв.2026 16:34:48.507] [modloading-worker-0/DEBUG] [net.minecraftforge.fml.javafmlmod.AutomaticEventSubscriber/LOADING]: Auto-subscribing mod.maxbogomol.fluffy_fur.registry.client.FluffyFurRenderTypes$ClientRegistryEvents to MOD
[21янв.2026 16:34:48.508] [modloading-worker-0/DEBUG] [net.minecraftforge.fml.javafmlmod.AutomaticEventSubscriber/LOADING]: Auto-subscribing mod.maxbogomol.fluffy_fur.registry.client.FluffyFurParticles$ClientRegistryEvents to MOD
[21янв.2026 16:34:48.509] [modloading-worker-0/DEBUG] [net.minecraftforge.fml.javafmlmod.AutomaticEventSubscriber/LOADING]: Auto-subscribing mod.maxbogomol.fluffy_fur.registry.client.FluffyFurMusics$ClientRegistryEvents to MOD
[21янв.2026 16:34:48.510] [modloading-worker-0/DEBUG] [mixin/]: Mixing forge.EntityAttributeInstanceMixin from apoli.mixins.json into net.minecraft.world.entity.ai.attributes.AttributeInstance
[21янв.2026 16:34:48.516] [modloading-worker-0/DEBUG] [net.minecraftforge.fml.javafmlmod.AutomaticEventSubscriber/LOADING]: Auto-subscribing mod.maxbogomol.fluffy_fur.registry.client.FluffyFurModels$ClientRegistryEvents to MOD
[21янв.2026 16:34:48.518] [modloading-worker-0/DEBUG] [net.minecraftforge.fml.javafmlmod.AutomaticEventSubscriber/LOADING]: Auto-subscribing mod.maxbogomol.fluffy_fur.registry.client.FluffyFurKeyMappings$ClientRegistryEvents to MOD
[21янв.2026 16:34:48.519] [modloading-worker-0/DEBUG] [net.minecraftforge.fml.javafmlmod.AutomaticEventSubscriber/LOADING]: Auto-subscribing mod.maxbogomol.fluffy_fur.client.gui.components.FluffyFurMenuButton$OpenConfigButtonHandler to FORGE
[21янв.2026 16:34:48.527] [modloading-worker-0/DEBUG] [net.minecraftforge.fml.javafmlmod.AutomaticEventSubscriber/LOADING]: Auto-subscribing io.github.edwinmindcraft.origins.client.OriginsClientEventHandler to FORGE
[21янв.2026 16:34:48.538] [modloading-worker-0/DEBUG] [net.minecraftforge.fml.javafmlmod.AutomaticEventSubscriber/LOADING]: Attempting to inject @EventBusSubscriber classes into the eventbus for eidolon
[21янв.2026 16:34:48.538] [modloading-worker-0/DEBUG] [net.minecraftforge.fml.javafmlmod.AutomaticEventSubscriber/LOADING]: Auto-subscribing elucent.eidolon.registries.EidolonKeybindings to MOD
[21янв.2026 16:34:48.539] [modloading-worker-0/DEBUG] [net.minecraftforge.fml.javafmlmod.AutomaticEventSubscriber/LOADING]: Auto-subscribing elucent.eidolon.registries.EidolonAttributes to MOD
[21янв.2026 16:34:48.540] [modloading-worker-0/DEBUG] [net.minecraftforge.fml.javafmlmod.AutomaticEventSubscriber/LOADING]: Auto-subscribing elucent.eidolon.event.ClientEvents to FORGE
[21янв.2026 16:34:48.544] [modloading-worker-0/DEBUG] [mixin/]: Mixing client.GuiGraphicsMixin from fluffy_fur.mixins.json into net.minecraft.client.gui.GuiGraphics
[21янв.2026 16:34:48.546] [modloading-worker-0/DEBUG] [mixin/]: Mixing DrawContextAccessor from origins.mixins.json into net.minecraft.client.gui.GuiGraphics
[21янв.2026 16:34:48.560] [modloading-worker-0/DEBUG] [net.minecraftforge.fml.javafmlmod.AutomaticEventSubscriber/LOADING]: Auto-subscribing elucent.eidolon.datagen.Datagen to MOD
[21янв.2026 16:34:48.562] [modloading-worker-0/DEBUG] [net.minecraftforge.fml.javafmlmod.AutomaticEventSubscriber/LOADING]: Auto-subscribing elucent.eidolon.client.ClientRegistry to MOD
[21янв.2026 16:34:48.647] [modloading-worker-0/DEBUG] [mixin/]: Mixing ElytraFeatureRendererMixin from apoli.mixins.json into net.minecraft.client.renderer.entity.layers.ElytraLayer
[21янв.2026 16:34:48.666] [modloading-worker-0/DEBUG] [mixin/]: Mixing client.ItemInHandLayerMixin from fluffy_fur.mixins.json into net.minecraft.client.renderer.entity.layers.ItemInHandLayer
[21янв.2026 16:34:48.681] [modloading-worker-0/DEBUG] [mixin/]: Mixing MixinCapeLayer from caelus.mixins.json into net.minecraft.client.renderer.entity.layers.CapeLayer
[21янв.2026 16:34:48.681] [modloading-worker-0/DEBUG] [mixin/]: Mixing CapeFeatureRendererMixin from apoli.mixins.json into net.minecraft.client.renderer.entity.layers.CapeLayer
[21янв.2026 16:34:48.707] [modloading-worker-0/INFO] [io.github.apace100.apoli.Apoli/]: Apoli 1.20.1-2.9.0.8 has initialized. Ready to power up your game!
[21янв.2026 16:34:48.707] [modloading-worker-0/DEBUG] [net.minecraftforge.fml.javafmlmod.AutomaticEventSubscriber/LOADING]: Attempting to inject @EventBusSubscriber classes into the eventbus for apoli
[21янв.2026 16:34:48.708] [modloading-worker-0/DEBUG] [net.minecraftforge.fml.javafmlmod.AutomaticEventSubscriber/LOADING]: Auto-subscribing io.github.edwinmindcraft.apoli.common.ApoliPowerEventHandler to FORGE
[21янв.2026 16:34:48.723] [modloading-worker-0/DEBUG] [net.minecraftforge.fml.javafmlmod.AutomaticEventSubscriber/LOADING]: Auto-subscribing io.github.edwinmindcraft.apoli.common.ApoliEventHandler to FORGE
[21янв.2026 16:34:48.727] [modloading-worker-0/DEBUG] [net.minecraftforge.fml.javafmlmod.AutomaticEventSubscriber/LOADING]: Auto-subscribing io.github.edwinmindcraft.apoli.client.ApoliClientEventHandler to FORGE
[21янв.2026 16:34:48.751] [main/DEBUG] [net.minecraftforge.registries.ObjectHolderRegistry/REGISTRIES]: Processing ObjectHolder annotations
[21янв.2026 16:34:48.772] [main/DEBUG] [net.minecraftforge.registries.ObjectHolderRegistry/REGISTRIES]: Found 4833 ObjectHolder annotations
[21янв.2026 16:34:48.773] [main/DEBUG] [net.minecraftforge.common.capabilities.CapabilityManager/CAPABILITIES]: Attempting to automatically register: Lnet/minecraftforge/energy/IEnergyStorage;
[21янв.2026 16:34:48.773] [main/DEBUG] [net.minecraftforge.common.capabilities.CapabilityManager/CAPABILITIES]: Attempting to automatically register: Lnet/minecraftforge/fluids/capability/IFluidHandler;
[21янв.2026 16:34:48.774] [main/DEBUG] [net.minecraftforge.common.capabilities.CapabilityManager/CAPABILITIES]: Attempting to automatically register: Lnet/minecraftforge/fluids/capability/IFluidHandlerItem;
[21янв.2026 16:34:48.774] [main/DEBUG] [net.minecraftforge.common.capabilities.CapabilityManager/CAPABILITIES]: Attempting to automatically register: Lnet/minecraftforge/items/IItemHandler;
[21янв.2026 16:34:48.776] [main/DEBUG] [net.minecraftforge.registries.GameData/REGISTRIES]: Unfreezing vanilla registries
[21янв.2026 16:34:48.778] [main/DEBUG] [net.minecraftforge.registries.GameData/REGISTRIES]: Applying holder lookups: minecraft:sound_event
[21янв.2026 16:34:48.781] [main/DEBUG] [net.minecraftforge.registries.GameData/REGISTRIES]: Holder lookups applied: minecraft:sound_event
[21янв.2026 16:34:48.782] [main/DEBUG] [net.minecraftforge.registries.GameData/REGISTRIES]: Applying holder lookups: minecraft:fluid
[21янв.2026 16:34:48.782] [main/DEBUG] [net.minecraftforge.registries.GameData/REGISTRIES]: Holder lookups applied: minecraft:fluid
[21янв.2026 16:34:48.834] [main/DEBUG] [net.minecraftforge.registries.GameData/REGISTRIES]: Applying holder lookups: minecraft:block
[21янв.2026 16:34:48.836] [main/DEBUG] [net.minecraftforge.registries.GameData/REGISTRIES]: Holder lookups applied: minecraft:block
[21янв.2026 16:34:48.837] [main/DEBUG] [net.minecraftforge.registries.GameData/REGISTRIES]: Applying holder lookups: minecraft:attribute
[21янв.2026 16:34:48.838] [main/DEBUG] [net.minecraftforge.registries.GameData/REGISTRIES]: Holder lookups applied: minecraft:attribute
[21янв.2026 16:34:48.841] [main/DEBUG] [net.minecraftforge.registries.GameData/REGISTRIES]: Applying holder lookups: minecraft:mob_effect
[21янв.2026 16:34:48.842] [main/DEBUG] [net.minecraftforge.registries.GameData/REGISTRIES]: Holder lookups applied: minecraft:mob_effect
[21янв.2026 16:34:48.845] [main/DEBUG] [net.minecraftforge.registries.GameData/REGISTRIES]: Applying holder lookups: minecraft:particle_type
[21янв.2026 16:34:48.846] [main/DEBUG] [net.minecraftforge.registries.GameData/REGISTRIES]: Holder lookups applied: minecraft:particle_type
[21янв.2026 16:34:48.880] [main/DEBUG] [net.minecraftforge.registries.GameData/REGISTRIES]: Applying holder lookups: minecraft:item
[21янв.2026 16:34:48.882] [main/DEBUG] [net.minecraftforge.registries.GameData/REGISTRIES]: Holder lookups applied: minecraft:item
[21янв.2026 16:34:48.884] [main/DEBUG] [net.minecraftforge.registries.GameData/REGISTRIES]: Applying holder lookups: minecraft:entity_type
[21янв.2026 16:34:48.885] [main/DEBUG] [net.minecraftforge.registries.GameData/REGISTRIES]: Holder lookups applied: minecraft:entity_type
[21янв.2026 16:34:48.885] [main/DEBUG] [net.minecraftforge.registries.GameData/REGISTRIES]: Applying holder lookups: minecraft:sensor_type
[21янв.2026 16:34:48.886] [main/DEBUG] [net.minecraftforge.registries.GameData/REGISTRIES]: Holder lookups applied: minecraft:sensor_type
[21янв.2026 16:34:48.886] [main/DEBUG] [net.minecraftforge.registries.GameData/REGISTRIES]: Applying holder lookups: minecraft:memory_module_type
[21янв.2026 16:34:48.886] [main/DEBUG] [net.minecraftforge.registries.GameData/REGISTRIES]: Holder lookups applied: minecraft:memory_module_type
[21янв.2026 16:34:48.887] [main/DEBUG] [net.minecraftforge.registries.GameData/REGISTRIES]: Applying holder lookups: minecraft:potion
[21янв.2026 16:34:48.887] [main/DEBUG] [net.minecraftforge.registries.GameData/REGISTRIES]: Holder lookups applied: minecraft:potion
[21янв.2026 16:34:48.887] [main/DEBUG] [net.minecraftforge.registries.GameData/REGISTRIES]: Applying holder lookups: minecraft:game_event
[21янв.2026 16:34:48.887] [main/DEBUG] [net.minecraftforge.registries.GameData/REGISTRIES]: Holder lookups applied: minecraft:game_event
[21янв.2026 16:34:48.887] [main/DEBUG] [net.minecraftforge.registries.GameData/REGISTRIES]: Applying holder lookups: minecraft:enchantment
[21янв.2026 16:34:48.888] [main/DEBUG] [net.minecraftforge.registries.GameData/REGISTRIES]: Holder lookups applied: minecraft:enchantment
[21янв.2026 16:34:48.895] [main/DEBUG] [net.minecraftforge.registries.GameData/REGISTRIES]: Applying holder lookups: minecraft:block_entity_type
[21янв.2026 16:34:48.895] [main/DEBUG] [net.minecraftforge.registries.GameData/REGISTRIES]: Holder lookups applied: minecraft:block_entity_type
[21янв.2026 16:34:48.895] [main/DEBUG] [net.minecraftforge.registries.GameData/REGISTRIES]: Applying holder lookups: minecraft:painting_variant
[21янв.2026 16:34:48.896] [main/DEBUG] [net.minecraftforge.registries.GameData/REGISTRIES]: Holder lookups applied: minecraft:painting_variant
[21янв.2026 16:34:48.896] [main/DEBUG] [net.minecraftforge.registries.GameData/REGISTRIES]: Applying holder lookups: minecraft:stat_type
[21янв.2026 16:34:48.896] [main/DEBUG] [net.minecraftforge.registries.GameData/REGISTRIES]: Holder lookups applied: minecraft:stat_type
[21янв.2026 16:34:48.896] [main/DEBUG] [net.minecraftforge.registries.GameData/REGISTRIES]: Applying holder lookups: minecraft:custom_stat
[21янв.2026 16:34:48.897] [main/DEBUG] [net.minecraftforge.registries.GameData/REGISTRIES]: Holder lookups applied: minecraft:custom_stat
[21янв.2026 16:34:48.897] [main/DEBUG] [net.minecraftforge.registries.GameData/REGISTRIES]: Applying holder lookups: minecraft:chunk_status
[21янв.2026 16:34:48.898] [main/DEBUG] [net.minecraftforge.registries.GameData/REGISTRIES]: Holder lookups applied: minecraft:chunk_status
[21янв.2026 16:34:48.898] [main/DEBUG] [net.minecraftforge.registries.GameData/REGISTRIES]: Applying holder lookups: minecraft:rule_test
[21янв.2026 16:34:48.899] [main/DEBUG] [net.minecraftforge.registries.GameData/REGISTRIES]: Holder lookups applied: minecraft:rule_test
[21янв.2026 16:34:48.899] [main/DEBUG] [net.minecraftforge.registries.GameData/REGISTRIES]: Applying holder lookups: minecraft:rule_block_entity_modifier
[21янв.2026 16:34:48.900] [main/DEBUG] [net.minecraftforge.registries.GameData/REGISTRIES]: Holder lookups applied: minecraft:rule_block_entity_modifier
[21янв.2026 16:34:48.900] [main/DEBUG] [net.minecraftforge.registries.GameData/REGISTRIES]: Applying holder lookups: minecraft:pos_rule_test
[21янв.2026 16:34:48.901] [main/DEBUG] [net.minecraftforge.registries.GameData/REGISTRIES]: Holder lookups applied: minecraft:pos_rule_test
[21янв.2026 16:34:48.902] [main/DEBUG] [mixin/]: Mixing forge.InventoryMenuMixin from apoli.mixins.json into net.minecraft.world.inventory.InventoryMenu
[21янв.2026 16:34:48.917] [main/DEBUG] [net.minecraftforge.registries.GameData/REGISTRIES]: Applying holder lookups: minecraft:menu
[21янв.2026 16:34:48.918] [main/DEBUG] [net.minecraftforge.registries.GameData/REGISTRIES]: Holder lookups applied: minecraft:menu
[21янв.2026 16:34:48.920] [main/DEBUG] [net.minecraftforge.registries.GameData/REGISTRIES]: Applying holder lookups: minecraft:recipe_type
[21янв.2026 16:34:48.921] [main/DEBUG] [net.minecraftforge.registries.GameData/REGISTRIES]: Holder lookups applied: minecraft:recipe_type
[21янв.2026 16:34:48.931] [main/DEBUG] [net.minecraftforge.registries.GameData/REGISTRIES]: Applying holder lookups: minecraft:recipe_serializer
[21янв.2026 16:34:48.932] [main/DEBUG] [net.minecraftforge.registries.GameData/REGISTRIES]: Holder lookups applied: minecraft:recipe_serializer
[21янв.2026 16:34:48.932] [main/DEBUG] [net.minecraftforge.registries.GameData/REGISTRIES]: Applying holder lookups: minecraft:position_source_type
[21янв.2026 16:34:48.932] [main/DEBUG] [net.minecraftforge.registries.GameData/REGISTRIES]: Holder lookups applied: minecraft:position_source_type
[21янв.2026 16:34:48.939] [main/DEBUG] [net.minecraftforge.registries.GameData/REGISTRIES]: Applying holder lookups: minecraft:command_argument_type
[21янв.2026 16:34:48.939] [main/DEBUG] [net.minecraftforge.registries.GameData/REGISTRIES]: Holder lookups applied: minecraft:command_argument_type
[21янв.2026 16:34:48.939] [main/DEBUG] [net.minecraftforge.registries.GameData/REGISTRIES]: Applying holder lookups: minecraft:villager_type
[21янв.2026 16:34:48.940] [main/DEBUG] [net.minecraftforge.registries.GameData/REGISTRIES]: Holder lookups applied: minecraft:villager_type
[21янв.2026 16:34:48.940] [main/DEBUG] [net.minecraftforge.registries.GameData/REGISTRIES]: Applying holder lookups: minecraft:villager_profession
[21янв.2026 16:34:48.940] [main/DEBUG] [net.minecraftforge.registries.GameData/REGISTRIES]: Holder lookups applied: minecraft:villager_profession
[21янв.2026 16:34:48.940] [main/DEBUG] [net.minecraftforge.registries.GameData/REGISTRIES]: Applying holder lookups: minecraft:point_of_interest_type
[21янв.2026 16:34:48.940] [main/DEBUG] [net.minecraftforge.registries.GameData/REGISTRIES]: Holder lookups applied: minecraft:point_of_interest_type
[21янв.2026 16:34:48.940] [main/DEBUG] [net.minecraftforge.registries.GameData/REGISTRIES]: Applying holder lookups: minecraft:schedule
[21янв.2026 16:34:48.941] [main/DEBUG] [net.minecraftforge.registries.GameData/REGISTRIES]: Holder lookups applied: minecraft:schedule
[21янв.2026 16:34:48.941] [main/DEBUG] [net.minecraftforge.registries.GameData/REGISTRIES]: Applying holder lookups: minecraft:activity
[21янв.2026 16:34:48.941] [main/DEBUG] [net.minecraftforge.registries.GameData/REGISTRIES]: Holder lookups applied: minecraft:activity
[21янв.2026 16:34:48.941] [main/DEBUG] [net.minecraftforge.registries.GameData/REGISTRIES]: Applying holder lookups: minecraft:loot_pool_entry_type
[21янв.2026 16:34:48.941] [main/DEBUG] [net.minecraftforge.registries.GameData/REGISTRIES]: Holder lookups applied: minecraft:loot_pool_entry_type
[21янв.2026 16:34:48.943] [main/DEBUG] [net.minecraftforge.registries.GameData/REGISTRIES]: Applying holder lookups: minecraft:loot_function_type
[21янв.2026 16:34:48.943] [main/DEBUG] [net.minecraftforge.registries.GameData/REGISTRIES]: Holder lookups applied: minecraft:loot_function_type
[21янв.2026 16:34:48.945] [main/DEBUG] [net.minecraftforge.registries.GameData/REGISTRIES]: Applying holder lookups: minecraft:loot_condition_type
[21янв.2026 16:34:48.946] [main/DEBUG] [net.minecraftforge.registries.GameData/REGISTRIES]: Holder lookups applied: minecraft:loot_condition_type
[21янв.2026 16:34:48.946] [main/DEBUG] [net.minecraftforge.registries.GameData/REGISTRIES]: Applying holder lookups: minecraft:loot_number_provider_type
[21янв.2026 16:34:48.946] [main/DEBUG] [net.minecraftforge.registries.GameData/REGISTRIES]: Holder lookups applied: minecraft:loot_number_provider_type
[21янв.2026 16:34:48.947] [main/DEBUG] [net.minecraftforge.registries.GameData/REGISTRIES]: Applying holder lookups: minecraft:loot_nbt_provider_type
[21янв.2026 16:34:48.947] [main/DEBUG] [net.minecraftforge.registries.GameData/REGISTRIES]: Holder lookups applied: minecraft:loot_nbt_provider_type
[21янв.2026 16:34:48.947] [main/DEBUG] [net.minecraftforge.registries.GameData/REGISTRIES]: Applying holder lookups: minecraft:loot_score_provider_type
[21янв.2026 16:34:48.947] [main/DEBUG] [net.minecraftforge.registries.GameData/REGISTRIES]: Holder lookups applied: minecraft:loot_score_provider_type
[21янв.2026 16:34:48.947] [main/DEBUG] [net.minecraftforge.registries.GameData/REGISTRIES]: Applying holder lookups: minecraft:float_provider_type
[21янв.2026 16:34:48.947] [main/DEBUG] [net.minecraftforge.registries.GameData/REGISTRIES]: Holder lookups applied: minecraft:float_provider_type
[21янв.2026 16:34:48.947] [main/DEBUG] [net.minecraftforge.registries.GameData/REGISTRIES]: Applying holder lookups: minecraft:int_provider_type
[21янв.2026 16:34:48.948] [main/DEBUG] [net.minecraftforge.registries.GameData/REGISTRIES]: Holder lookups applied: minecraft:int_provider_type
[21янв.2026 16:34:48.948] [main/DEBUG] [net.minecraftforge.registries.GameData/REGISTRIES]: Applying holder lookups: minecraft:height_provider_type
[21янв.2026 16:34:48.948] [main/DEBUG] [net.minecraftforge.registries.GameData/REGISTRIES]: Holder lookups applied: minecraft:height_provider_type
[21янв.2026 16:34:48.948] [main/DEBUG] [net.minecraftforge.registries.GameData/REGISTRIES]: Applying holder lookups: minecraft:block_predicate_type
[21янв.2026 16:34:48.948] [main/DEBUG] [net.minecraftforge.registries.GameData/REGISTRIES]: Holder lookups applied: minecraft:block_predicate_type
[21янв.2026 16:34:48.948] [main/DEBUG] [net.minecraftforge.registries.GameData/REGISTRIES]: Applying holder lookups: minecraft:worldgen/carver
[21янв.2026 16:34:48.949] [main/DEBUG] [net.minecraftforge.registries.GameData/REGISTRIES]: Holder lookups applied: minecraft:worldgen/carver
[21янв.2026 16:34:48.949] [main/DEBUG] [net.minecraftforge.registries.GameData/REGISTRIES]: Applying holder lookups: minecraft:worldgen/feature
[21янв.2026 16:34:48.949] [main/DEBUG] [net.minecraftforge.registries.GameData/REGISTRIES]: Holder lookups applied: minecraft:worldgen/feature
[21янв.2026 16:34:48.949] [main/DEBUG] [net.minecraftforge.registries.GameData/REGISTRIES]: Applying holder lookups: minecraft:worldgen/structure_processor
[21янв.2026 16:34:48.949] [main/DEBUG] [net.minecraftforge.registries.GameData/REGISTRIES]: Holder lookups applied: minecraft:worldgen/structure_processor
[21янв.2026 16:34:48.949] [main/DEBUG] [net.minecraftforge.registries.GameData/REGISTRIES]: Applying holder lookups: minecraft:worldgen/structure_placement
[21янв.2026 16:34:48.950] [main/DEBUG] [net.minecraftforge.registries.GameData/REGISTRIES]: Holder lookups applied: minecraft:worldgen/structure_placement
[21янв.2026 16:34:48.950] [main/DEBUG] [net.minecraftforge.registries.GameData/REGISTRIES]: Applying holder lookups: minecraft:worldgen/structure_piece
[21янв.2026 16:34:48.950] [main/DEBUG] [net.minecraftforge.registries.GameData/REGISTRIES]: Holder lookups applied: minecraft:worldgen/structure_piece
[21янв.2026 16:34:48.952] [main/DEBUG] [net.minecraftforge.registries.GameData/REGISTRIES]: Applying holder lookups: minecraft:worldgen/structure_type
[21янв.2026 16:34:48.953] [main/DEBUG] [net.minecraftforge.registries.GameData/REGISTRIES]: Holder lookups applied: minecraft:worldgen/structure_type
[21янв.2026 16:34:48.953] [main/DEBUG] [net.minecraftforge.registries.GameData/REGISTRIES]: Applying holder lookups: minecraft:worldgen/placement_modifier_type
[21янв.2026 16:34:48.953] [main/DEBUG] [net.minecraftforge.registries.GameData/REGISTRIES]: Holder lookups applied: minecraft:worldgen/placement_modifier_type
[21янв.2026 16:34:48.953] [main/DEBUG] [net.minecraftforge.registries.GameData/REGISTRIES]: Applying holder lookups: minecraft:worldgen/block_state_provider_type
[21янв.2026 16:34:48.954] [main/DEBUG] [net.minecraftforge.registries.GameData/REGISTRIES]: Holder lookups applied: minecraft:worldgen/block_state_provider_type
[21янв.2026 16:34:48.954] [main/DEBUG] [net.minecraftforge.registries.GameData/REGISTRIES]: Applying holder lookups: minecraft:worldgen/foliage_placer_type
[21янв.2026 16:34:48.954] [main/DEBUG] [net.minecraftforge.registries.GameData/REGISTRIES]: Holder lookups applied: minecraft:worldgen/foliage_placer_type
[21янв.2026 16:34:48.954] [main/DEBUG] [net.minecraftforge.registries.GameData/REGISTRIES]: Applying holder lookups: minecraft:worldgen/trunk_placer_type
[21янв.2026 16:34:48.954] [main/DEBUG] [net.minecraftforge.registries.GameData/REGISTRIES]: Holder lookups applied: minecraft:worldgen/trunk_placer_type
[21янв.2026 16:34:48.954] [main/DEBUG] [net.minecraftforge.registries.GameData/REGISTRIES]: Applying holder lookups: minecraft:worldgen/root_placer_type
[21янв.2026 16:34:48.954] [main/DEBUG] [net.minecraftforge.registries.GameData/REGISTRIES]: Holder lookups applied: minecraft:worldgen/root_placer_type
[21янв.2026 16:34:48.954] [main/DEBUG] [net.minecraftforge.registries.GameData/REGISTRIES]: Applying holder lookups: minecraft:worldgen/tree_decorator_type
[21янв.2026 16:34:48.955] [main/DEBUG] [net.minecraftforge.registries.GameData/REGISTRIES]: Holder lookups applied: minecraft:worldgen/tree_decorator_type
[21янв.2026 16:34:48.955] [main/DEBUG] [net.minecraftforge.registries.GameData/REGISTRIES]: Applying holder lookups: minecraft:worldgen/feature_size_type
[21янв.2026 16:34:48.955] [main/DEBUG] [net.minecraftforge.registries.GameData/REGISTRIES]: Holder lookups applied: minecraft:worldgen/feature_size_type
[21янв.2026 16:34:48.955] [main/DEBUG] [net.minecraftforge.registries.GameData/REGISTRIES]: Applying holder lookups: minecraft:worldgen/biome_source
[21янв.2026 16:34:48.955] [main/DEBUG] [net.minecraftforge.registries.GameData/REGISTRIES]: Holder lookups applied: minecraft:worldgen/biome_source
[21янв.2026 16:34:48.956] [main/DEBUG] [net.minecraftforge.registries.GameData/REGISTRIES]: Applying holder lookups: minecraft:worldgen/chunk_generator
[21янв.2026 16:34:48.956] [main/DEBUG] [net.minecraftforge.registries.GameData/REGISTRIES]: Holder lookups applied: minecraft:worldgen/chunk_generator
[21янв.2026 16:34:48.956] [main/DEBUG] [net.minecraftforge.registries.GameData/REGISTRIES]: Applying holder lookups: minecraft:worldgen/material_condition
[21янв.2026 16:34:48.956] [main/DEBUG] [net.minecraftforge.registries.GameData/REGISTRIES]: Holder lookups applied: minecraft:worldgen/material_condition
[21янв.2026 16:34:48.956] [main/DEBUG] [net.minecraftforge.registries.GameData/REGISTRIES]: Applying holder lookups: minecraft:worldgen/material_rule
[21янв.2026 16:34:48.956] [main/DEBUG] [net.minecraftforge.registries.GameData/REGISTRIES]: Holder lookups applied: minecraft:worldgen/material_rule
[21янв.2026 16:34:48.957] [main/DEBUG] [net.minecraftforge.registries.GameData/REGISTRIES]: Applying holder lookups: minecraft:worldgen/density_function_type
[21янв.2026 16:34:48.957] [main/DEBUG] [net.minecraftforge.registries.GameData/REGISTRIES]: Holder lookups applied: minecraft:worldgen/density_function_type
[21янв.2026 16:34:48.957] [main/DEBUG] [net.minecraftforge.registries.GameData/REGISTRIES]: Applying holder lookups: minecraft:worldgen/structure_pool_element
[21янв.2026 16:34:48.957] [main/DEBUG] [net.minecraftforge.registries.GameData/REGISTRIES]: Holder lookups applied: minecraft:worldgen/structure_pool_element
[21янв.2026 16:34:48.957] [main/DEBUG] [net.minecraftforge.registries.GameData/REGISTRIES]: Applying holder lookups: minecraft:cat_variant
[21янв.2026 16:34:48.957] [main/DEBUG] [net.minecraftforge.registries.GameData/REGISTRIES]: Holder lookups applied: minecraft:cat_variant
[21янв.2026 16:34:48.957] [main/DEBUG] [net.minecraftforge.registries.GameData/REGISTRIES]: Applying holder lookups: minecraft:frog_variant
[21янв.2026 16:34:48.958] [main/DEBUG] [net.minecraftforge.registries.GameData/REGISTRIES]: Holder lookups applied: minecraft:frog_variant
[21янв.2026 16:34:48.958] [main/DEBUG] [net.minecraftforge.registries.GameData/REGISTRIES]: Applying holder lookups: minecraft:banner_pattern
[21янв.2026 16:34:48.958] [main/DEBUG] [net.minecraftforge.registries.GameData/REGISTRIES]: Holder lookups applied: minecraft:banner_pattern
[21янв.2026 16:34:48.958] [main/DEBUG] [net.minecraftforge.registries.GameData/REGISTRIES]: Applying holder lookups: minecraft:instrument
[21янв.2026 16:34:48.958] [main/DEBUG] [net.minecraftforge.registries.GameData/REGISTRIES]: Holder lookups applied: minecraft:instrument
[21янв.2026 16:34:48.958] [main/DEBUG] [net.minecraftforge.registries.GameData/REGISTRIES]: Applying holder lookups: minecraft:decorated_pot_patterns
[21янв.2026 16:34:48.958] [main/DEBUG] [net.minecraftforge.registries.GameData/REGISTRIES]: Holder lookups applied: minecraft:decorated_pot_patterns
[21янв.2026 16:34:48.960] [main/DEBUG] [net.minecraftforge.registries.GameData/REGISTRIES]: Applying holder lookups: minecraft:creative_mode_tab
[21янв.2026 16:34:48.961] [main/DEBUG] [net.minecraftforge.registries.GameData/REGISTRIES]: Holder lookups applied: minecraft:creative_mode_tab
[21янв.2026 16:34:48.975] [main/DEBUG] [net.minecraftforge.registries.GameData/REGISTRIES]: Applying holder lookups: apoli:bientity_action
[21янв.2026 16:34:48.976] [main/DEBUG] [net.minecraftforge.registries.GameData/REGISTRIES]: Holder lookups applied: apoli:bientity_action
[21янв.2026 16:34:48.985] [main/DEBUG] [net.minecraftforge.registries.GameData/REGISTRIES]: Applying holder lookups: apoli:bientity_condition
[21янв.2026 16:34:48.985] [main/DEBUG] [net.minecraftforge.registries.GameData/REGISTRIES]: Holder lookups applied: apoli:bientity_condition
[21янв.2026 16:34:48.987] [main/DEBUG] [net.minecraftforge.registries.GameData/REGISTRIES]: Applying holder lookups: apoli:biome_condition
[21янв.2026 16:34:48.988] [main/DEBUG] [net.minecraftforge.registries.GameData/REGISTRIES]: Holder lookups applied: apoli:biome_condition
[21янв.2026 16:34:48.996] [main/DEBUG] [net.minecraftforge.registries.GameData/REGISTRIES]: Applying holder lookups: apoli:block_action
[21янв.2026 16:34:48.997] [main/DEBUG] [net.minecraftforge.registries.GameData/REGISTRIES]: Holder lookups applied: apoli:block_action
[21янв.2026 16:34:49.011] [main/DEBUG] [net.minecraftforge.registries.GameData/REGISTRIES]: Applying holder lookups: apoli:block_condition
[21янв.2026 16:34:49.012] [main/DEBUG] [net.minecraftforge.registries.GameData/REGISTRIES]: Holder lookups applied: apoli:block_condition
[21янв.2026 16:34:49.014] [main/DEBUG] [net.minecraftforge.registries.GameData/REGISTRIES]: Applying holder lookups: apoli:configured_bientity_action
[21янв.2026 16:34:49.014] [main/DEBUG] [net.minecraftforge.registries.GameData/REGISTRIES]: Holder lookups applied: apoli:configured_bientity_action
[21янв.2026 16:34:49.015] [main/DEBUG] [net.minecraftforge.registries.GameData/REGISTRIES]: Applying holder lookups: apoli:configured_bientity_condition
[21янв.2026 16:34:49.015] [main/DEBUG] [net.minecraftforge.registries.GameData/REGISTRIES]: Holder lookups applied: apoli:configured_bientity_condition
[21янв.2026 16:34:49.016] [main/DEBUG] [net.minecraftforge.registries.GameData/REGISTRIES]: Applying holder lookups: apoli:configured_biome_condition
[21янв.2026 16:34:49.016] [main/DEBUG] [net.minecraftforge.registries.GameData/REGISTRIES]: Holder lookups applied: apoli:configured_biome_condition
[21янв.2026 16:34:49.016] [main/DEBUG] [net.minecraftforge.registries.GameData/REGISTRIES]: Applying holder lookups: apoli:configured_block_action
[21янв.2026 16:34:49.016] [main/DEBUG] [net.minecraftforge.registries.GameData/REGISTRIES]: Holder lookups applied: apoli:configured_block_action
[21янв.2026 16:34:49.017] [main/DEBUG] [net.minecraftforge.registries.GameData/REGISTRIES]: Applying holder lookups: apoli:configured_block_condition
[21янв.2026 16:34:49.017] [main/DEBUG] [net.minecraftforge.registries.GameData/REGISTRIES]: Holder lookups applied: apoli:configured_block_condition
[21янв.2026 16:34:49.017] [main/DEBUG] [net.minecraftforge.registries.GameData/REGISTRIES]: Applying holder lookups: apoli:configured_damage_condition
[21янв.2026 16:34:49.017] [main/DEBUG] [net.minecraftforge.registries.GameData/REGISTRIES]: Holder lookups applied: apoli:configured_damage_condition
[21янв.2026 16:34:49.017] [main/DEBUG] [net.minecraftforge.registries.GameData/REGISTRIES]: Applying holder lookups: apoli:configured_entity_action
[21янв.2026 16:34:49.018] [main/DEBUG] [net.minecraftforge.registries.GameData/REGISTRIES]: Holder lookups applied: apoli:configured_entity_action
[21янв.2026 16:34:49.018] [main/DEBUG] [net.minecraftforge.registries.GameData/REGISTRIES]: Applying holder lookups: apoli:configured_entity_condition
[21янв.2026 16:34:49.018] [main/DEBUG] [net.minecraftforge.registries.GameData/REGISTRIES]: Holder lookups applied: apoli:configured_entity_condition
[21янв.2026 16:34:49.018] [main/DEBUG] [net.minecraftforge.registries.GameData/REGISTRIES]: Applying holder lookups: apoli:configured_fluid_condition
[21янв.2026 16:34:49.018] [main/DEBUG] [net.minecraftforge.registries.GameData/REGISTRIES]: Holder lookups applied: apoli:configured_fluid_condition
[21янв.2026 16:34:49.019] [main/DEBUG] [net.minecraftforge.registries.GameData/REGISTRIES]: Applying holder lookups: apoli:configured_item_action
[21янв.2026 16:34:49.019] [main/DEBUG] [net.minecraftforge.registries.GameData/REGISTRIES]: Holder lookups applied: apoli:configured_item_action
[21янв.2026 16:34:49.019] [main/DEBUG] [net.minecraftforge.registries.GameData/REGISTRIES]: Applying holder lookups: apoli:configured_item_condition
[21янв.2026 16:34:49.019] [main/DEBUG] [net.minecraftforge.registries.GameData/REGISTRIES]: Holder lookups applied: apoli:configured_item_condition
[21янв.2026 16:34:49.019] [main/DEBUG] [net.minecraftforge.registries.GameData/REGISTRIES]: Applying holder lookups: apoli:configured_modifier
[21янв.2026 16:34:49.020] [main/DEBUG] [net.minecraftforge.registries.GameData/REGISTRIES]: Holder lookups applied: apoli:configured_modifier
[21янв.2026 16:34:49.020] [main/DEBUG] [net.minecraftforge.registries.GameData/REGISTRIES]: Applying holder lookups: apoli:configured_power
[21янв.2026 16:34:49.020] [main/DEBUG] [net.minecraftforge.registries.GameData/REGISTRIES]: Holder lookups applied: apoli:configured_power
[21янв.2026 16:34:49.022] [main/DEBUG] [net.minecraftforge.registries.GameData/REGISTRIES]: Applying holder lookups: apoli:damage_condition
[21янв.2026 16:34:49.023] [main/DEBUG] [net.minecraftforge.registries.GameData/REGISTRIES]: Holder lookups applied: apoli:damage_condition
[21янв.2026 16:34:49.059] [main/DEBUG] [net.minecraftforge.registries.GameData/REGISTRIES]: Applying holder lookups: apoli:entity_action
[21янв.2026 16:34:49.059] [main/DEBUG] [net.minecraftforge.registries.GameData/REGISTRIES]: Holder lookups applied: apoli:entity_action
[21янв.2026 16:34:49.106] [main/DEBUG] [net.minecraftforge.registries.GameData/REGISTRIES]: Applying holder lookups: apoli:entity_condition
[21янв.2026 16:34:49.107] [main/DEBUG] [net.minecraftforge.registries.GameData/REGISTRIES]: Holder lookups applied: apoli:entity_condition
[21янв.2026 16:34:49.107] [main/DEBUG] [net.minecraftforge.registries.GameData/REGISTRIES]: Applying holder lookups: apoli:fluid_condition
[21янв.2026 16:34:49.108] [main/DEBUG] [net.minecraftforge.registries.GameData/REGISTRIES]: Holder lookups applied: apoli:fluid_condition
[21янв.2026 16:34:49.108] [main/DEBUG] [net.minecraftforge.registries.GameData/REGISTRIES]: Applying holder lookups: apoli:global_power_set
[21янв.2026 16:34:49.109] [main/DEBUG] [net.minecraftforge.registries.GameData/REGISTRIES]: Holder lookups applied: apoli:global_power_set
[21янв.2026 16:34:49.112] [main/DEBUG] [net.minecraftforge.registries.GameData/REGISTRIES]: Applying holder lookups: apoli:item_action
[21янв.2026 16:34:49.113] [main/DEBUG] [net.minecraftforge.registries.GameData/REGISTRIES]: Holder lookups applied: apoli:item_action
[21янв.2026 16:34:49.117] [main/DEBUG] [net.minecraftforge.registries.GameData/REGISTRIES]: Applying holder lookups: apoli:item_condition
[21янв.2026 16:34:49.118] [main/DEBUG] [net.minecraftforge.registries.GameData/REGISTRIES]: Holder lookups applied: apoli:item_condition
[21янв.2026 16:34:49.121] [main/DEBUG] [net.minecraftforge.registries.GameData/REGISTRIES]: Applying holder lookups: apoli:modifier
[21янв.2026 16:34:49.122] [main/DEBUG] [net.minecraftforge.registries.GameData/REGISTRIES]: Holder lookups applied: apoli:modifier
[21янв.2026 16:34:49.227] [main/DEBUG] [net.minecraftforge.registries.GameData/REGISTRIES]: Applying holder lookups: apoli:power_factory
[21янв.2026 16:34:49.228] [main/DEBUG] [net.minecraftforge.registries.GameData/REGISTRIES]: Holder lookups applied: apoli:power_factory
[21янв.2026 16:34:49.228] [main/DEBUG] [net.minecraftforge.registries.GameData/REGISTRIES]: Applying holder lookups: calio:player_ability
[21янв.2026 16:34:49.229] [main/DEBUG] [net.minecraftforge.registries.GameData/REGISTRIES]: Holder lookups applied: calio:player_ability
[21янв.2026 16:34:49.233] [main/DEBUG] [net.minecraftforge.registries.GameData/REGISTRIES]: Applying holder lookups: forge:biome_modifier_serializers
[21янв.2026 16:34:49.234] [main/DEBUG] [net.minecraftforge.registries.GameData/REGISTRIES]: Holder lookups applied: forge:biome_modifier_serializers
[21янв.2026 16:34:49.235] [main/DEBUG] [net.minecraftforge.registries.GameData/REGISTRIES]: Applying holder lookups: forge:display_contexts
[21янв.2026 16:34:49.235] [main/DEBUG] [net.minecraftforge.registries.GameData/REGISTRIES]: Holder lookups applied: forge:display_contexts
[21янв.2026 16:34:49.235] [main/DEBUG] [net.minecraftforge.registries.GameData/REGISTRIES]: Applying holder lookups: forge:entity_data_serializers
[21янв.2026 16:34:49.236] [main/DEBUG] [net.minecraftforge.registries.GameData/REGISTRIES]: Holder lookups applied: forge:entity_data_serializers
[21янв.2026 16:34:49.238] [main/DEBUG] [net.minecraftforge.registries.GameData/REGISTRIES]: Applying holder lookups: forge:fluid_type
[21янв.2026 16:34:49.239] [main/DEBUG] [net.minecraftforge.registries.GameData/REGISTRIES]: Holder lookups applied: forge:fluid_type
[21янв.2026 16:34:49.241] [main/DEBUG] [net.minecraftforge.registries.GameData/REGISTRIES]: Applying holder lookups: forge:global_loot_modifier_serializers
[21янв.2026 16:34:49.242] [main/DEBUG] [net.minecraftforge.registries.GameData/REGISTRIES]: Holder lookups applied: forge:global_loot_modifier_serializers
[21янв.2026 16:34:49.245] [main/DEBUG] [net.minecraftforge.registries.GameData/REGISTRIES]: Applying holder lookups: forge:holder_set_type
[21янв.2026 16:34:49.245] [main/DEBUG] [net.minecraftforge.registries.GameData/REGISTRIES]: Holder lookups applied: forge:holder_set_type
[21янв.2026 16:34:49.246] [main/DEBUG] [net.minecraftforge.registries.GameData/REGISTRIES]: Applying holder lookups: forge:structure_modifier_serializers
[21янв.2026 16:34:49.246] [main/DEBUG] [net.minecraftforge.registries.GameData/REGISTRIES]: Holder lookups applied: forge:structure_modifier_serializers
[21янв.2026 16:34:49.246] [main/DEBUG] [net.minecraftforge.registries.GameData/REGISTRIES]: Applying holder lookups: minecraft:worldgen/biome
[21янв.2026 16:34:49.247] [main/DEBUG] [net.minecraftforge.registries.GameData/REGISTRIES]: Holder lookups applied: minecraft:worldgen/biome
[21янв.2026 16:34:49.247] [main/DEBUG] [net.minecraftforge.registries.GameData/REGISTRIES]: Applying holder lookups: origins:badge_factory
[21янв.2026 16:34:49.248] [main/DEBUG] [net.minecraftforge.registries.GameData/REGISTRIES]: Holder lookups applied: origins:badge_factory
[21янв.2026 16:34:49.258] [main/DEBUG] [mixin/]: Mixing client.MinecraftMixin from fluffy_fur.mixins.json into net.minecraft.client.Minecraft
[21янв.2026 16:34:49.261] [main/DEBUG] [mixin/]: Mixing MinecraftClientMixin from apoli.mixins.json into net.minecraft.client.Minecraft
[21янв.2026 16:34:49.291] [main/DEBUG] [mixin/]: Mixing client.TitleScreenMixin from fluffy_fur.mixins.json into net.minecraft.client.gui.screens.TitleScreen
[21янв.2026 16:34:49.316] [main/DEBUG] [mixin/]: Mixing forge.ConfirmScreenMixin from apoli.mixins.json into net.minecraft.client.gui.screens.ConfirmScreen
[21янв.2026 16:34:49.325] [main/DEBUG] [mixin/]: Mixing InGameHudMixin from apoli.mixins.json into net.minecraft.client.gui.Gui
[21янв.2026 16:34:49.362] [main/DEBUG] [mixin/]: Mixing forge.ForgeGuiMixin from apoli.mixins.json into net.minecraftforge.client.gui.overlay.ForgeGui
[21янв.2026 16:34:49.393] [main/DEBUG] [net.minecraftforge.coremod.transformer.CoreModBaseTransformer/COREMOD]: Transforming net/minecraft/client/gui/screens/inventory/AbstractContainerScreen
[21янв.2026 16:34:49.400] [main/DEBUG] [mixin/]: Mixing forge.DeathScreenMixin from apoli.mixins.json into net.minecraft.client.gui.screens.DeathScreen
[21янв.2026 16:34:49.420] [main/INFO] [Calio/]: CDRM Initialized with 16 registries
[21янв.2026 16:34:49.421] [main/DEBUG] [net.minecraftforge.registries.GameData/REGISTRIES]: Applying holder lookups: origins:origins
[21янв.2026 16:34:49.421] [main/DEBUG] [net.minecraftforge.registries.GameData/REGISTRIES]: Holder lookups applied: origins:origins
[21янв.2026 16:34:49.423] [main/DEBUG] [mixin/]: Mixing common.ForgeHooksMixin from fluffy_fur.mixins.json into net.minecraftforge.common.ForgeHooks
[21янв.2026 16:34:49.426] [main/DEBUG] [mixin/]: Mixing forge.ForgeHooksMixin from apoli.mixins.json into net.minecraftforge.common.ForgeHooks
[21янв.2026 16:34:49.426] [main/DEBUG] [mixin/]: Renaming synthetic method lambda$ladder$0(Lnet/minecraft/core/BlockPos;)V to md37f1aa$lambda$ladder$0$0 in apoli.mixins.json:forge.ForgeHooksMixin
[21янв.2026 16:34:49.521] [main/WARN] [net.minecraft.server.packs.VanillaPackResourcesBuilder/]: Assets URL 'union:/C:/Users/Елена/.gradle/caches/forge_gradle/minecraft_user_repo/net/minecraftforge/forge/1.20.1-47.4.13_mapped_official_1.20.1/forge-1.20.1-47.4.13_mapped_official_1.20.1.jar%23191!/assets/.mcassetsroot' uses unexpected schema
[21янв.2026 16:34:49.522] [main/WARN] [net.minecraft.server.packs.VanillaPackResourcesBuilder/]: Assets URL 'union:/C:/Users/Елена/.gradle/caches/forge_gradle/minecraft_user_repo/net/minecraftforge/forge/1.20.1-47.4.13_mapped_official_1.20.1/forge-1.20.1-47.4.13_mapped_official_1.20.1.jar%23191!/data/.mcassetsroot' uses unexpected schema
[21янв.2026 16:34:49.552] [Worker-Main-1/DEBUG] [mixin/]: Mixing BiomeBuilderMixin from apoli.mixins.json into net.minecraft.world.level.biome.Biome$BiomeBuilder
[21янв.2026 16:34:49.653] [main/INFO] [net.minecraft.data.DataGenerator/]: Starting provider: Eidolon Chants
[21янв.2026 16:34:49.658] [main/INFO] [net.minecraft.data.DataGenerator/]: Eidolon Chants finished after 5 ms
[21янв.2026 16:34:49.658] [main/INFO] [net.minecraft.data.DataGenerator/]: All providers took: 6 ms
[21янв.2026 16:34:49.662] [main/INFO] [net.minecraft.data.HashCache/]: Caching: total files: 2, old count: 1, new count: 3, removed stale: 0, written: 1
